symptoms,age,sex,pregnant,temp,pulse,spo2,bp_sys,pain,condition,phrasing,priority
Inhaler for one week and body pains,40,male,0,97.9,80,96,117,,Asthma attack (mild),keyword,medium
Pain inside the ear and blocked feeling since an hour,1,male,0,,,,,,Ear pain,paraphrase,low
"Cannot move my leg, no breathing difficulty",45,female,0,,,,,9,Fracture,keyword,high
Severe head pain,1,female,0,98.8,79,96,132,,Severe migraine/headache,keyword,medium
My mother has temperature 103 with chills since last night,43,male,0,103.8,84,98,127,,High fever (>102°F),paraphrase,high
Patient complains of tummy pain,57,female,0,98.8,93,96,123,,Stomach pain (mild),keyword,low
Having cough bringing up green mucus since yesterday,54,male,0,,,,,6,Chest infection,paraphrase,medium
Child pulling at the ear and crying,2,female,0,98.4,97,98,110,2,Ear pain,paraphrase,low
Came with mild wheeze after climbing stairs since last night,22,male,0,,,,,6,Asthma attack (mild),paraphrase,medium
My daughter has bone is bent after the fall since morning,1,male,0,,,,,,Fracture,paraphrase,high
"Fitting for two days, slight headache",68,female,0,98.9,79,98,114,,Seizure,keyword,critical
My mother has cough bringing up green mucus for two days,1,male,0,99.4,81,97,152,7,Chest infection,paraphrase,medium
"Worst headache from evening, body pains",16,male,0,98.9,95,96,134,,Severe migraine/headache,keyword,medium
Having skin is itching after using a new soap from evening,27,female,0,,,,,,Skin allergy/rash,paraphrase,low
"Came for regular sugar test from evening, poor sleep",39,male,0,,,,,5,Routine check-up,paraphrase,low
"Breathing very fast and wheezing badly lips look dark for one week, slight headache",91,female,0,,,,,,Breathing difficulty,paraphrase,critical
Having head is pounding and light hurts the eyes from evening,27,male,0,,,,,8,Severe migraine/headache,paraphrase,medium
Came with kaichal for one week,33,female,0,100.7,79,96,116,,Mild fever,keyword,low
"My daughter has nasal congestion suddenly, no vomiting",35,female,0,97.1,83,98,153,,Cold & cough,keyword,low
"Speech became unclear suddenly since morning, a little nausea",36,male,0,98.6,78,87,103,9,Stroke signs,paraphrase,critical
"Chest tight and whistling sound when breathing since last night, slight headache",45,male,0,98.8,86,97,100,6,Asthma attack (mild),paraphrase,medium
My husband has temperature 103 with chills suddenly,15,female,0,,,,,7,High fever (>102°F),paraphrase,high
My father has burns on face and hands from a gas cylinder since an hour,27,female,0,99.8,40,94,116,,Severe burns / electric shock,paraphrase,critical
Stiff back since morning,39,female,0,,,,,1,Back pain,paraphrase,low
Came with need a fitness certificate since last night,15,male,0,,,,,,Routine check-up,paraphrase,low
Came with wheezing for one week,21,male,0,99.3,97,95,117,3,Asthma attack (mild),keyword,medium
Severe belly,1,male,0,100.2,67,98,70,,Severe abdominal pain,keyword,critical
Patient complains of pain while swallowing food since an hour,57,male,0,98.2,77,98,128,1,Sore throat,paraphrase,low
Broken leg,47,male,0,,,,,,Fracture,keyword,high
Patient complains of mild wheeze after climbing stairs since last night,92,male,0,98.8,75,95,118,,Asthma attack (mild),paraphrase,medium
Patient complains of worst head pain of my life since an hour,23,female,0,97.3,81,98,135,,Severe migraine/headache,paraphrase,medium
My daughter has sugar check,69,female,0,98.5,72,97,146,,Routine check-up,keyword,low
Came with fever touching 104 since yesterday since an hour,51,female,0,103.7,85,97,88,,High fever (>102°F),paraphrase,critical
My daughter has chest congestion since yesterday,66,female,0,,,,,,Chest infection,keyword,medium
My wife has severe abdomen for one week,37,female,0,98.6,41,99,134,6,Severe abdominal pain,keyword,high
"Patient complains of ear is aching since yesterday, no chest pain",81,female,0,98.4,86,98,133,1,Ear pain,paraphrase,low
Review visit,29,male,0,,,,,,Routine check-up,keyword,low
My grandmother has difficulty swallowing since last night,55,male,0,98.8,94,98,110,,Sore throat,keyword,low
My daughter has not feeling well since two days for three days,27,male,0,99.0,87,97,140,5,Unclassified complaint,unclassified,low
My mother has pulsating headache with nausea since morning from evening,27,female,0,,,,,,Severe migraine/headache,paraphrase,medium
Runny nose and sneezing since two days from evening,76,female,0,98.3,88,98,107,,Cold & cough,paraphrase,low
Patient complains of lost consciousness at home for one week,24,male,0,98.9,154,98,126,9,Unconscious / collapsed,paraphrase,critical
Came with abdominal pain since morning,36,female,0,,,,,,Stomach pain (mild),keyword,low
Having not able to breathe since morning,59,male,0,,,,,,Breathing difficulty,keyword,critical
Came with stiff back since morning since yesterday,54,male,0,,,,,5,Back pain,paraphrase,low
"Dizziness on standing from evening, a little nausea",38,female,0,98.7,107,97,133,1,Unclassified complaint,unclassified,low
Throat is raw since yesterday,30,male,0,,,,,4,Sore throat,paraphrase,low
Sharp pain near the heart with sweating,46,female,0,98.1,38,98,111,,Chest pain / suspected heart attack,paraphrase,critical
My husband has temperature from evening,45,male,0,,,,,4,Mild fever,keyword,low
Came with vaccination since an hour,75,female,0,98.4,84,97,134,,Routine check-up,keyword,low
"Having pain in the lower spine after lifting since yesterday, no chest pain",52,male,0,99.1,81,97,108,,Back pain,paraphrase,low
Having wheezing for three days,45,male,0,,,,,4,Asthma attack (mild),keyword,medium
Continuous vomiting and very thirsty since yesterday,44,female,0,98.5,99,96,125,8,Persistent vomiting,paraphrase,medium
Came with soaked three cloths with blood suddenly,55,male,0,,,,,,Severe bleeding,paraphrase,critical
Blood is gushing from the cut and body pains,62,male,0,99.0,79,97,112,,Severe bleeding,paraphrase,critical
Blocked nose and mild cough from evening and not eating well,66,male,0,,,,,,Cold & cough,paraphrase,low
Rolling on the floor with belly pain,64,male,0,97.9,94,97,108,,Severe abdominal pain,paraphrase,high
Came with unbearable stomach from evening,55,male,0,96.3,76,97,99,6,Severe abdominal pain,keyword,high
Child pulling at the ear and crying since yesterday,6,female,0,,,,,,Ear pain,paraphrase,low
Vomiting since for two days,21,female,0,99.0,84,97,119,,Persistent vomiting,keyword,medium
Back pain,36,male,0,,,,,1,Back pain,keyword,low
My son has chest infection since morning,35,male,0,98.1,71,97,104,3,Chest infection,keyword,medium
Came with red spots on the arms that itch since yesterday,49,male,0,,,,,4,Skin allergy/rash,paraphrase,low
Throat is raw since yesterday and poor sleep,13,male,0,97.6,69,96,99,,Sore throat,paraphrase,low
Patient complains of need a fitness certificate suddenly,47,male,0,98.2,83,90,103,,Routine check-up,paraphrase,high
Throat is raw since yesterday,31,female,0,,,,,,Sore throat,paraphrase,low
Patient complains of sleep problems since last night,31,female,0,,,,,2,Unclassified complaint,unclassified,low
"My father has vomiting many times for one week, not unconscious",69,female,0,97.7,89,97,132,,Persistent vomiting,keyword,medium
Tonsil,36,female,0,,,,,,Sore throat,keyword,low
"Came with allergy for one week, not unconscious",53,female,0,99.0,85,97,126,,Skin allergy/rash,keyword,low
"Allergy since an hour, poor sleep",67,male,0,,,,,,Skin allergy/rash,keyword,low
Came with cough for three days,55,male,0,98.6,101,97,124,,Cold & cough,keyword,low
My father has stomach is rock hard and paining terribly since an hour,29,male,0,98.5,88,97,142,,Severe abdominal pain,paraphrase,high
Inhaler and poor sleep,52,female,0,,,,,,Asthma attack (mild),keyword,medium
Very high fever for three days,86,male,0,103.2,91,96,129,,High fever (>102°F),keyword,high
Gasping for air for two days and body pains,55,female,0,98.8,85,98,120,,Breathing difficulty,paraphrase,critical
Eczema since an hour,29,female,0,,,,,5,Skin allergy/rash,keyword,low
"Cough bringing up green mucus since an hour, mild cough",74,male,0,,,,,4,Chest infection,paraphrase,medium
Patient complains of stomach ache since an hour,61,female,0,99.0,84,98,164,4,Stomach pain (mild),keyword,low
Patient complains of had a fit and bit the tongue,59,female,0,98.5,94,80,125,,Seizure,paraphrase,critical
Red patches on the back suddenly and feeling tired,50,female,0,,,,,,Skin allergy/rash,paraphrase,low
"Patient complains of high fever , not unconscious",37,male,0,,,,,,High fever (>102°F),keyword,high
Came with broken arm since morning,62,male,0,,,,,,Fracture,keyword,high
Excruciating pain in the abdomen since night since morning and slight headache,55,male,0,98.3,87,98,113,8,Severe abdominal pain,paraphrase,high
Patient complains of belly pain,48,female,0,98.4,94,99,119,2,Stomach pain (mild),keyword,low
Having cannot put weight on the ankle after twisting it for one week,32,female,0,98.1,73,97,143,,Fracture,paraphrase,high
Fever touching 104 since yesterday for one week,33,female,0,102.5,65,96,140,10,High fever (>102°F),paraphrase,high
Burns severe from evening and mild cough,49,male,0,,,,,9,Severe burns / electric shock,keyword,critical
"Came with fever touching 104 since yesterday from evening, no vomiting",61,female,0,103.6,85,98,119,6,High fever (>102°F),paraphrase,high
Having severe tummy suddenly,46,female,0,,,,,,Severe abdominal pain,keyword,high
Burning hot body and shivering since two days since yesterday and feeling tired,55,female,0,102.6,76,97,157,,High fever (>102°F),paraphrase,high
Routine suddenly,40,female,0,,,,,,Routine check-up,keyword,low
Came with pain while swallowing food suddenly,81,female,0,98.5,93,95,126,,Sore throat,paraphrase,low
Came with bronchitis since morning,24,female,0,,,,,6,Chest infection,keyword,medium
Severe head pain,59,male,0,98.5,92,97,148,,Severe migraine/headache,keyword,medium
Keep vomiting,41,male,0,99.3,83,97,131,3,Persistent vomiting,keyword,medium
Worst head pain of my life since yesterday and slight headache,36,female,0,99.8,94,98,124,4,Severe migraine/headache,paraphrase,medium
My daughter has throat irritation and cold since yesterday,69,female,0,98.6,76,99,114,,Cold & cough,paraphrase,low
"Patient complains of used the puffer twice, still a bit tight since yesterday",35,female,0,97.8,80,97,100,,Asthma attack (mild),paraphrase,medium
Seizure,68,female,0,98.7,76,85,100,,Seizure,keyword,critical
Patient complains of follow up for three days,49,female,0,98.2,79,95,126,4,Routine check-up,keyword,low
My father has cannot move my leg suddenly,55,female,0,97.6,67,96,151,8,Fracture,keyword,high
Came with low grade temperature and body pains for two days,33,female,1,100.7,69,96,123,,Mild fever,paraphrase,low
Came with very bad stomach pain since yesterday,32,male,0,100.1,74,98,113,,Severe abdominal pain,keyword,high
Need to collect my monthly medicines since morning,43,male,0,98.5,91,98,118,,Routine check-up,paraphrase,low
My grandmother has fever touching 104 since yesterday from evening,24,male,0,,,,,,High fever (>102°F),paraphrase,high
Patient complains of pulsating headache with nausea since morning since morning,36,female,0,98.5,96,98,138,,Severe migraine/headache,paraphrase,medium
My mother has asthma since morning,18,male,0,98.0,90,99,106,,Asthma attack (mild),keyword,medium
Patient complains of high fever from evening,26,male,0,,,,,9,High fever (>102°F),keyword,high
Came with burning with fever since morning,48,male,0,103.2,70,98,128,10,High fever (>102°F),keyword,high
Temperature 103 with chills,28,male,0,,,,,,High fever (>102°F),paraphrase,high
"Throat infection for three days, feeling tired",57,male,0,98.6,87,98,115,,Sore throat,keyword,low
My mother has stomach ache since morning,52,female,0,,,,,3,Stomach pain (mild),keyword,low
My daughter has vomited blood for one week,38,female,0,97.0,121,96,150,,Severe bleeding,keyword,critical
Having very high fever for two days,40,female,0,103.1,139,98,115,10,High fever (>102°F),keyword,critical
"Asthma since an hour, mild cough",56,male,0,96.4,87,97,120,,Asthma attack (mild),keyword,medium
"Rolling on the floor with belly pain, no breathing difficulty",30,male,0,99.1,87,99,99,,Severe abdominal pain,paraphrase,high
Having heard a crack in the wrist and it is swollen for two days,50,male,0,98.8,88,100,134,,Fracture,paraphrase,high
Low grade temperature and body pains,38,female,0,100.6,70,96,112,,Mild fever,paraphrase,low
Having back is aching while bending since an hour,76,male,0,,,,,,Back pain,paraphrase,low
Pain in the lower spine after lifting since morning and feeling tired,22,male,0,,,,,1,Back pain,paraphrase,low
Having can't stop vomiting since an hour,53,male,0,98.7,75,96,151,4,Persistent vomiting,keyword,medium
Came with bad headache for two days,56,female,0,99.0,69,98,132,,Severe migraine/headache,keyword,medium
Having chills since yesterday,53,male,0,,,,,2,Mild fever,keyword,low
My father has snake bite,33,male,0,,,,,,Poisoning / bite / overdose,keyword,critical
Patient complains of found lying on the floor not answering since an hour,33,female,0,97.9,90,97,131,7,Unconscious / collapsed,paraphrase,critical
"Dizziness on standing for two days, feeling tired",17,male,0,98.1,98,97,134,4,Unclassified complaint,unclassified,low
Cannot put weight on the ankle after twisting it for two days,25,male,0,,,,,10,Fracture,paraphrase,high
Patient complains of temperature 103 with chills from evening,39,male,0,,,,,8,High fever (>102°F),paraphrase,high
"Drank floor cleaner for three days, slight headache",49,female,0,,,,,,Poisoning / bite / overdose,paraphrase,critical
Came with temperature 103 with chills since last night,12,female,0,104.3,95,97,126,10,High fever (>102°F),paraphrase,high
Patient complains of epileptic attack,32,female,0,98.0,50,96,99,8,Seizure,keyword,critical
Patient complains of feeling feverish since evening for three days,20,female,0,,,,,,Mild fever,paraphrase,low
Came with phlegm since an hour,2,male,0,,,,,,Chest infection,keyword,medium
My father has bone is bent after the fall suddenly,8,female,0,,,,,5,Fracture,paraphrase,high
"General weakness, no breathing difficulty",23,male,0,98.5,83,95,116,,Unclassified complaint,unclassified,low
Having pulsating headache with nausea since morning from evening,55,male,0,98.4,78,95,128,,Severe migraine/headache,paraphrase,medium
"Patient complains of ear is aching from evening, not unconscious",58,male,0,98.2,95,97,134,,Ear pain,paraphrase,low
Having phlegm for three days,19,female,0,99.8,88,96,114,8,Chest infection,keyword,medium
"Rolling on the floor with belly pain , mild cough",42,male,0,100.2,75,98,131,6,Severe abdominal pain,paraphrase,high
Patient complains of continuous vomiting and very thirsty,63,male,0,,,,,,Persistent vomiting,paraphrase,medium
Pain inside the ear and blocked feeling since last night and a little nausea,50,male,0,,,,,,Ear pain,paraphrase,low
My mother has follow up visit for blood pressure suddenly,38,male,0,100.5,71,97,113,,Routine check-up,paraphrase,low
Came with neck pain for one week,33,female,0,,,,,,Back pain,keyword,low
Came with high temperature suddenly,32,male,0,,,,,,High fever (>102°F),keyword,high
Came with snake bitten since last night,88,male,0,97.4,104,89,101,8,Poisoning / bite / overdose,keyword,critical
Diarrhea since morning and not eating well,37,male,0,99.5,79,97,110,,Stomach pain (mild),keyword,low
My neighbour has red spots on the arms that itch,24,female,0,,,,,,Skin allergy/rash,paraphrase,low
Patient complains of arm looks deformed after falling from the bike since an hour,56,male,0,,,,,,Fracture,paraphrase,high
"Swollen throat from evening, a little nausea",21,female,0,,,,,,Severe allergic reaction,keyword,critical
"Severe head pain for two days, not eating well",34,male,0,98.6,85,96,101,,Severe migraine/headache,keyword,medium
Temperature 103 with chills for three days and poor sleep,46,female,0,102.8,87,98,120,,High fever (>102°F),paraphrase,high
Patient complains of child pulling at the ear and crying for one week,22,female,0,98.7,75,97,98,,Ear pain,paraphrase,low
"Skin is itching after using a new soap, no bleeding",61,male,0,,,,,5,Skin allergy/rash,paraphrase,low
Blood pressure check for two days and not eating well,28,female,0,97.9,74,96,129,,Routine check-up,keyword,low
Patient complains of loose motion from evening,49,female,0,98.4,89,97,129,,Stomach pain (mild),keyword,low
Face drooping since morning and feeling tired,44,female,0,98.6,83,95,102,,Stroke signs,keyword,critical
My husband has ate some unknown seeds and is drowsy since yesterday,22,male,0,,,,,10,Poisoning / bite / overdose,paraphrase,critical
"Vomiting diarrhoea for one week, feeling tired",62,male,0,98.9,93,98,119,7,Persistent vomiting,keyword,medium
"Came with unbearable pain in the lower right side of the tummy for three days, no bleeding",56,female,0,,,,,,Severe abdominal pain,paraphrase,high
My daughter has pain in the lower spine after lifting for two days,18,male,0,98.3,86,96,136,,Back pain,paraphrase,low
Came with throat is raw since yesterday from evening,59,female,0,,,,,,Sore throat,paraphrase,low
Came with blood pressure check for one week,61,female,0,97.5,78,99,119,,Routine check-up,keyword,low
Came with chest tight and whistling sound when breathing for three days,58,female,0,,,,,6,Asthma attack (mild),paraphrase,medium
Productive cough since last night and a little nausea,21,male,0,,,,,8,Chest infection,keyword,medium
Patient complains of temperature from evening,56,female,0,100.6,93,96,149,,Mild fever,keyword,low
"Temperature 103 with chills for two days, slight headache",56,male,0,102.4,152,96,132,,High fever (>102°F),paraphrase,critical
Acidity,51,male,0,98.7,81,96,117,4,Stomach pain (mild),keyword,low
Having feverish for three days,28,female,0,,,,,,Mild fever,keyword,low
Throat is raw since yesterday since last night and poor sleep,60,male,0,,,,,,Sore throat,paraphrase,low
Burning hot body and shivering since two days,46,male,0,,,,,6,High fever (>102°F),paraphrase,high
Worst head pain of my life suddenly and a little nausea,48,female,0,99.5,86,95,149,,Severe migraine/headache,paraphrase,medium
Having backache,5,male,0,,,,,,Back pain,keyword,low
Repeated vomiting for one week,42,female,0,97.7,65,98,124,,Persistent vomiting,keyword,medium
Came with burning hot body and shivering since two days since morning,41,female,0,102.5,83,96,132,8,High fever (>102°F),paraphrase,high
Stomach pain and a little nausea,26,female,0,,,,,1,Stomach pain (mild),keyword,low
Came with breathless for one week,47,female,0,98.2,91,96,114,,Breathing difficulty,keyword,critical
Came with unable to breathe suddenly,66,male,0,99.1,35,99,113,,Breathing difficulty,keyword,critical
Loose stools since morning for three days and not eating well,58,female,0,,,,,1,Stomach pain (mild),paraphrase,low
Came with cannot move my leg,63,female,0,98.8,88,95,119,,Fracture,keyword,high
Patient complains of runny nose and sneezing since two days for three days,55,male,0,98.7,86,94,144,,Cold & cough,paraphrase,low
Came with sharp pain near the heart with sweating,12,female,0,,,,,,Chest pain / suspected heart attack,paraphrase,critical
"Patient complains of slightly warm body and tired for two days, no fever",73,male,0,101.1,71,99,139,,Mild fever,paraphrase,low
Having vaccination since last night,35,male,0,98.3,82,95,101,4,Routine check-up,keyword,low
Came with knife injury to the stomach for three days,9,female,0,98.4,75,97,140,,Major trauma,paraphrase,critical
Having back pain since last night,45,female,0,97.9,93,97,93,4,Back pain,keyword,low
Having broken bone,28,female,0,97.7,78,96,126,,Fracture,keyword,high
Mild wheeze after climbing stairs,48,male,0,,,,,,Asthma attack (mild),paraphrase,medium
Came with check-up since yesterday,16,male,0,98.5,65,97,135,3,Routine check-up,keyword,low
Throwing up everything I eat since yesterday from evening and not eating well,42,female,0,,,,,5,Persistent vomiting,paraphrase,medium
Gasping for air for two days,26,female,0,,,,,,Breathing difficulty,paraphrase,critical
"Stabbed, no bleeding",52,male,0,98.7,87,78,126,7,Major trauma,keyword,critical
"Severe abdominal pain since an hour, not eating well, no bleeding",55,male,0,98.0,89,98,130,5,Severe abdominal pain,keyword,high
Came with child stiffened and shook for five minutes from evening,34,male,0,98.2,137,96,107,8,Seizure,paraphrase,critical
Having itchy,73,male,0,,,,,5,Skin allergy/rash,keyword,low
"Broken wrist for one week and not eating well, no chest pain",69,female,0,,,,,7,Fracture,keyword,high
Came with migraine since an hour,42,male,0,99.3,75,99,103,,Severe migraine/headache,keyword,medium
"Temperature from evening, mild cough",41,female,0,99.5,82,97,121,,Mild fever,keyword,low
Keeps vomiting,19,female,0,,,,,,Persistent vomiting,keyword,medium
Breathing very fast and wheezing badly lips look dark for one week,29,female,0,,,,,8,Breathing difficulty,paraphrase,critical
Came with difficulty swallowing from evening,38,female,0,98.6,86,99,111,,Sore throat,keyword,low
Came with feeling feverish since evening since an hour,33,male,0,,,,,4,Mild fever,paraphrase,low
Patient complains of low grade temperature and body pains since an hour,42,female,1,,,,,,Mild fever,paraphrase,low
Came with kaichal for one week,37,female,0,,,,,,Mild fever,keyword,low
"Having cannot keep even water down since last night, no breathing difficulty",55,female,0,,,,,6,Persistent vomiting,paraphrase,low
Vomiting since last night,29,male,0,99.3,90,98,132,,Stomach pain (mild),keyword,low
My son has bukhar since last night,34,male,0,100.2,83,97,133,5,Mild fever,keyword,low
Wheezing,25,male,0,,,,,8,Asthma attack (mild),keyword,medium
Acidity for three days and body pains,78,female,0,,,,,,Stomach pain (mild),keyword,low
"Cough with yellow sputum and fever since morning, slight headache",67,female,0,,,,,,Chest infection,paraphrase,medium
Having temperature from evening,32,male,0,,,,,,Mild fever,keyword,low
Having lower back for three days,6,female,0,99.6,92,99,149,2,Back pain,keyword,low
Having tummy ache suddenly,84,male,0,,,,,2,Stomach pain (mild),keyword,low
My husband has fainting since last night,42,female,0,99.3,93,97,110,,Unconscious / collapsed,keyword,critical
"Mild ache in the tummy after food for three days, not eating well",73,male,0,,,,,,Stomach pain (mild),paraphrase,low
Stomach paining a lot,45,female,0,,,,,,Severe abdominal pain,keyword,high
"Acidity since morning, poor sleep",83,male,0,,,,,,Stomach pain (mild),keyword,low
Having severe belly for three days,38,male,0,99.3,72,98,123,,Severe abdominal pain,keyword,high
Having blocked nose and mild cough since an hour,59,male,0,99.3,85,95,115,5,Cold & cough,paraphrase,low
Chest tight and whistling sound when breathing for two days and not eating well,33,female,0,98.2,74,98,109,,Asthma attack (mild),paraphrase,medium
Having swollen throat since last night,36,female,0,98.4,43,97,132,9,Severe allergic reaction,keyword,critical
Came with eczema since yesterday,1,female,0,,,,,,Skin allergy/rash,keyword,low
My grandmother has pain inside the ear and blocked feeling from evening,8,male,0,98.2,87,97,114,3,Ear pain,paraphrase,low
"Routine , poor sleep, no vomiting",56,male,0,98.5,96,97,124,,Routine check-up,keyword,low
"Chest tight and whistling sound when breathing from evening, mild cough",46,male,0,98.5,133,97,131,,Asthma attack (mild),paraphrase,critical
My daughter has feels like an elephant sitting on my chest since yesterday,25,male,0,98.5,90,96,132,,Chest pain / suspected heart attack,paraphrase,critical
Came with severe headache from evening,47,male,0,,,,,7,Severe migraine/headache,keyword,medium
Having black tarry stools and feeling faint for one week,31,female,0,98.8,82,78,105,,Severe bleeding,paraphrase,critical
Sudden loss of balance and blurred vision since last night,54,female,0,98.7,48,96,134,,Stroke signs,paraphrase,critical
Spine pain for three days,47,male,0,,,,,,Back pain,keyword,low
My father has wheezing suddenly,71,male,0,98.5,84,98,128,,Asthma attack (mild),keyword,medium
Patient complains of ate some unknown seeds and is drowsy from evening,45,male,0,98.4,81,98,95,,Poisoning / bite / overdose,paraphrase,critical
Lost consciousness at home for one week and mild cough,58,female,0,98.0,69,98,105,8,Unconscious / collapsed,paraphrase,critical
"Throat irritation and cold for three days, poor sleep",59,female,0,97.5,69,98,112,5,Cold & cough,paraphrase,low
Having acute abdomen since morning,23,male,0,99.8,92,96,138,,Severe abdominal pain,keyword,high
Patient complains of continuous vomiting since an hour,7,female,0,98.4,65,97,147,,Persistent vomiting,keyword,medium
Patient complains of low grade temperature and body pains since yesterday,59,male,0,100.7,68,98,106,5,Mild fever,paraphrase,low
My mother has cannot move my leg since yesterday,33,female,0,97.9,145,99,142,,Fracture,keyword,critical
My grandmother has shortness of breath since last night,22,female,0,99.2,75,91,141,,Breathing difficulty,keyword,critical
"Cold for one week, mild cough",42,female,0,99.0,92,97,114,,Cold & cough,keyword,low
Came with wheezing since last night,50,female,0,98.6,85,97,135,,Asthma attack (mild),keyword,medium
My wife has face swelling allergy for three days,34,female,0,99.0,75,80,95,,Severe allergic reaction,keyword,critical
Burning in the stomach after spicy food,12,female,0,97.3,93,98,132,,Stomach pain (mild),paraphrase,low
Having inhaler since yesterday,35,male,0,99.8,70,98,137,5,Asthma attack (mild),keyword,medium
My father has throwing up everything I eat since yesterday since yesterday,70,male,0,99.2,82,99,124,6,Persistent vomiting,paraphrase,medium
Feeling feverish since evening since morning,52,female,0,,,,,,Mild fever,paraphrase,low
Chest tight and whistling sound when breathing,53,male,0,98.0,105,99,128,,Asthma attack (mild),paraphrase,medium
"My grandmother has heard a crack in the wrist and it is swollen since an hour, no chest pain",29,female,0,98.6,85,95,123,,Fracture,paraphrase,high
"Burning hot body and shivering since two days for one week, mild cough",31,female,0,103.6,88,96,111,,High fever (>102°F),paraphrase,high
Knife injury to the stomach for three days,56,male,0,99.4,81,97,82,7,Major trauma,paraphrase,critical
Arm looks deformed after falling from the bike since yesterday and poor sleep,42,male,0,98.9,95,98,156,,Fracture,paraphrase,high
Came with bone is bent after the fall from evening,16,male,0,97.6,38,96,126,,Fracture,paraphrase,critical
"Chest congestion since last night and poor sleep, no breathing difficulty",1,male,0,,,,,,Chest infection,keyword,medium
Swelling throat since morning,28,female,0,97.4,142,96,124,,Severe allergic reaction,keyword,critical
"Ear infection for one week, feeling tired",1,male,0,98.3,75,97,124,1,Ear pain,keyword,low
Very hot to touch and rigors at night,29,male,0,103.4,76,98,132,,High fever (>102°F),paraphrase,high
Having pain inside the ear and blocked feeling,6,female,0,98.9,90,96,115,,Ear pain,paraphrase,low
Patient complains of asthma suddenly,36,female,0,98.8,76,97,146,,Asthma attack (mild),keyword,medium
Found lying on the floor not answering since morning,65,male,0,98.3,77,88,126,6,Unconscious / collapsed,paraphrase,critical
"Air hunger, cannot talk in full sentences",43,female,0,,,,,6,Breathing difficulty,paraphrase,critical
My mother has allergy since morning,42,male,0,96.9,70,97,124,3,Skin allergy/rash,keyword,low
My neighbour has high fever suddenly,53,female,0,104.2,157,96,109,,High fever (>102°F),keyword,critical
Cough with sputum,15,male,0,,,,,8,Chest infection,keyword,medium
"Broken bone since last night, feeling tired",56,male,0,99.2,39,96,133,,Fracture,keyword,critical
Having pain inside the ear and blocked feeling suddenly,9,female,0,,,,,,Ear pain,paraphrase,low
"Came with used the puffer twice, still a bit tight for two days",66,male,0,98.7,76,96,93,,Asthma attack (mild),paraphrase,medium
"Low grade temperature and body pains for three days and feeling tired, no vomiting",39,female,0,101.3,79,98,134,,Mild fever,paraphrase,low
Pain in my ear since last night and slight headache,37,male,0,,,,,,Ear pain,keyword,low
My son has lower back from evening,52,male,0,,,,,,Back pain,keyword,low
Broken leg from evening,34,female,0,,,,,,Fracture,keyword,high
Patient complains of blocked nose and mild cough suddenly,48,male,0,98.1,93,97,134,1,Cold & cough,paraphrase,low
My wife has very high fever for one week,39,female,0,103.5,84,98,110,,High fever (>102°F),keyword,high
"Swallowed chemical since yesterday, slight headache",56,male,0,,,,,,Poisoning / bite / overdose,keyword,critical
"Came with feeling tired and weak for one week, not unconscious",1,male,0,97.3,97,96,104,,Unclassified complaint,unclassified,low
Chesty cough for a week for three days and mild cough,74,female,0,97.9,82,98,133,,Chest infection,paraphrase,medium
Broken ankle for one week and poor sleep,31,male,0,,,,,9,Fracture,keyword,high
Lower back for three days,37,female,0,99.6,86,100,89,,Back pain,keyword,critical
Having feeling feverish since evening from evening,36,female,0,,,,,,Mild fever,paraphrase,low
"My father has splitting headache suddenly, no bleeding",21,male,0,98.4,60,98,125,3,Severe migraine/headache,keyword,medium
"Slightly warm body and tired since last night, body pains",18,male,0,99.7,91,95,139,,Mild fever,paraphrase,low
Pain while swallowing food from evening and mild cough,12,female,0,98.1,90,98,126,,Sore throat,paraphrase,medium
Had a fit and bit the tongue,56,female,0,,,,,,Seizure,paraphrase,critical
Tonsil since morning,30,male,0,99.0,79,97,138,2,Sore throat,keyword,low
Patient complains of throat is raw since yesterday since last night,58,female,0,97.9,88,98,114,,Sore throat,paraphrase,low
High temperature from evening,44,female,0,102.9,80,96,135,,High fever (>102°F),keyword,high
Patient complains of allergy for one week,42,female,0,99.2,73,98,99,,Skin allergy/rash,keyword,low
Severe abdomen suddenly,74,male,0,,,,,,Severe abdominal pain,keyword,high
"Sneezing from evening, a little nausea",49,male,0,,,,,,Cold & cough,keyword,low
Patient complains of fracture since last night,1,male,0,97.7,77,96,103,10,Fracture,keyword,high
"Backache since morning, a little nausea",24,female,1,98.8,91,96,130,,Back pain,keyword,low
"Stiff back since morning for three days, a little nausea",53,female,0,98.4,82,97,110,,Back pain,paraphrase,low
My father has drank floor cleaner,40,female,0,,,,,7,Poisoning / bite / overdose,paraphrase,critical
Patient complains of pesticide for one week,57,female,0,98.8,92,95,72,8,Poisoning / bite / overdose,keyword,critical
Cough with yellow sputum and fever,49,female,0,99.8,77,96,121,,Chest infection,paraphrase,medium
My father has chest tight and whistling sound when breathing for three days,32,male,0,,,,,,Asthma attack (mild),paraphrase,medium
My father has fever touching 104 since yesterday for one week,24,male,0,,,,,,High fever (>102°F),paraphrase,high
Dizziness on standing,29,female,0,,,,,,Unclassified complaint,unclassified,low
Came with fever touching 104 since yesterday from evening,23,female,0,102.8,68,95,98,,High fever (>102°F),paraphrase,high
Came with high temperature for one week,45,female,0,,,,,,High fever (>102°F),keyword,high
My daughter has gasping for air since morning,9,male,0,98.6,49,97,154,,Breathing difficulty,paraphrase,critical
"Red patches on the back since morning, feeling tired",1,female,0,99.0,91,97,111,,Skin allergy/rash,paraphrase,low
Having pain inside the ear and blocked feeling suddenly,5,male,0,98.2,78,99,103,,Ear pain,paraphrase,low
Having appendicitis for three days,26,female,0,,,,,7,Severe abdominal pain,keyword,high
Came with throwing up everything I eat since yesterday for three days,52,female,0,98.1,90,97,116,3,Persistent vomiting,paraphrase,medium
Spine pain,53,female,0,99.7,93,97,124,,Back pain,keyword,low
Having unbearable abdominal suddenly,6,female,0,,,,,8,Severe abdominal pain,keyword,high
"Came for regular sugar test for two days, not eating well",25,female,0,98.5,89,97,153,,Routine check-up,paraphrase,low
Patient complains of broken wrist since morning,53,female,0,,,,,,Fracture,keyword,high
"Excruciating pain in the abdomen since night for one week, no fever",52,female,0,98.3,94,99,104,,Severe abdominal pain,paraphrase,high
Child pulling at the ear and crying since morning and body pains,49,female,0,98.5,75,99,154,,Ear pain,paraphrase,low
My son has mild wheeze after climbing stairs since last night,33,female,0,98.5,99,98,132,8,Asthma attack (mild),paraphrase,medium
Came with arm looks deformed after falling from the bike suddenly,46,female,0,99.5,83,96,113,10,Fracture,paraphrase,high
"My son has pain while swallowing food since morning, no chest pain",92,male,0,,,,,2,Sore throat,paraphrase,low
High fever since yesterday and body pains,44,male,0,,,,,,High fever (>102°F),keyword,high
Fever touching 104 since yesterday,46,female,0,,,,,,High fever (>102°F),paraphrase,high
Patient complains of stomach is rock hard and paining terribly since yesterday,56,female,0,99.0,116,96,109,9,Severe abdominal pain,paraphrase,high
Chest congestion,55,female,0,98.6,78,98,130,8,Chest infection,keyword,medium
Patient complains of worst headache since yesterday,50,male,0,,,,,,Severe migraine/headache,keyword,medium
Fitting suddenly,8,male,0,,,,,,Seizure,keyword,critical
Fever touching 104 since yesterday for two days and mild cough,73,male,0,102.7,89,98,125,,High fever (>102°F),paraphrase,critical
Vomited ten times since morning for one week,50,female,0,98.6,96,97,129,6,Persistent vomiting,paraphrase,medium
Scratchy throat and painful to swallow suddenly,44,female,0,,,,,4,Sore throat,paraphrase,low
Patient complains of hit by bike,28,male,0,98.4,49,96,130,10,Major trauma,keyword,critical
Came with ear is aching for one week,30,female,0,,,,,2,Ear pain,paraphrase,low
Having cough bringing up green mucus suddenly,60,female,0,97.7,145,97,102,,Chest infection,paraphrase,critical
Mild wheeze after climbing stairs since last night,28,female,0,,,,,5,Asthma attack (mild),paraphrase,medium
Throbbing pain on one side of the head with vomiting since last night and poor sleep,68,female,0,,,,,,Severe migraine/headache,paraphrase,medium
"Nasal congestion suddenly, poor sleep",27,male,0,98.4,83,96,204,,Cold & cough,keyword,high
Having pain while swallowing food for two days,40,female,0,,,,,,Sore throat,paraphrase,low
"Stomach is rock hard and paining terribly since yesterday, no fever",46,male,0,,,,,5,Severe abdominal pain,paraphrase,high
"Fever touching 104 since yesterday and not eating well, no chest pain",56,female,0,103.7,79,97,138,,High fever (>102°F),paraphrase,high
"Throwing up everything I eat since yesterday since last night, poor sleep, no bleeding",24,male,0,98.4,143,96,98,,Persistent vomiting,paraphrase,critical
Having feverish since last night,18,male,0,99.7,66,98,110,,Mild fever,keyword,low
Patient complains of had a fit and bit the tongue suddenly,56,male,0,99.8,152,97,135,,Seizure,paraphrase,critical
Having deep cut on the leg bleeding non stop from evening,28,male,0,99.3,89,98,124,,Severe bleeding,paraphrase,critical
Having need a fitness certificate suddenly,9,male,0,98.2,70,99,118,,Routine check-up,paraphrase,low
Slightly warm body and tired,41,female,0,,,,,,Mild fever,paraphrase,low
Continuous vomiting and very thirsty,24,female,0,96.8,91,98,122,8,Persistent vomiting,paraphrase,medium
Came with pain in my ear since morning,10,female,0,98.4,86,98,132,5,Ear pain,keyword,low
Eyes rolled up and became limp,43,female,0,97.5,74,94,114,,Unconscious / collapsed,paraphrase,critical
My daughter has temperature suddenly,57,female,0,,,,,,Mild fever,keyword,low
Patient complains of acute abdomen since an hour,46,male,0,,,,,,Severe abdominal pain,keyword,high
Having snake bitten suddenly,18,female,0,,,,,,Poisoning / bite / overdose,keyword,critical
Routine since an hour,34,female,0,99.4,63,96,125,,Routine check-up,keyword,low
Vomiting many times,17,female,0,98.2,70,97,119,,Persistent vomiting,keyword,medium
"Having bone is bent after the fall from evening, no bleeding",35,male,0,,,,,,Fracture,paraphrase,high
Came with ear infection suddenly,23,female,0,97.3,82,96,137,2,Ear pain,keyword,low
"Pain in the lower spine after lifting for three days, a little nausea, no vomiting",35,female,0,,,,,,Back pain,paraphrase,low
Came with back is aching while bending since yesterday,48,male,0,,,,,,Back pain,paraphrase,low
Chesty cough for a week,8,female,0,97.8,100,98,110,,Chest infection,paraphrase,medium
"Slightly warm body and tired , not eating well",22,female,0,100.8,78,97,140,4,Mild fever,paraphrase,low
Lost consciousness at home for two days,22,female,0,97.6,84,97,113,,Unconscious / collapsed,paraphrase,critical
"Child pulling at the ear and crying for two days, poor sleep",37,female,0,98.8,101,98,125,,Ear pain,paraphrase,low
"Rolling on the floor with belly pain for two days, slight headache",38,female,0,98.0,93,96,123,,Severe abdominal pain,paraphrase,high
Came with bukhar since an hour,61,male,0,100.4,84,97,108,,Mild fever,keyword,low
My neighbour has ear is aching for three days,63,male,0,,,,,,Ear pain,paraphrase,low
Came with cannot keep even water down for three days,25,male,0,99.0,78,97,97,,Persistent vomiting,paraphrase,medium
Patient complains of pain while swallowing food from evening,38,female,0,,,,,,Sore throat,paraphrase,low
My grandmother has feeling feverish since evening since yesterday,26,male,0,100.3,69,97,122,2,Mild fever,paraphrase,low
Having ear is aching suddenly,3,female,0,,,,,2,Ear pain,paraphrase,low
Came with sleep problems since last night,20,female,0,98.1,87,97,107,5,Unclassified complaint,unclassified,low
Vomited ten times since morning for three days and poor sleep,29,female,0,,,,,8,Persistent vomiting,paraphrase,medium
Head is pounding and light hurts the eyes since last night and poor sleep,42,female,0,,,,,,Severe migraine/headache,paraphrase,medium
Patient complains of continuous vomiting and very thirsty since last night,51,female,0,98.0,78,97,107,,Persistent vomiting,paraphrase,medium
"Abdomen pain for one week, mild cough",92,female,0,,,,,,Stomach pain (mild),keyword,low
Having jerking movements and foam from mouth for two days,51,female,0,98.3,82,99,122,8,Seizure,paraphrase,critical
Patient complains of diarrhea,25,male,0,98.2,97,97,130,,Stomach pain (mild),keyword,low
Having head hit the road hard and vomiting since an hour,51,male,0,97.9,137,96,128,,Major trauma,paraphrase,critical
Having arm looks deformed after falling from the bike suddenly,32,female,0,98.2,83,97,125,,Fracture,paraphrase,high
"Pain in the lower spine after lifting since yesterday, poor sleep",61,male,0,98.7,74,96,123,,Back pain,paraphrase,low
My wife has need to collect my monthly medicines for two days,58,male,0,98.4,88,96,143,4,Routine check-up,paraphrase,low
My husband has cannot keep even water down for one week,32,male,0,98.1,89,97,104,8,Persistent vomiting,paraphrase,medium
Patient complains of throat pain from evening,40,female,0,,,,,3,Sore throat,keyword,low
"Review visit since an hour, mild cough",51,female,0,98.4,92,97,136,1,Routine check-up,keyword,low
"Back ache for two days, a little nausea",51,male,0,99.5,69,96,139,5,Back pain,keyword,low
"Arm looks deformed after falling from the bike, no vomiting",50,male,0,,,,,,Fracture,paraphrase,high
Struggling for breath since an hour,14,female,0,98.6,38,98,114,,Breathing difficulty,paraphrase,critical
"Vomiting since since an hour, not eating well, no bleeding",53,female,0,,,,,,Persistent vomiting,keyword,medium
Chest tight and whistling sound when breathing since an hour,50,male,0,,,,,,Asthma attack (mild),paraphrase,medium
"Rolling on the floor with belly pain from evening, body pains",51,female,0,99.2,76,99,132,5,Severe abdominal pain,paraphrase,high
"Follow up visit for blood pressure since morning, slight headache",19,female,0,97.8,95,96,105,2,Routine check-up,paraphrase,low
"Bike crash on the highway suddenly, poor sleep",23,male,0,97.9,98,97,116,,Major trauma,paraphrase,critical
"Burning with fever since yesterday, body pains",33,male,0,103.4,95,90,139,8,High fever (>102°F),keyword,high
Patient complains of fever touching 104 since yesterday for three days,48,female,0,102.9,83,97,95,,High fever (>102°F),paraphrase,high
My son has convulsion for two days,56,male,0,98.0,77,96,101,,Seizure,keyword,critical
Hot oil fell on the chest and arms suddenly,36,male,0,,,,,,Severe burns / electric shock,paraphrase,critical
Having high fever for two days,1,male,0,,,,,,High fever (>102°F),keyword,high
Itchy,47,male,0,,,,,,Skin allergy/rash,keyword,low
Chills for three days and slight headache,35,female,0,100.8,86,96,96,,Mild fever,keyword,low
"Whole body was shaking and jerking , slight headache",29,female,0,98.3,101,94,117,,Seizure,paraphrase,critical
Throat pain since last night and not eating well,11,female,0,99.4,87,97,143,3,Sore throat,keyword,low
Having blood in vomit since yesterday,33,female,0,98.9,81,98,117,,Severe bleeding,keyword,critical
Stomach paining a lot suddenly and poor sleep,54,male,0,,,,,,Severe abdominal pain,keyword,high
Came with severe head pain for one week,50,female,0,99.1,91,97,95,,Severe migraine/headache,keyword,medium
Came with wheezing for one week,66,female,0,,,,,,Asthma attack (mild),keyword,medium
Came with asthma since an hour,51,male,0,99.1,89,97,133,,Asthma attack (mild),keyword,medium
Patient complains of soaked three cloths with blood from evening,33,female,0,99.8,153,98,115,6,Severe bleeding,paraphrase,critical
Slightly warm body and tired,32,female,0,,,,,,Mild fever,paraphrase,medium
My mother has red spots on the arms that itch for one week,42,female,1,98.4,80,97,123,,Skin allergy/rash,paraphrase,low
My father has neck pain since an hour,38,female,0,,,,,,Back pain,keyword,low
"Patient complains of mild ache in the tummy after food since an hour, no vomiting",10,male,0,97.6,88,96,141,,Stomach pain (mild),paraphrase,low
Cough with yellow sputum and fever for three days and feeling tired,55,female,0,99.0,89,97,135,6,Chest infection,paraphrase,medium
Rat poison,82,male,0,,,,,,Poisoning / bite / overdose,keyword,critical
Patient complains of cough for one week,66,male,0,98.1,82,99,139,1,Cold & cough,keyword,low
Came with red spots on the arms that itch for three days,77,male,0,,,,,1,Skin allergy/rash,paraphrase,low
My daughter has whole body was shaking and jerking since yesterday,2,male,0,98.6,90,95,115,,Seizure,paraphrase,critical
"Came with check-up since an hour, no bleeding",46,male,0,98.5,87,95,135,,Routine check-up,keyword,low
Patient complains of cannot put weight on the ankle after twisting it,58,male,0,,,,,,Fracture,paraphrase,high
Having fever touching 104 since yesterday since an hour,48,male,0,103.1,76,98,136,7,High fever (>102°F),paraphrase,high
Having eczema since an hour,66,female,0,,,,,2,Skin allergy/rash,keyword,low
Low grade temperature and body pains,50,male,0,100.4,74,96,93,,Mild fever,paraphrase,low
Sugar check since morning and a little nausea,46,female,0,98.4,79,98,112,,Routine check-up,keyword,medium
"Stiff back since morning from evening, feeling tired",37,male,0,99.2,82,98,146,,Back pain,paraphrase,low
Child pulling at the ear and crying since morning and poor sleep,7,male,0,98.7,85,96,134,4,Ear pain,paraphrase,low
Pain in the leg muscles since yesterday,36,female,0,,,,,3,Unclassified complaint,unclassified,low
Itching for three days and a little nausea,26,male,0,98.4,79,96,117,,Skin allergy/rash,keyword,low
Bone is bent after the fall,37,female,0,,,,,5,Fracture,paraphrase,high
Having itching suddenly,53,male,0,99.2,77,97,125,3,Skin allergy/rash,keyword,low
My wife has dislocated shoulder for one week,71,female,0,,,,,,Fracture,keyword,high
"Throat is raw since yesterday suddenly, body pains",31,male,0,99.1,78,98,99,5,Sore throat,paraphrase,low
"Having chest tight and whistling sound when breathing for two days, not unconscious",51,female,0,99.1,81,96,140,,Asthma attack (mild),paraphrase,medium
Worst head pain of my life,34,male,0,99.4,87,97,98,,Severe migraine/headache,paraphrase,medium
Came with very bad stomach pain since morning,35,female,0,97.5,89,96,109,,Severe abdominal pain,keyword,high
Heart is hurting badly from evening and body pains,80,male,0,99.0,76,82,111,,Chest pain / suspected heart attack,paraphrase,critical
Child pulling at the ear and crying from evening and mild cough,7,female,0,97.8,93,96,127,,Ear pain,paraphrase,low
"Migraine since last night, poor sleep",57,male,0,98.1,87,96,99,,Severe migraine/headache,keyword,medium
"Pain while swallowing food , no chest pain",39,male,0,97.8,83,97,126,,Sore throat,paraphrase,low
Not feeling well since two days for three days,44,male,0,98.8,68,99,141,,Unclassified complaint,unclassified,low
"Throbbing pain on one side of the head with vomiting , slight headache, no vomiting",80,female,0,97.9,86,96,116,,Severe migraine/headache,paraphrase,medium
Fell off a ladder from the second floor from evening and not eating well,45,male,0,99.4,84,96,128,8,Major trauma,paraphrase,critical
"Bad headache since yesterday, poor sleep",55,male,0,,,,,,Severe migraine/headache,keyword,medium
Patient complains of migraine suddenly,35,female,0,,,,,,Severe migraine/headache,keyword,medium
"Struggling for breath since an hour for two days, feeling tired",41,female,0,98.8,70,98,124,,Breathing difficulty,paraphrase,critical
"Feverish , mild cough",26,male,0,100.9,79,98,132,,Mild fever,keyword,low
Neck pain since yesterday,38,male,0,99.6,76,98,139,2,Back pain,keyword,low
Patient complains of came for regular sugar test from evening,1,male,0,,,,,,Routine check-up,paraphrase,low
Feeling feverish since evening for two days and a little nausea,54,male,0,,,,,,Mild fever,paraphrase,low
Bitten by a cobra in the field,79,female,0,,,,,10,Poisoning / bite / overdose,paraphrase,critical
Severe head pain for one week,52,male,0,,,,,,Severe migraine/headache,keyword,medium
"Bad headache from evening, no bleeding",37,female,0,98.7,104,97,124,,Severe migraine/headache,keyword,medium
Pain in chest since yesterday,24,female,0,99.1,81,99,194,,Chest pain / suspected heart attack,keyword,critical
"Spine pain from evening, not eating well",77,male,0,,,,,1,Back pain,keyword,low
Came with red spots on the arms that itch since yesterday,80,male,0,98.5,87,97,124,,Skin allergy/rash,paraphrase,low
My neighbour has feeling feverish since evening since last night,36,female,0,100.2,97,96,136,,Mild fever,paraphrase,low
Feeling feverish since evening,17,male,0,101.0,98,98,141,,Mild fever,paraphrase,low
My neighbour has runny nose,26,female,0,98.1,93,96,123,3,Cold & cough,keyword,low
Pain in the leg muscles,44,male,0,100.0,66,97,106,,Unclassified complaint,unclassified,low
"Burns on face and hands from a gas cylinder since yesterday, poor sleep",57,male,0,,,,,,Severe burns / electric shock,paraphrase,critical
Having runny nose since last night,40,male,0,97.4,76,98,119,,Cold & cough,keyword,low
My wife has came for regular sugar test since an hour,18,male,0,,,,,,Routine check-up,paraphrase,low
My son has lips blue for two days,45,female,0,,,,,,Breathing difficulty,keyword,critical
Blocked nose,1,female,0,,,,,,Cold & cough,keyword,low
Having hot oil fell on the chest and arms since last night,57,male,0,98.6,84,97,183,9,Severe burns / electric shock,paraphrase,critical
My mother has tonsil for three days,73,female,0,,,,,,Sore throat,keyword,low
Patient complains of inhaler for two days,4,male,0,,,,,6,Asthma attack (mild),keyword,medium
Worst head pain of my life for two days,19,male,0,,,,,,Severe migraine/headache,paraphrase,medium
Having blood pressure check since last night,53,female,0,99.1,74,99,112,,Routine check-up,keyword,low
"Vomiting since since yesterday, feeling tired",64,female,0,,,,,,Persistent vomiting,keyword,medium
Burning with fever,26,male,0,,,,,,High fever (>102°F),keyword,high
Came with lower back,33,female,0,98.4,68,97,163,,Back pain,keyword,low
Severe stomach pain from evening,59,male,0,97.2,94,97,148,9,Severe abdominal pain,keyword,high
My wife has red spots on the arms that itch for one week,54,male,0,99.1,82,97,101,3,Skin allergy/rash,paraphrase,low
Broken arm,12,female,0,98.9,81,97,88,,Fracture,keyword,critical
Patient complains of worst head pain of my life since yesterday,34,male,0,98.3,82,95,117,,Severe migraine/headache,paraphrase,medium
Came with continuous vomiting since yesterday,55,male,0,,,,,,Persistent vomiting,keyword,medium
Patient complains of cannot put weight on the ankle after twisting it for three days,35,female,1,98.1,68,96,111,6,Fracture,paraphrase,high
My mother has burning hot body and shivering since two days since last night,32,female,0,102.7,92,99,122,,High fever (>102°F),paraphrase,high
"Runny nose and sneezing since two days from evening, slight headache",23,male,0,,,,,4,Cold & cough,paraphrase,low
Having major burn,20,male,0,,,,,,Severe burns / electric shock,keyword,critical
"Heard a crack in the wrist and it is swollen since last night, mild cough",20,female,0,,,,,,Fracture,paraphrase,high
Came with broken wrist for three days,41,female,0,98.7,74,99,147,7,Fracture,keyword,high
Breathless since yesterday,19,female,0,98.5,114,98,127,,Breathing difficulty,keyword,critical
Severe allergic for three days and body pains,40,male,0,97.5,90,98,79,10,Severe allergic reaction,keyword,critical
My husband has difficulty swallowing since yesterday,53,female,0,,,,,,Sore throat,keyword,low
Hot oil fell on the chest and arms for two days and poor sleep,20,female,0,,,,,,Severe burns / electric shock,paraphrase,critical
"Came for regular sugar test since an hour, slight headache",45,male,0,98.7,81,96,121,,Routine check-up,paraphrase,low
My mother has very hot to touch and rigors at night since an hour,1,male,0,103.2,69,98,129,8,High fever (>102°F),paraphrase,high
Child pulling at the ear and crying suddenly and not eating well,11,female,0,,,,,,Ear pain,paraphrase,low
Having blocked nose and mild cough,65,female,0,98.9,69,97,129,,Cold & cough,paraphrase,low
Patient complains of broken bone,50,female,0,,,,,6,Fracture,keyword,high
Patient complains of cannot keep even water down since an hour,76,female,0,98.0,80,94,138,,Persistent vomiting,paraphrase,medium
Burns on face and hands from a gas cylinder for two days,9,female,0,,,,,,Severe burns / electric shock,paraphrase,critical
"Came with pain in my ear for one week, no bleeding",1,female,0,,,,,2,Ear pain,keyword,low
Stomach is rock hard and paining terribly,1,female,0,97.5,85,78,119,9,Severe abdominal pain,paraphrase,critical
Lips and eyes swelled up after eating prawns since an hour and mild cough,76,female,0,100.1,126,96,130,8,Severe allergic reaction,paraphrase,critical
"Head is pounding and light hurts the eyes for one week and not eating well, no bleeding",10,male,0,,,,,5,Severe migraine/headache,paraphrase,medium
My son has rolling on the floor with belly pain since an hour,49,male,0,98.3,89,96,145,8,Severe abdominal pain,paraphrase,high
Having red spots on the arms that itch since last night,54,female,0,,,,,,Skin allergy/rash,paraphrase,low
Tight chest,24,male,0,98.2,78,97,131,7,Chest pain / suspected heart attack,keyword,critical
Having routine suddenly,3,male,0,,,,,1,Routine check-up,keyword,low
Patient complains of hives for two days,18,female,0,98.8,103,98,93,,Skin allergy/rash,keyword,low
My grandmother has routine suddenly,74,female,0,97.9,76,97,142,1,Routine check-up,keyword,low
My mother has fever touching 104 since yesterday since morning,34,female,0,102.5,85,97,85,,High fever (>102°F),paraphrase,critical
Came with sore throat for three days,32,male,0,,,,,3,Sore throat,keyword,low
Patient complains of loss of appetite since last night,19,female,0,,,,,1,Unclassified complaint,unclassified,low
My husband has pain in the leg muscles,36,female,0,98.4,100,96,117,,Unclassified complaint,unclassified,low
Came with can't stop vomiting since an hour,38,male,0,,,,,7,Persistent vomiting,keyword,medium
Patient complains of chesty cough for a week since last night,62,male,0,,,,,,Chest infection,paraphrase,medium
Snake bitten for three days and slight headache,74,male,0,,,,,7,Poisoning / bite / overdose,keyword,critical
My husband has unbearable pain in the lower right side of the tummy for two days,43,male,0,98.6,94,97,127,,Severe abdominal pain,paraphrase,high
Continuous vomiting and very thirsty since morning and not eating well,30,male,0,,,,,3,Persistent vomiting,paraphrase,medium
"Having vomited ten times since morning for two days, no vomiting",62,female,0,98.6,92,97,143,,Persistent vomiting,paraphrase,medium
"Throat is raw since yesterday , a little nausea",12,male,0,,,,,,Sore throat,paraphrase,low
"Patient complains of unbearable pain in the lower right side of the tummy for three days, no vomiting",60,female,0,,,,,,Severe abdominal pain,paraphrase,high
"Runny nose since yesterday, body pains",41,female,0,97.6,85,96,137,4,Cold & cough,keyword,low
"My daughter has used the puffer twice, still a bit tight",40,male,0,99.2,70,97,108,3,Asthma attack (mild),paraphrase,medium
Having chest tightness for two days,59,male,0,97.8,70,84,148,,Chest pain / suspected heart attack,keyword,critical
Having pneumonia suddenly,30,male,0,98.7,91,96,121,,Chest infection,keyword,medium
My mother has very bad stomach pain since an hour,58,male,0,98.8,87,96,130,,Severe abdominal pain,keyword,high
My wife has chesty cough for a week since last night,33,male,0,98.3,87,98,123,3,Chest infection,paraphrase,medium
Burns on face and hands from a gas cylinder for two days and body pains,10,male,0,99.0,79,98,127,,Severe burns / electric shock,paraphrase,critical
Patient complains of face drooping since an hour,31,female,0,99.3,33,98,98,,Stroke signs,keyword,critical
My neighbour has stomach is rock hard and paining terribly for two days,17,male,0,98.3,96,96,131,5,Severe abdominal pain,paraphrase,high
Difficulty swallowing,18,female,0,98.7,87,96,127,,Sore throat,keyword,low
My husband has major burn for one week,61,female,0,98.5,122,96,114,,Severe burns / electric shock,keyword,critical
Runny nose and sneezing since two days since last night,58,female,0,98.6,82,98,117,1,Cold & cough,paraphrase,low
"Having used the puffer twice, still a bit tight suddenly",28,female,0,97.9,86,99,148,,Asthma attack (mild),paraphrase,medium
Patient complains of pain inside the ear and blocked feeling since last night,3,female,0,,,,,,Ear pain,paraphrase,low
"Patient complains of bukhar since yesterday, no fever",36,male,0,,,,,2,Mild fever,keyword,low
Having throat is raw since yesterday for one week,86,female,0,,,,,3,Sore throat,paraphrase,low
Throat is raw since yesterday since morning,14,female,0,99.0,89,97,101,,Sore throat,paraphrase,low
"Bone broke suddenly, poor sleep",42,female,0,,,,,7,Fracture,keyword,high
General weakness for one week,40,female,0,98.1,79,98,116,,Unclassified complaint,unclassified,low
Patient complains of bone is bent after the fall,57,female,0,100.0,146,97,121,5,Fracture,paraphrase,critical
Gasping for air,47,female,0,,,,,,Breathing difficulty,paraphrase,critical
Runny nose and sneezing since two days,39,female,0,98.3,80,96,114,,Cold & cough,paraphrase,low
Mild ache in the tummy after food for three days,50,male,0,,,,,5,Stomach pain (mild),paraphrase,low
"Having head is pounding and light hurts the eyes for one week, no chest pain",51,male,0,98.1,78,97,113,,Severe migraine/headache,paraphrase,medium
Came with low grade temperature and body pains since last night,1,male,0,100.2,46,96,139,,Mild fever,paraphrase,low
"Dislocated shoulder for one week, not eating well",75,male,0,98.6,105,98,183,,Fracture,keyword,high
Tummy ache from evening and a little nausea,84,male,0,97.8,93,97,128,,Stomach pain (mild),keyword,low
"My grandmother has severe abdominal since an hour, no bleeding",35,female,0,,,,,,Severe abdominal pain,keyword,high
Scratchy throat and painful to swallow since yesterday,53,female,0,,,,,5,Sore throat,paraphrase,low
Heard a crack in the wrist and it is swollen since yesterday,44,female,0,,,,,,Fracture,paraphrase,high
Broken wrist,58,male,0,,,,,,Fracture,keyword,high
Road accident for one week and mild cough,12,female,0,99.3,76,98,114,,Major trauma,keyword,critical
Head hit the road hard and vomiting since morning,34,male,0,,,,,9,Major trauma,paraphrase,critical
Asthma from evening and poor sleep,47,female,0,98.9,81,96,116,,Asthma attack (mild),keyword,medium
Came with kaichal suddenly,24,male,0,,,,,1,Mild fever,keyword,medium
Having ear ache for one week,4,female,0,99.4,81,97,114,3,Ear pain,keyword,low
My mother has bone broke since yesterday,40,male,0,97.1,86,98,152,,Fracture,keyword,high
"Broken wrist , feeling tired",40,male,0,97.2,115,97,119,,Fracture,keyword,high
Chest tight and whistling sound when breathing for two days,45,male,0,,,,,,Asthma attack (mild),paraphrase,medium
Having broken wrist for two days,7,female,0,98.8,79,98,127,,Fracture,keyword,high
Patient complains of vomited ten times since morning for two days,55,female,0,97.2,79,96,111,,Persistent vomiting,paraphrase,medium
Having bone is bent after the fall since morning,51,female,0,,,,,,Fracture,paraphrase,high
Throwing up everything I eat since yesterday since last night,15,male,0,,,,,7,Persistent vomiting,paraphrase,medium
Chest infection for one week,47,female,0,98.7,68,95,125,4,Chest infection,keyword,medium
"Loss of appetite for one week, feeling tired",35,male,0,,,,,,Unclassified complaint,unclassified,low
Fever touching 104 since yesterday,56,female,0,,,,,,High fever (>102°F),paraphrase,high
Patient complains of kaichal since morning,46,male,0,,,,,,Mild fever,keyword,low
"Runny nose and sneezing since two days for three days, slight headache",28,male,0,98.1,65,97,132,,Cold & cough,paraphrase,low
Throat irritation and cold,75,male,0,99.4,95,95,126,3,Cold & cough,paraphrase,low
Asthma,92,male,0,,,,,,Asthma attack (mild),keyword,medium
"Medical certificate since last night, body pains",2,male,0,,,,,,Routine check-up,keyword,low
Having indigestion from evening,74,female,0,,,,,,Stomach pain (mild),keyword,low
"Unbearable pain in the lower right side of the tummy for three days, feeling tired",55,female,0,97.6,38,95,132,,Severe abdominal pain,paraphrase,critical
Slightly warm body and tired since morning and mild cough,27,female,0,100.5,67,97,111,,Mild fever,paraphrase,low
"Need a fitness certificate from evening, mild cough",57,male,0,97.6,60,97,119,,Routine check-up,paraphrase,low
Came with pain while swallowing food from evening,13,male,0,,,,,4,Sore throat,paraphrase,low
My father has pain in throat from evening,75,male,0,97.6,71,95,135,1,Sore throat,keyword,low
"Throat is raw since yesterday for three days, not eating well",1,male,0,,,,,,Sore throat,paraphrase,low
Came with head is pounding and light hurts the eyes,23,female,0,,,,,3,Severe migraine/headache,paraphrase,medium
Having back ache from evening,33,female,0,99.1,76,98,110,,Back pain,keyword,low
Mild ache in the tummy after food since yesterday and mild cough,66,male,0,,,,,,Stomach pain (mild),paraphrase,low
My neighbour has chest tight and whistling sound when breathing since morning,60,male,0,,,,,3,Asthma attack (mild),paraphrase,medium
My husband has feels like an elephant sitting on my chest suddenly,50,male,0,99.6,78,98,121,,Chest pain / suspected heart attack,paraphrase,critical
Came with stomach is rock hard and paining terribly since yesterday,32,male,0,99.0,98,96,77,,Severe abdominal pain,paraphrase,critical
My husband has nasal congestion since last night,10,female,0,,,,,5,Cold & cough,keyword,low
Having neck pain for three days,14,male,0,96.6,75,95,129,3,Back pain,keyword,low
Came with broken wrist since yesterday,61,male,0,,,,,,Fracture,keyword,high
Having vomiting diarrhea,37,male,0,,,,,,Persistent vomiting,keyword,medium
Having continuous vomiting and very thirsty since last night,85,male,0,98.9,87,97,116,6,Persistent vomiting,paraphrase,medium
"Pain while swallowing food for two days, a little nausea",56,female,0,99.1,78,98,115,4,Sore throat,paraphrase,low
Excruciating pain in the abdomen since night for two days and body pains,49,female,0,,,,,,Severe abdominal pain,paraphrase,high
Runny nose and sneezing since two days,38,male,0,,,,,,Cold & cough,paraphrase,low
Having severe abdominal since yesterday,23,male,0,98.6,97,96,132,,Severe abdominal pain,keyword,high
Having follow up since last night,49,female,0,98.1,82,97,121,,Routine check-up,keyword,low
Patient complains of arm looks deformed after falling from the bike for two days,67,male,0,99.2,79,97,116,,Fracture,paraphrase,high
Came with whole body was shaking and jerking from evening,39,female,0,,,,,8,Seizure,paraphrase,critical
My father has chesty cough for a week since morning,35,male,0,99.2,72,94,116,5,Chest infection,paraphrase,medium
Came with can't stop vomiting suddenly,51,female,0,98.3,80,96,129,3,Persistent vomiting,keyword,medium
Patient complains of road accident for one week,44,female,0,99.3,79,96,196,6,Major trauma,keyword,critical
Runny nose and sneezing since two days,60,male,0,100.2,38,96,136,,Cold & cough,paraphrase,critical
"Throat irritation and cold for one week, body pains, no bleeding",53,female,0,97.7,90,97,125,2,Cold & cough,paraphrase,low
"Very hot to touch and rigors at night, no breathing difficulty",74,female,0,,,,,9,High fever (>102°F),paraphrase,high
Weakness on one side for two days,34,male,0,98.8,82,99,203,8,Stroke signs,keyword,critical
Came with stiff back since morning since an hour,45,female,0,99.9,121,94,131,,Back pain,paraphrase,low
My father has chesty cough for a week since last night,11,male,0,,,,,,Chest infection,paraphrase,medium
Chesty cough for a week for two days,68,male,0,,,,,,Chest infection,paraphrase,medium
"Cough with yellow sputum and fever , body pains",10,male,0,97.6,78,98,129,,Chest infection,paraphrase,medium
Continuous vomiting,38,male,0,,,,,4,Persistent vomiting,keyword,medium
Came with pulsating headache with nausea since morning since morning,48,male,0,99.4,86,96,127,,Severe migraine/headache,paraphrase,medium
"Pneumonia suddenly, not eating well, not unconscious",24,male,0,99.1,83,96,106,4,Chest infection,keyword,medium
Came with face puffed up and breathing noisy after an injection for two days,69,female,0,,,,,,Severe allergic reaction,paraphrase,critical
Having child pulling at the ear and crying for two days,50,male,0,99.3,92,99,109,,Ear pain,paraphrase,low
"Mild ache in the tummy after food , feeling tired",70,male,0,99.2,92,96,128,5,Stomach pain (mild),paraphrase,low
Drank floor cleaner,25,male,0,99.1,82,99,127,,Poisoning / bite / overdose,paraphrase,critical
Came with burning with fever since last night,45,female,0,102.3,83,94,113,,High fever (>102°F),keyword,high
"High temperature for two days and poor sleep, no fever",1,male,0,,,,,9,High fever (>102°F),keyword,high
"Loose stools since morning since last night and feeling tired, not unconscious",72,female,0,99.5,90,99,116,,Stomach pain (mild),paraphrase,low
Pain in the lower spine after lifting and feeling tired,62,female,0,97.6,92,95,118,,Back pain,paraphrase,medium
Throat is raw since yesterday,24,male,0,98.4,87,95,136,2,Sore throat,paraphrase,low
"Vomited ten times since morning suddenly, not eating well",73,male,0,98.6,91,96,130,,Persistent vomiting,paraphrase,medium
Came with child pulling at the ear and crying from evening,6,female,0,,,,,,Ear pain,paraphrase,low
Patient complains of struggling for breath since an hour for two days,57,female,0,,,,,,Breathing difficulty,paraphrase,critical
"Having vomiting diarrhea since last night, no bleeding",41,male,0,,,,,5,Persistent vomiting,keyword,medium
Having feels like suffocating,16,male,0,97.4,89,98,110,,Breathing difficulty,paraphrase,critical
"Drank floor cleaner since an hour, poor sleep",38,female,0,97.8,86,97,125,,Poisoning / bite / overdose,paraphrase,critical
My neighbour has cough with sputum suddenly,55,male,0,97.3,79,98,124,,Chest infection,keyword,medium
Stomach paining a lot for one week,44,male,0,,,,,5,Severe abdominal pain,keyword,high
Chest congestion since morning and a little nausea,26,male,0,,,,,,Chest infection,keyword,medium
Patient complains of worst headache since yesterday,57,male,0,,,,,,Severe migraine/headache,keyword,medium
"Unresponsive, no vomiting",5,female,0,,,,,9,Unconscious / collapsed,keyword,critical
"Having cough with yellow sputum and fever since an hour, no chest pain",18,male,0,,,,,,Chest infection,paraphrase,medium
Eczema,43,female,0,98.8,78,94,112,,Skin allergy/rash,keyword,low
Stomach is rock hard and paining terribly since an hour and not eating well,10,female,0,,,,,,Severe abdominal pain,paraphrase,high
Having blocked nose and mild cough for two days,73,female,0,98.0,91,96,139,2,Cold & cough,paraphrase,low
Came with keep vomiting from evening,30,female,0,98.6,84,96,118,8,Persistent vomiting,keyword,medium
Continuous vomiting and very thirsty,22,female,0,,,,,,Persistent vomiting,paraphrase,medium
My son has phlegm from evening,47,female,0,,,,,,Chest infection,keyword,medium
Red spots on the arms that itch,66,female,0,98.9,71,98,129,,Skin allergy/rash,paraphrase,low
Patient complains of tonsillitis for three days,60,female,0,98.5,87,97,101,,Sore throat,keyword,low
"Fainted suddenly, feeling tired",28,female,0,,,,,,Unconscious / collapsed,keyword,critical
My wife has cough with yellow sputum and fever since an hour,47,male,0,,,,,,Chest infection,paraphrase,medium
"Productive cough for two days, a little nausea",49,male,0,,,,,6,Chest infection,keyword,medium
Seizure,72,female,0,97.9,87,98,129,,Seizure,keyword,critical
"Severe stomach pain from evening and mild cough, not unconscious",13,female,0,99.7,75,98,127,,Severe abdominal pain,keyword,high
Came with bone broke for one week,35,female,0,,,,,,Fracture,keyword,high
"Nasal congestion, no chest pain",26,male,0,,,,,,Cold & cough,keyword,low
"Throat is raw since yesterday for one week, body pains",23,female,0,98.2,85,98,135,,Sore throat,paraphrase,low
General weakness and a little nausea,25,male,0,,,,,,Unclassified complaint,unclassified,low
"Came with used the puffer twice, still a bit tight for one week, no breathing difficulty",63,female,0,98.3,74,100,126,5,Asthma attack (mild),paraphrase,medium
My daughter has need a fitness certificate from evening,55,male,0,99.1,87,98,106,5,Routine check-up,paraphrase,low
My mother has mild ache in the tummy after food for two days,25,female,0,,,,,,Stomach pain (mild),paraphrase,low
"Feverish since an hour, poor sleep",57,male,0,99.9,86,98,132,,Mild fever,keyword,low
Tummy ache,43,male,0,99.7,84,96,148,,Stomach pain (mild),keyword,low
"Patient complains of heavy vaginal bleeding with dizziness since an hour, no vomiting",71,female,0,,,,,,Severe bleeding,paraphrase,critical
"Throwing up everything I eat since yesterday , feeling tired",34,female,0,,,,,,Persistent vomiting,paraphrase,medium
Pain inside the ear and blocked feeling since morning and slight headache,43,male,0,98.5,95,93,139,,Ear pain,paraphrase,high
My neighbour has ear ache for two days,54,female,0,97.8,90,98,134,,Ear pain,keyword,low
"Throwing up everything I eat since yesterday since yesterday, a little nausea",39,male,0,96.9,78,97,122,7,Persistent vomiting,paraphrase,medium
Came with burning with fever for one week,59,male,0,,,,,,High fever (>102°F),keyword,high
Severe tummy for three days and a little nausea,18,male,0,98.9,57,98,154,8,Severe abdominal pain,keyword,high
Fell off a ladder from the second floor,3,male,0,,,,,10,Major trauma,paraphrase,critical
"Having burning hot body and shivering since two days since an hour, no fever",40,female,1,103.2,95,96,121,7,High fever (>102°F),paraphrase,high
My father has pulsating headache with nausea since morning,36,female,0,,,,,,Severe migraine/headache,paraphrase,medium
Came with paralyzed for three days,56,male,0,97.9,35,96,121,,Stroke signs,keyword,critical
My husband has inhaler,36,female,1,98.4,93,97,140,,Asthma attack (mild),keyword,medium
Cough with yellow sputum and fever for three days and body pains,37,male,0,98.2,85,97,110,,Chest infection,paraphrase,medium
"Having severe abdominal for three days, no vomiting",22,female,1,98.4,77,97,109,,Severe abdominal pain,keyword,high
Having chesty cough for a week since morning,22,female,0,,,,,3,Chest infection,paraphrase,medium
"Lost consciousness at home since morning, mild cough",55,male,0,98.2,72,96,123,,Unconscious / collapsed,paraphrase,critical
Feeling feverish since evening,87,female,0,,,,,3,Mild fever,paraphrase,low
"Slightly warm body and tired for one week, body pains",48,male,0,,,,,,Mild fever,paraphrase,low
Having fever shivering for two days,53,male,0,104.3,34,95,119,,High fever (>102°F),keyword,critical
Head is pounding and light hurts the eyes for one week and mild cough,12,female,0,98.6,90,97,131,,Severe migraine/headache,paraphrase,medium
"Temperature 103 with chills since yesterday and mild cough, no fever",37,male,0,103.0,84,98,126,,High fever (>102°F),paraphrase,high
My grandmother has chesty cough for a week since an hour,49,male,0,98.3,73,98,138,,Chest infection,paraphrase,medium
My neighbour has electric shock since morning,15,male,0,99.6,143,96,156,,Severe burns / electric shock,keyword,critical
Came with throat swelling suddenly,31,male,0,,,,,,Severe allergic reaction,keyword,critical
Tongue swelling,62,female,0,99.2,73,96,109,,Severe allergic reaction,keyword,critical
Throat irritation and cold,53,male,0,99.0,94,97,143,,Cold & cough,paraphrase,low
Vomiting diarrhoea since last night,52,male,0,,,,,,Persistent vomiting,keyword,medium
"Persistent vomiting since yesterday, a little nausea, no vomiting",56,female,0,,,,,,Persistent vomiting,keyword,medium
"Stomach is rock hard and paining terribly for three days, a little nausea",30,male,0,,,,,,Severe abdominal pain,paraphrase,high
Having blocked nose for one week,41,male,0,,,,,,Cold & cough,keyword,low
Severe stomach pain since last night,71,female,0,,,,,,Severe abdominal pain,keyword,high
"Unbearable pain in the lower right side of the tummy , feeling tired",73,female,0,,,,,6,Severe abdominal pain,paraphrase,high
Patient complains of electric shock from evening,21,female,0,98.7,89,97,119,,Severe burns / electric shock,keyword,critical
Patient complains of feeling feverish since evening for one week,54,male,0,,,,,,Mild fever,paraphrase,low
My father has tonsil for two days,30,female,0,,,,,,Sore throat,keyword,low
Pulsating headache with nausea since morning since yesterday,37,female,0,98.5,79,97,128,,Severe migraine/headache,paraphrase,medium
My grandmother has difficulty swallowing since last night,4,female,0,99.2,91,97,112,,Sore throat,keyword,low
My grandmother has pain inside the ear and blocked feeling for one week,8,male,0,98.7,86,97,86,4,Ear pain,paraphrase,critical
"Ear ache for one week, feeling tired, no breathing difficulty",6,male,0,98.6,89,96,115,2,Ear pain,keyword,low
"Severe head pain since yesterday, not eating well",53,male,0,,,,,4,Severe migraine/headache,keyword,medium
"Pain in the lower spine after lifting from evening, a little nausea",41,male,0,,,,,4,Back pain,paraphrase,low
Came with feeling feverish since evening since yesterday,24,male,0,,,,,4,Mild fever,paraphrase,low
Patient complains of rash since last night,41,male,0,99.2,72,99,119,,Skin allergy/rash,keyword,low
Patient complains of burning with fever since last night,48,female,0,104.3,32,95,134,,High fever (>102°F),keyword,critical
Tonsillitis,40,male,0,99.7,70,97,113,,Sore throat,keyword,low
My son has inhaler suddenly,25,male,0,97.8,65,98,82,,Asthma attack (mild),keyword,critical
Soaked three cloths with blood suddenly and mild cough,21,female,1,,,,,,Severe bleeding,paraphrase,critical
Throat irritation and cold from evening and a little nausea,51,female,0,,,,,,Cold & cough,paraphrase,low
"Sudden loss of balance and blurred vision since yesterday, slight headache",64,male,0,98.0,33,96,113,,Stroke signs,paraphrase,critical
Burning hot body and shivering since two days,34,female,0,103.6,67,98,117,9,High fever (>102°F),paraphrase,high
Very high fever for one week and body pains,52,female,0,102.6,80,98,108,6,High fever (>102°F),keyword,high
Red patches on the back from evening,52,male,0,98.8,78,97,111,,Skin allergy/rash,paraphrase,low
Dizziness on standing,30,female,1,,,,,,Unclassified complaint,unclassified,low
Vomited ten times since morning,22,female,0,99.0,81,99,122,,Persistent vomiting,paraphrase,medium
Stomach very severe,30,female,0,99.1,34,97,143,,Severe abdominal pain,keyword,critical
Came with heard a crack in the wrist and it is swollen from evening,79,female,0,98.2,81,97,115,,Fracture,paraphrase,high
Having high fever since last night,77,female,0,102.4,83,96,110,,High fever (>102°F),keyword,high
Bitten by a cobra in the field since an hour and body pains,43,female,0,,,,,,Poisoning / bite / overdose,paraphrase,critical
Patient complains of vomited ten times since morning for three days,34,male,0,98.3,79,86,120,8,Persistent vomiting,paraphrase,critical
Feeling tired and weak from evening and mild cough,3,female,0,,,,,1,Unclassified complaint,unclassified,low
Came with fever since an hour,32,male,0,101.3,78,96,146,,Mild fever,keyword,low
Came with arm looks deformed after falling from the bike since morning,37,male,0,98.2,88,97,145,,Fracture,paraphrase,high
Patient complains of very hot to touch and rigors at night for three days,53,female,0,,,,,5,High fever (>102°F),paraphrase,high
Came with broken ankle since last night,46,female,0,,,,,,Fracture,keyword,high
Came with very high fever,28,male,0,103.6,44,97,131,,High fever (>102°F),keyword,high
Cannot put weight on the ankle after twisting it since last night and body pains,40,female,0,98.9,82,78,128,5,Fracture,paraphrase,critical
Ear is aching for one week and body pains,9,male,0,97.6,91,96,148,5,Ear pain,paraphrase,low
Came with cannot put weight on the ankle after twisting it since an hour,35,female,0,,,,,,Fracture,paraphrase,high
Having pain in ear for one week,4,female,0,98.5,117,97,129,,Ear pain,keyword,medium
Migraine for two days and mild cough,57,female,0,,,,,,Severe migraine/headache,keyword,medium
"Dehydrated since last night and a little nausea, no bleeding",52,male,0,99.5,114,98,104,,Persistent vomiting,keyword,medium
Low grade temperature and body pains suddenly,30,female,0,99.7,89,98,128,,Mild fever,paraphrase,low
Unbearable pain in the lower right side of the tummy since last night and body pains,50,male,0,,,,,8,Severe abdominal pain,paraphrase,high
"Patient complains of cough with sputum for one week, no breathing difficulty",26,female,0,98.8,98,97,124,,Chest infection,keyword,medium
"Sugar check from evening, feeling tired",75,female,0,,,,,,Routine check-up,keyword,low
Broken bone,30,female,0,,,,,,Fracture,keyword,high
Fever touching 104 since yesterday from evening and a little nausea,47,male,0,,,,,,High fever (>102°F),paraphrase,high
"My neighbour has stiff back since morning for three days, no breathing difficulty",12,female,0,,,,,2,Back pain,paraphrase,low
Severe head pain since morning and body pains,59,male,0,,,,,,Severe migraine/headache,keyword,medium
"Difficulty swallowing for three days, not unconscious",28,male,0,,,,,,Sore throat,keyword,low
"Patient complains of fits since last night, no bleeding",45,male,0,,,,,,Seizure,keyword,critical
Stomach unbearable suddenly and slight headache,19,male,0,98.5,72,96,116,,Severe abdominal pain,keyword,high
Continuous vomiting and very thirsty since last night,46,female,0,99.7,66,96,116,,Persistent vomiting,paraphrase,medium
Slightly warm body and tired since last night and not eating well,32,male,0,100.1,82,98,158,4,Mild fever,paraphrase,low
Came with asthma from evening,66,female,0,98.2,84,98,123,,Asthma attack (mild),keyword,medium
My wife has rolling on the floor with belly pain suddenly,50,female,0,98.6,74,98,123,10,Severe abdominal pain,paraphrase,high
Patient complains of arm looks deformed after falling from the bike suddenly,54,female,0,99.8,69,97,142,9,Fracture,paraphrase,critical
Patient complains of chest tight and whistling sound when breathing for two days,25,male,0,98.3,75,94,131,,Asthma attack (mild),paraphrase,medium
Patient complains of chesty cough for a week since yesterday,48,female,0,,,,,5,Chest infection,paraphrase,medium
Burning in the stomach after spicy food since last night,57,male,0,99.1,93,96,134,5,Stomach pain (mild),paraphrase,low
"Rolling on the floor with belly pain since an hour, no chest pain",63,male,0,96.8,123,96,108,,Severe abdominal pain,paraphrase,high
Having worst headache from evening,67,male,0,,,,,4,Severe migraine/headache,keyword,medium
Came with feeling feverish since evening since morning,78,female,0,,,,,,Mild fever,paraphrase,low
Came with wheezing for one week,32,male,0,98.3,93,97,128,,Asthma attack (mild),keyword,medium
"Cough with yellow sputum and fever for two days, poor sleep",7,male,0,100.0,82,97,124,,Chest infection,paraphrase,medium
"Having worst head pain of my life for three days, no bleeding",37,female,0,98.7,97,96,123,7,Severe migraine/headache,paraphrase,medium
My neighbour has had a fit and bit the tongue for one week,51,female,0,,,,,,Seizure,paraphrase,critical
"Came with used the puffer twice, still a bit tight since morning",23,female,0,,,,,8,Asthma attack (mild),paraphrase,medium
Child stiffened and shook for five minutes for one week,30,male,0,,,,,,Seizure,paraphrase,critical
Burning hot body and shivering since two days since an hour and feeling tired,52,male,0,,,,,8,High fever (>102°F),paraphrase,high
Back is aching while bending since yesterday and feeling tired,32,female,1,,,,,1,Back pain,paraphrase,low
"Chesty cough for a week for three days, not eating well",36,male,0,,,,,3,Chest infection,paraphrase,medium
"Stomach is rock hard and paining terribly, no vomiting",56,female,0,,,,,,Severe abdominal pain,paraphrase,high
"Need a fitness certificate , feeling tired",65,female,0,97.8,96,98,120,2,Routine check-up,paraphrase,low
Having feeling feverish since evening suddenly,1,male,0,,,,,3,Mild fever,paraphrase,low
Came with struggling for breath since an hour for two days,15,male,0,99.1,91,78,127,,Breathing difficulty,paraphrase,critical
"Skin is itching after using a new soap since yesterday, mild cough",51,male,0,100.1,86,97,118,,Skin allergy/rash,paraphrase,low
"Burning in the stomach after spicy food for three days, slight headache",56,female,0,,,,,,Stomach pain (mild),paraphrase,low
Came with throat irritation and cold since last night,36,female,0,98.3,101,97,116,,Cold & cough,paraphrase,low
Follow up visit for blood pressure for three days and a little nausea,14,male,0,98.2,71,97,132,,Routine check-up,paraphrase,low
"Found lying on the floor not answering since morning, body pains",29,male,0,,,,,7,Unconscious / collapsed,paraphrase,critical
Patient complains of red patches on the back for one week,37,male,0,,,,,2,Skin allergy/rash,paraphrase,low
Pneumonia since an hour and feeling tired,41,male,0,,,,,6,Chest infection,keyword,medium
Vomited ten times since morning for three days,21,female,0,99.0,74,95,108,,Persistent vomiting,paraphrase,medium
"Having vaccination since last night, not unconscious",40,female,0,99.3,94,98,133,,Routine check-up,keyword,low
Came with inhaler suddenly,63,female,0,,,,,,Asthma attack (mild),keyword,medium
Child pulling at the ear and crying for three days and mild cough,37,female,0,99.1,94,95,126,5,Ear pain,paraphrase,low
Stiff back since morning,67,male,0,,,,,,Back pain,paraphrase,low
"Accident since an hour and slight headache, no bleeding",33,male,0,99.1,88,96,147,,Major trauma,keyword,critical
Having pain inside the ear and blocked feeling for two days,6,male,0,98.5,147,96,132,,Ear pain,paraphrase,critical
Scratchy throat and painful to swallow,47,male,0,,,,,,Sore throat,paraphrase,low
Having scratchy throat and painful to swallow since last night,69,female,0,97.9,95,96,132,,Sore throat,paraphrase,low
"Earache since last night, mild cough",44,male,0,,,,,3,Ear pain,keyword,low
Patient complains of bp check since an hour,6,male,0,97.3,86,97,127,3,Routine check-up,keyword,low
Came with bad headache for one week,27,female,0,97.9,82,96,125,,Severe migraine/headache,keyword,medium
"Mild wheeze after climbing stairs since yesterday, not eating well",53,female,0,,,,,,Asthma attack (mild),paraphrase,medium
Ear is aching,6,female,0,,,,,4,Ear pain,paraphrase,low
Having cannot keep even water down for three days,29,female,0,,,,,,Persistent vomiting,paraphrase,medium
Excruciating pain in the abdomen since night since last night and poor sleep,21,male,0,99.3,98,96,134,10,Severe abdominal pain,paraphrase,high
"Came with runny nose and sneezing since two days since morning, no chest pain",59,male,0,98.2,91,98,121,,Cold & cough,paraphrase,low
High fever since last night,68,female,0,,,,,8,High fever (>102°F),keyword,high
Intense abdominal since last night,59,female,0,98.4,77,98,108,10,Severe abdominal pain,keyword,high
"Worst head pain of my life, no fever",9,male,0,98.3,70,98,115,,Severe migraine/headache,paraphrase,medium
My father has sugar check,84,female,0,97.4,100,100,132,,Routine check-up,keyword,low
Came with cannot put weight on the ankle after twisting it from evening,32,female,0,98.8,81,98,136,9,Fracture,paraphrase,high
Child drank kerosene by mistake,63,female,0,98.9,47,95,123,,Poisoning / bite / overdose,paraphrase,critical
"Asthma for two days, not unconscious",34,female,0,99.1,78,98,133,5,Asthma attack (mild),keyword,medium
Having mild wheeze after climbing stairs,52,male,0,,,,,7,Asthma attack (mild),paraphrase,medium
Child pulling at the ear and crying and a little nausea,6,male,0,,,,,3,Ear pain,paraphrase,low
"Medical certificate, no vomiting",22,female,0,,,,,,Routine check-up,keyword,low
My husband has cough with yellow sputum and fever since yesterday,12,female,0,98.6,81,94,127,5,Chest infection,paraphrase,medium
"Hives all over and voice became hoarse since an hour, not eating well",54,male,0,99.3,89,98,117,,Severe allergic reaction,paraphrase,critical
Came with low grade temperature and body pains,70,female,0,,,,,,Mild fever,paraphrase,low
My wife has skin peeled off after boiling water spilled from evening,38,female,1,97.6,45,96,133,,Severe burns / electric shock,paraphrase,critical
Came with very bad stomach pain for two days,48,male,0,98.4,76,97,95,10,Severe abdominal pain,keyword,high
Patient complains of chest tight and whistling sound when breathing since an hour,41,male,0,,,,,5,Asthma attack (mild),paraphrase,medium
My daughter has pulsating headache with nausea since morning since morning,35,male,0,,,,,5,Severe migraine/headache,paraphrase,medium
"Skin peeled off after boiling water spilled since yesterday, feeling tired",19,female,0,98.6,69,99,108,,Severe burns / electric shock,paraphrase,critical
Having worst head pain of my life suddenly,34,male,0,99.2,74,97,112,,Severe migraine/headache,paraphrase,medium
Came with vomiting since since morning,56,male,0,99.7,66,98,131,,Persistent vomiting,keyword,medium
My husband has my chest feels heavy and I am sweating for three days,49,female,0,,,,,,Chest pain / suspected heart attack,paraphrase,critical
Cannot put weight on the ankle after twisting it for one week,29,male,0,,,,,8,Fracture,paraphrase,high
Patient complains of bukhar for one week,68,female,0,,,,,,Mild fever,keyword,low
Stomach upset for one week and poor sleep,38,female,1,98.8,34,98,118,,Stomach pain (mild),keyword,critical
Patient complains of vomited ten times since morning for two days,62,female,0,98.1,83,97,118,,Persistent vomiting,paraphrase,medium
My mother has sharp pain near the heart with sweating suddenly,51,male,0,,,,,8,Chest pain / suspected heart attack,paraphrase,critical
Hot oil fell on the chest and arms and body pains,31,male,0,,,,,,Severe burns / electric shock,paraphrase,critical
"Stomach paining a lot from evening, poor sleep",33,male,0,97.0,71,98,117,,Severe abdominal pain,keyword,high
Came with red spots on the arms that itch from evening,67,male,0,99.0,85,99,124,,Skin allergy/rash,paraphrase,low
My wife has face puffed up and breathing noisy after an injection for one week,54,female,0,98.1,77,98,126,6,Severe allergic reaction,paraphrase,critical
Upset stomach and gas since last night and slight headache,77,female,0,98.0,91,98,124,,Stomach pain (mild),paraphrase,low
Burning in the stomach after spicy food since last night,43,female,0,98.7,78,95,122,,Stomach pain (mild),paraphrase,low
Having rolling on the floor with belly pain,52,female,0,98.2,88,97,143,,Severe abdominal pain,paraphrase,high
"Bike crash on the highway since last night, poor sleep",33,female,0,99.0,78,95,119,7,Major trauma,paraphrase,critical
"Vomiting diarrhoea for one week, not eating well",51,male,0,,,,,6,Persistent vomiting,keyword,medium
Overdose and a little nausea,29,female,0,,,,,8,Poisoning / bite / overdose,keyword,critical
Not responding from evening,37,male,0,98.6,74,84,106,,Unconscious / collapsed,keyword,critical
Fever shivering,52,male,0,103.3,88,98,147,,High fever (>102°F),keyword,high
Patient complains of throat is raw since yesterday since an hour,34,male,0,99.8,79,97,149,,Sore throat,paraphrase,low
Came with pneumonia since morning,70,male,0,98.0,85,95,100,4,Chest infection,keyword,medium
Cough with yellow sputum and fever for two days,56,male,0,,,,,,Chest infection,paraphrase,medium
My grandmother has broken ankle since yesterday,1,female,0,98.8,71,97,119,,Fracture,keyword,high
Cough bringing up green mucus,21,female,0,99.0,77,96,115,,Chest infection,paraphrase,medium
"My son has back pain since last night, no breathing difficulty",21,male,0,,,,,2,Back pain,keyword,low
Child stiffened and shook for five minutes since last night,26,male,0,97.6,105,96,124,8,Seizure,paraphrase,critical
Sore throat for three days,58,male,0,97.7,93,98,113,,Sore throat,keyword,low
Throbbing pain on one side of the head with vomiting since an hour and poor sleep,23,female,0,97.4,83,98,134,,Severe migraine/headache,paraphrase,medium
Came with kaichal since yesterday,57,male,0,100.8,65,97,123,4,Mild fever,keyword,low
"Back pain for two days, poor sleep, no breathing difficulty",43,female,0,,,,,,Back pain,keyword,low
Came with rolling on the floor with belly pain since last night,62,female,0,98.1,77,98,116,9,Severe abdominal pain,paraphrase,high
Patient complains of repeated vomiting since morning,32,male,0,,,,,,Persistent vomiting,keyword,medium
My son has lot of blood for two days,66,male,0,97.7,90,97,98,,Severe bleeding,keyword,critical
Having came for regular sugar test since morning,36,male,0,,,,,,Routine check-up,paraphrase,low
Patient complains of chest infection for two days,48,male,0,98.3,81,95,147,6,Chest infection,keyword,medium
My husband has child pulling at the ear and crying since morning,29,female,0,96.8,65,97,132,,Ear pain,paraphrase,low
Blood pressure check for three days and mild cough,34,male,0,98.9,84,95,106,2,Routine check-up,keyword,low
Splitting headache suddenly,52,female,0,97.6,98,97,123,,Severe migraine/headache,keyword,medium
Patient complains of hit by a since last night,62,male,0,98.7,85,98,122,,Major trauma,keyword,critical
"Severe belly for two days, not eating well",19,female,0,98.0,105,97,124,,Severe abdominal pain,keyword,high
"Heard a crack in the wrist and it is swollen since an hour, body pains",56,male,0,,,,,,Fracture,paraphrase,high
Patient complains of fever touching 104 since yesterday from evening,19,male,0,,,,,,High fever (>102°F),paraphrase,high
Hit by bike and poor sleep,5,female,0,99.1,98,96,114,,Major trauma,keyword,critical
Came with sneezing for three days,42,female,0,,,,,3,Cold & cough,keyword,low
"Patient complains of unbearable pain in the lower right side of the tummy since last night, no vomiting",47,female,0,98.5,105,97,115,7,Severe abdominal pain,paraphrase,high
Came with need to collect my monthly medicines suddenly,2,female,0,,,,,2,Routine check-up,paraphrase,low
Came with swallowed many sleeping pills for two days,22,male,0,,,,,,Poisoning / bite / overdose,paraphrase,critical
"Chest tight and whistling sound when breathing since last night, body pains",59,female,0,100.3,102,98,124,6,Asthma attack (mild),paraphrase,medium
Came with upset stomach and gas for one week,25,male,0,98.1,82,95,111,,Stomach pain (mild),paraphrase,low
Blocked nose and mild cough since morning and not eating well,41,female,0,98.3,73,98,101,,Cold & cough,paraphrase,low
Pulsating headache with nausea since morning and feeling tired,40,female,0,97.9,79,97,123,,Severe migraine/headache,paraphrase,high
Patient complains of mild wheeze after climbing stairs since an hour,64,female,0,,,,,,Asthma attack (mild),paraphrase,medium
Asthma from evening and not eating well,41,male,0,99.1,86,95,129,,Asthma attack (mild),keyword,medium
Pain inside the ear and blocked feeling for one week,12,male,0,,,,,,Ear pain,paraphrase,low
Vomiting diarrhoea,25,female,0,,,,,,Persistent vomiting,keyword,medium
"Came with throat infection since an hour, no fever",11,female,0,99.5,81,98,110,1,Sore throat,keyword,low
Came with broken arm for three days,13,male,0,98.6,82,98,119,,Fracture,keyword,high
Eczema for one week and a little nausea,25,male,0,98.5,81,97,140,,Skin allergy/rash,keyword,low
Back is aching while bending for three days,17,female,0,97.9,105,97,130,,Back pain,paraphrase,low
Came with back pain for three days,45,male,0,,,,,2,Back pain,keyword,low
"Patient complains of earache since last night, no chest pain",11,female,0,98.5,63,96,114,,Ear pain,keyword,low
Pain while swallowing food suddenly,46,male,0,,,,,,Sore throat,paraphrase,low
Having tonsil since yesterday,31,male,0,,,,,,Sore throat,keyword,low
Came with stomach is rock hard and paining terribly since last night,75,male,0,97.8,72,95,120,5,Severe abdominal pain,paraphrase,high
Patient complains of cannot move my arm since last night,61,male,0,,,,,,Fracture,keyword,high
Medical certificate since morning and feeling tired,49,male,0,,,,,,Routine check-up,keyword,low
Pain in my ear,33,male,0,99.0,105,97,110,,Ear pain,keyword,low
Loose stools since morning,59,male,0,,,,,5,Stomach pain (mild),paraphrase,low
Came with stomach is rock hard and paining terribly since last night,50,female,0,97.9,87,98,157,6,Severe abdominal pain,paraphrase,high
Backache from evening and a little nausea,59,male,0,98.0,71,97,104,,Back pain,keyword,low
Hives for two days and feeling tired,45,male,0,97.8,86,95,119,,Skin allergy/rash,keyword,low
"Vomited ten times since morning since yesterday, poor sleep",11,male,0,,,,,8,Persistent vomiting,paraphrase,medium
"Severe burn since morning and body pains, not unconscious",14,male,0,99.5,145,96,152,10,Severe burns / electric shock,keyword,critical
Having productive cough since last night,61,male,0,98.3,97,98,127,,Chest infection,keyword,medium
Having intense abdominal since last night,25,male,0,98.0,91,98,133,,Severe abdominal pain,keyword,high
Broken arm,17,male,0,,,,,,Fracture,keyword,high
Severe stomach pain for one week,59,female,0,98.2,35,97,144,,Severe abdominal pain,keyword,critical
Check-up since an hour,31,female,0,,,,,,Routine check-up,keyword,low
Ear is aching,25,female,0,,,,,,Ear pain,paraphrase,low
"My chest feels heavy and I am sweating, not unconscious",47,male,0,,,,,10,Chest pain / suspected heart attack,paraphrase,high
Throwing up everything I eat since yesterday,37,male,0,99.0,81,99,108,,Persistent vomiting,paraphrase,medium
Wheezing since an hour and body pains,22,male,0,98.3,74,96,120,,Asthma attack (mild),keyword,medium
"Ear ache since morning, slight headache",3,female,0,99.3,97,97,114,,Ear pain,keyword,low
Cannot keep even water down,52,female,0,98.4,74,98,100,,Persistent vomiting,paraphrase,medium
Having broken leg since an hour,56,male,0,98.4,97,97,144,,Fracture,keyword,high
Mild ache in the tummy after food since morning,92,female,0,100.1,61,97,128,,Stomach pain (mild),paraphrase,medium
Patient complains of high temperature,58,female,0,,,,,9,High fever (>102°F),keyword,high
Cough bringing up green mucus,48,male,0,98.4,90,98,128,7,Chest infection,paraphrase,medium
Throwing up everything I eat since yesterday since morning,47,female,0,100.1,90,96,107,,Persistent vomiting,paraphrase,medium
"Throat is raw since yesterday since an hour, not unconscious",36,male,0,,,,,,Sore throat,paraphrase,low
Patient complains of excruciating pain in the abdomen since night,23,female,0,,,,,,Severe abdominal pain,paraphrase,high
Having cough with yellow sputum and fever since last night,11,female,0,99.3,87,96,118,,Chest infection,paraphrase,medium
"Pain while swallowing food, no breathing difficulty",16,male,0,,,,,,Sore throat,paraphrase,low
Patient complains of can't stop vomiting since last night,65,male,0,98.4,80,97,119,4,Persistent vomiting,keyword,medium
My son has review visit since morning,47,male,0,98.5,65,96,120,,Routine check-up,keyword,low
Patient complains of cough bringing up green mucus for three days,27,male,0,,,,,4,Chest infection,paraphrase,medium
My neighbour has hives all over and voice became hoarse since yesterday,24,female,0,,,,,8,Severe allergic reaction,paraphrase,critical
Having persistent vomiting,42,male,0,98.5,98,98,116,4,Persistent vomiting,keyword,medium
Excruciating pain in the abdomen since night from evening,34,male,0,98.1,140,98,127,,Severe abdominal pain,paraphrase,critical
Child pulling at the ear and crying,1,male,0,98.5,81,97,107,,Ear pain,paraphrase,low
Patient complains of rolling on the floor with belly pain for three days,36,female,0,100.3,86,97,77,,Severe abdominal pain,paraphrase,critical
"Kerosene since yesterday, mild cough",46,female,0,100.0,40,95,146,10,Poisoning / bite / overdose,keyword,critical
Vaccination from evening and not eating well,1,female,0,99.8,94,96,134,,Routine check-up,keyword,low
My grandmother has cough bringing up green mucus since an hour,21,female,0,99.0,80,97,132,,Chest infection,paraphrase,medium
Came with not waking up for two days,53,female,0,97.7,75,97,79,9,Unconscious / collapsed,keyword,critical
"Ear is aching for one week, a little nausea",8,female,0,,,,,,Ear pain,paraphrase,low
Came with convulsion since morning,67,female,0,100.1,152,96,128,,Seizure,keyword,critical
Loose stools since morning,43,female,0,98.6,73,96,120,3,Stomach pain (mild),paraphrase,low
Broken leg since last night and body pains,14,male,0,,,,,6,Fracture,keyword,high
My son has pneumonia since last night,86,female,0,,,,,,Chest infection,keyword,medium
Patient complains of child pulling at the ear and crying from evening,11,female,0,,,,,,Ear pain,paraphrase,low
Chesty cough for a week since morning,23,male,0,98.7,83,97,118,,Chest infection,paraphrase,medium
My mother has blood pressure check from evening,35,male,0,98.2,85,97,126,,Routine check-up,keyword,low
Having chest infection since last night,40,male,0,,,,,,Chest infection,keyword,medium
Not feeling well since two days from evening,42,female,0,99.0,65,97,133,,Unclassified complaint,unclassified,low
Having unbearable abdominal for three days,13,female,0,98.6,62,98,130,,Severe abdominal pain,keyword,high
Vomiting many times since morning,49,male,0,97.9,82,98,131,7,Persistent vomiting,keyword,medium
My daughter has need to collect my monthly medicines,39,female,0,98.4,85,97,129,,Routine check-up,paraphrase,low
Patient complains of continuous vomiting and very thirsty for one week,72,female,0,,,,,5,Persistent vomiting,paraphrase,medium
My father has pain inside the ear and blocked feeling,1,female,0,98.5,83,97,109,,Ear pain,paraphrase,low
"Having throwing up everything I eat since yesterday suddenly, no breathing difficulty",40,female,0,,,,,,Persistent vomiting,paraphrase,medium
Chesty cough for a week,58,male,0,,,,,,Chest infection,paraphrase,medium
Having sugar check for three days,63,male,0,,,,,,Routine check-up,keyword,low
"Need a fitness certificate since yesterday, slight headache",40,female,0,,,,,5,Routine check-up,paraphrase,low
Speech became unclear suddenly,37,male,0,,,,,7,Stroke signs,paraphrase,critical
Broken leg suddenly,69,female,0,,,,,,Fracture,keyword,high
"Cannot move my leg since yesterday, not eating well",44,female,0,98.6,87,99,107,,Fracture,keyword,high
"Blood pressure check since last night, not eating well",15,female,0,99.6,100,98,115,,Routine check-up,keyword,low
Having stiff back since morning from evening,51,male,0,98.4,91,78,132,,Back pain,paraphrase,critical
Patient complains of came for regular sugar test since an hour,37,male,0,98.2,95,97,105,2,Routine check-up,paraphrase,low
Having cough bringing up green mucus for one week,53,female,0,,,,,,Chest infection,paraphrase,medium
Cough with yellow sputum and fever since last night and mild cough,49,male,0,,,,,5,Chest infection,paraphrase,medium
Came with chest tightness for three days,62,male,0,99.4,90,96,105,10,Chest pain / suspected heart attack,keyword,critical
"Accident since yesterday and not eating well, no fever",58,female,0,98.7,92,95,145,,Major trauma,keyword,critical
"Seizure from evening and body pains, no chest pain",34,male,0,99.5,102,97,209,,Seizure,keyword,critical
Having routine for three days,29,male,0,98.6,77,95,117,,Routine check-up,keyword,low
Breathing very fast and wheezing badly lips look dark from evening and poor sleep,64,male,0,,,,,,Breathing difficulty,paraphrase,critical
Kerosene from evening,25,male,0,98.1,47,98,127,,Poisoning / bite / overdose,keyword,critical
Severe abdomen,33,male,0,98.4,82,97,118,5,Severe abdominal pain,keyword,high
Patient complains of unbearable pain in the lower right side of the tummy since morning,53,female,0,,,,,,Severe abdominal pain,paraphrase,high
Fitting since last night,22,female,0,98.9,72,99,121,,Seizure,keyword,critical
Unresponsive since last night and feeling tired,3,male,0,99.7,73,96,74,6,Unconscious / collapsed,keyword,critical
Swallowed many sleeping pills since morning,23,male,0,98.3,156,97,107,,Poisoning / bite / overdose,paraphrase,critical
My neighbour has face puffed up and breathing noisy after an injection suddenly,52,female,0,96.3,95,97,135,,Severe allergic reaction,paraphrase,critical
Severe abdomen,10,male,0,,,,,6,Severe abdominal pain,keyword,high
Temperature 103 with chills since an hour,42,male,0,,,,,,High fever (>102°F),paraphrase,high
Keeps vomiting,35,male,0,,,,,,Persistent vomiting,keyword,medium
Having consumed poison since an hour,34,female,0,,,,,,Poisoning / bite / overdose,keyword,critical
"High fever for two days, feeling tired",41,male,0,102.8,82,97,141,,High fever (>102°F),keyword,high
"Unbearable pain in the lower right side of the tummy for two days, feeling tired",12,female,0,99.1,78,96,126,8,Severe abdominal pain,paraphrase,high
Having skin allergy for three days,52,female,0,98.8,84,97,119,3,Skin allergy/rash,keyword,low
Pain in ear for three days and feeling tired,9,male,0,99.1,76,95,130,1,Ear pain,keyword,low
"Hives suddenly, feeling tired",73,female,0,97.7,86,97,120,,Skin allergy/rash,keyword,low
Came with worst head pain of my life for two days,26,female,0,99.3,72,97,87,6,Severe migraine/headache,paraphrase,critical
"Pain while swallowing food , no breathing difficulty",78,male,0,,,,,3,Sore throat,paraphrase,low
"Mild wheeze after climbing stairs since last night, poor sleep",37,female,0,,,,,4,Asthma attack (mild),paraphrase,medium
Chest tight and whistling sound when breathing from evening,41,male,0,98.0,91,95,102,,Asthma attack (mild),paraphrase,medium
Burning with fever since last night and body pains,66,male,0,102.4,82,96,194,,High fever (>102°F),keyword,high
"Used the puffer twice, still a bit tight since morning",62,female,0,,,,,,Asthma attack (mild),paraphrase,medium
Patient complains of chills since an hour,64,male,0,,,,,3,Mild fever,keyword,low
My husband has whole body was shaking and jerking,35,female,0,97.8,41,97,91,,Seizure,paraphrase,critical
"Loose stools since morning since an hour, poor sleep",64,male,0,99.3,82,96,119,,Stomach pain (mild),paraphrase,low
"Bukhar from evening, no chest pain",52,female,0,100.9,76,96,107,,Mild fever,keyword,low
Tonsil for three days and poor sleep,51,female,0,98.6,71,96,143,,Sore throat,keyword,low
My son has continuous vomiting for one week,30,female,0,,,,,,Persistent vomiting,keyword,medium
Patient complains of feeling feverish since evening for three days,75,male,0,100.3,88,98,131,3,Mild fever,paraphrase,low
"Cannot keep even water down for three days, poor sleep",54,female,0,99.4,61,99,136,5,Persistent vomiting,paraphrase,medium
Came with continuous vomiting and very thirsty since yesterday,46,female,0,98.4,98,95,149,,Persistent vomiting,paraphrase,medium
Having scratchy throat and painful to swallow since last night,69,female,0,99.2,85,96,122,,Sore throat,paraphrase,low
Prescription,45,male,0,98.3,88,98,104,,Routine check-up,keyword,low
Came with runny nose since morning,15,male,0,,,,,1,Cold & cough,keyword,low
My daughter has back is aching while bending since morning,33,female,0,98.1,68,97,119,,Back pain,paraphrase,low
"Gunshot since an hour, slight headache",46,male,0,98.5,129,97,139,7,Major trauma,keyword,critical
Patient complains of unbearable abdominal since an hour,75,male,0,98.6,48,96,156,8,Severe abdominal pain,keyword,high
Inhaler,55,male,0,99.1,78,96,106,,Asthma attack (mild),keyword,medium
"Stiff back since morning since an hour, no vomiting",23,female,1,97.9,74,98,118,,Back pain,paraphrase,low
"Arm looks deformed after falling from the bike, no chest pain",8,male,0,98.4,68,97,116,,Fracture,paraphrase,high
"Used the puffer twice, still a bit tight and a little nausea",45,male,0,98.3,92,97,206,,Asthma attack (mild),paraphrase,medium
Having backache suddenly,45,female,0,,,,,4,Back pain,keyword,low
Came with cannot keep even water down,10,female,0,,,,,6,Persistent vomiting,paraphrase,medium
"Throwing up everything I eat since yesterday since morning, a little nausea",48,female,0,,,,,,Persistent vomiting,paraphrase,medium
Skin peeled off after boiling water spilled from evening,2,female,0,99.8,77,96,83,6,Severe burns / electric shock,paraphrase,critical
Came with bleeding heavily,32,female,0,,,,,6,Severe bleeding,keyword,critical
My son has unconscious for one week,26,female,0,,,,,10,Unconscious / collapsed,keyword,critical
"Very hot to touch and rigors at night for one week, poor sleep, no vomiting",49,female,0,,,,,,High fever (>102°F),paraphrase,high
Fell from the terrace,5,male,0,,,,,8,Major trauma,keyword,critical
Having blocked nose and mild cough,41,male,0,,,,,,Cold & cough,paraphrase,low
Having itching,67,female,0,99.0,89,98,118,4,Skin allergy/rash,keyword,low
Cough bringing up green mucus since yesterday,36,female,1,,,,,,Chest infection,paraphrase,medium
Vomited ten times since morning,47,female,0,98.4,78,97,142,6,Persistent vomiting,paraphrase,medium
Having severe allergic since yesterday,58,male,0,98.5,74,99,116,,Severe allergic reaction,keyword,critical
My neighbour has hives all over and voice became hoarse for one week,64,female,0,,,,,,Severe allergic reaction,paraphrase,critical
Patient complains of burning hot body and shivering since two days since morning,61,male,0,103.0,86,99,145,,High fever (>102°F),paraphrase,high
Patient complains of heavy vaginal bleeding with dizziness since yesterday,44,male,0,98.8,84,97,126,8,Severe bleeding,paraphrase,critical
"Keeps vomiting for one week, a little nausea",44,female,0,98.2,69,97,122,8,Persistent vomiting,keyword,medium
Bone is bent after the fall,75,male,0,,,,,,Fracture,paraphrase,high
Patient complains of itchy,26,female,0,,,,,,Skin allergy/rash,keyword,low
Having blocked nose from evening,25,female,0,98.9,80,99,120,2,Cold & cough,keyword,low
Having severe headache,21,male,0,98.2,72,96,118,,Severe migraine/headache,keyword,medium
Convulsion since morning,42,female,0,99.3,139,98,107,,Seizure,keyword,critical
Rolling on the floor with belly pain since last night and not eating well,32,male,0,99.2,50,99,147,7,Severe abdominal pain,paraphrase,high
Having neck pain since yesterday,91,male,0,,,,,3,Back pain,keyword,low
Having stiff back since morning from evening,1,female,0,99.3,72,97,121,,Back pain,paraphrase,low
Broken leg,64,female,0,98.1,91,98,123,,Fracture,keyword,high
Broken bone,25,male,0,,,,,,Fracture,keyword,high
"Earache since yesterday, feeling tired",9,female,0,98.9,81,96,138,,Ear pain,keyword,low
My neighbour has check up since morning,55,female,0,98.3,90,96,143,3,Routine check-up,keyword,low
"Throbbing pain on one side of the head with vomiting since morning, not eating well",51,male,0,,,,,,Severe migraine/headache,paraphrase,medium
Checkup,18,female,0,,,,,,Routine check-up,keyword,low
Patient complains of mild wheeze after climbing stairs,35,female,0,,,,,,Asthma attack (mild),paraphrase,medium
Having pain in my ear,10,female,0,100.2,75,97,130,3,Ear pain,keyword,low
"Used the puffer twice, still a bit tight since yesterday and poor sleep",58,male,0,99.2,93,97,146,,Asthma attack (mild),paraphrase,medium
Came with nasal congestion since yesterday,44,male,0,,,,,,Cold & cough,keyword,low
My daughter has ear is aching from evening,48,male,0,99.3,72,97,121,1,Ear pain,paraphrase,low
Having breathing trouble since an hour,1,female,0,98.8,93,98,72,,Breathing difficulty,keyword,critical
My husband has worst headache since morning,33,male,0,99.0,76,98,114,5,Severe migraine/headache,keyword,medium
My wife has loose stools since morning suddenly,36,female,0,97.0,98,96,145,,Stomach pain (mild),paraphrase,low
Skin peeled off after boiling water spilled,63,female,0,,,,,,Severe burns / electric shock,paraphrase,critical
Mild ache in the tummy after food for three days,26,female,0,99.0,80,98,105,3,Stomach pain (mild),paraphrase,low
"Red spots on the arms that itch suddenly, not eating well",41,male,0,,,,,2,Skin allergy/rash,paraphrase,low
Cough for two days and body pains,57,female,0,99.1,89,96,109,,Cold & cough,keyword,low
Patient complains of temperature 103 with chills,25,male,0,,,,,10,High fever (>102°F),paraphrase,high
Having heavy vaginal bleeding with dizziness,53,female,0,98.9,82,98,121,,Severe bleeding,paraphrase,critical
Rash since last night and feeling tired,15,female,0,,,,,1,Skin allergy/rash,keyword,low
"Cannot put weight on the ankle after twisting it suddenly, poor sleep, no bleeding",48,female,0,98.9,77,97,141,9,Fracture,paraphrase,high
My grandmother has ear ache for two days,5,male,0,98.0,106,96,124,,Ear pain,keyword,low
Having feeling feverish since evening since yesterday,64,female,0,100.0,73,98,127,4,Mild fever,paraphrase,low
Patient complains of breathing difficulty suddenly,22,female,0,98.8,75,91,112,,Breathing difficulty,keyword,critical
Patient complains of review visit for three days,15,female,0,,,,,,Routine check-up,keyword,low
Came with ear is aching for one week,7,male,0,100.1,98,97,115,2,Ear pain,paraphrase,low
Upset stomach and gas and mild cough,37,male,0,,,,,,Stomach pain (mild),paraphrase,low
"Came with stiff back since morning suddenly, not unconscious",58,female,0,,,,,3,Back pain,paraphrase,low
Came with stiff back since morning suddenly,53,male,0,97.9,85,95,189,,Back pain,paraphrase,high
Follow up visit for blood pressure from evening,53,male,0,,,,,5,Routine check-up,paraphrase,low
Patient complains of neck pain for two days,22,male,0,98.6,90,97,104,,Back pain,keyword,low
Sleep problems since yesterday,67,male,0,99.3,75,96,126,5,Unclassified complaint,unclassified,low
Severe headache for one week and body pains,36,female,0,,,,,5,Severe migraine/headache,keyword,medium
Patient complains of feeling tired and weak since morning,31,male,0,98.8,86,97,127,,Unclassified complaint,unclassified,low
"Head is pounding and light hurts the eyes for one week, a little nausea",34,male,0,,,,,,Severe migraine/headache,paraphrase,medium
Patient complains of eczema,32,female,0,,,,,2,Skin allergy/rash,keyword,low
Having cough with yellow sputum and fever,68,male,0,98.1,72,81,118,,Chest infection,paraphrase,critical
My grandmother has spine pain for one week,60,male,0,97.9,94,98,105,,Back pain,keyword,low
My daughter has abdominal pain,45,female,0,,,,,,Stomach pain (mild),keyword,low
Came for regular sugar test,16,female,0,98.7,99,95,140,,Routine check-up,paraphrase,low
"Runny nose since last night, feeling tired",21,female,0,,,,,2,Cold & cough,keyword,low
Chest congestion since morning,40,male,0,98.7,66,96,134,,Chest infection,keyword,medium
Came with paralysed since an hour,49,male,0,99.1,93,98,138,8,Stroke signs,keyword,critical
Having cough with yellow sputum and fever since yesterday,27,female,0,98.5,90,96,119,,Chest infection,paraphrase,medium
"Scratchy throat and painful to swallow since morning, slight headache",8,female,0,,,,,2,Sore throat,paraphrase,low
Scratchy throat and painful to swallow,58,female,0,98.8,73,96,123,,Sore throat,paraphrase,low
Back is aching while bending since morning,53,male,0,98.8,68,97,138,,Back pain,paraphrase,low
Back is aching while bending since last night and slight headache,55,female,0,,,,,,Back pain,paraphrase,low
Having neck pain since last night,38,female,0,97.9,90,95,117,,Back pain,keyword,low
Rolling on the floor with belly pain,54,male,0,99.6,57,96,87,,Severe abdominal pain,paraphrase,critical
My grandmother has very hot to touch and rigors at night,5,female,0,,,,,9,High fever (>102°F),paraphrase,high
Bad headache since yesterday and feeling tired,48,female,0,98.4,108,98,123,,Severe migraine/headache,keyword,medium
"Temperature 103 with chills since last night, not eating well",71,female,0,103.9,87,97,110,5,High fever (>102°F),paraphrase,high
Patient complains of mild wheeze after climbing stairs since last night,34,male,0,98.8,82,97,120,,Asthma attack (mild),paraphrase,high
Vomited ten times since morning for three days,26,female,0,99.8,74,96,115,,Persistent vomiting,paraphrase,medium
Throwing up everything I eat since yesterday,54,female,0,98.5,83,99,132,,Persistent vomiting,paraphrase,medium
Came with dehydrated for one week,32,male,0,,,,,,Persistent vomiting,keyword,medium
Having chest tight and whistling sound when breathing since last night,41,male,0,,,,,,Asthma attack (mild),paraphrase,medium
Mild ache in the tummy after food since yesterday,33,female,0,,,,,,Stomach pain (mild),paraphrase,low
Patient complains of throbbing pain on one side of the head with vomiting since an hour,61,female,0,97.8,85,97,117,,Severe migraine/headache,paraphrase,medium
Patient complains of head is pounding and light hurts the eyes from evening,38,female,0,99.7,76,97,111,6,Severe migraine/headache,paraphrase,medium
"Vomiting diarrhoea for three days, no breathing difficulty",24,male,0,,,,,,Persistent vomiting,keyword,medium
Patient complains of had a fit and bit the tongue from evening,68,female,0,,,,,,Seizure,paraphrase,critical
Patient complains of rolling on the floor with belly pain since last night,19,male,0,,,,,10,Severe abdominal pain,paraphrase,high
Came with very hot to touch and rigors at night since last night,47,male,0,103.3,78,97,125,,High fever (>102°F),paraphrase,high
Patient complains of spine pain since yesterday,40,male,0,97.8,102,98,122,,Back pain,keyword,low
Throat infection,39,female,0,98.0,86,98,115,3,Sore throat,keyword,low
My wife has bukhar from evening,26,male,0,,,,,3,Mild fever,keyword,low
"Patient complains of cannot lift left hand since morning, words coming out wrong for one week",62,male,0,,,,,10,Stroke signs,paraphrase,critical
"Chills for three days, not eating well",43,male,0,,,,,4,Mild fever,keyword,low
Skin is itching after using a new soap suddenly,40,male,0,98.2,87,95,132,,Skin allergy/rash,paraphrase,low
Chesty cough for a week,92,male,0,100.3,90,98,124,,Chest infection,paraphrase,medium
Patient complains of fever touching 104 since yesterday for one week,10,male,0,103.0,95,97,143,,High fever (>102°F),paraphrase,high
My neighbour has chest tight and whistling sound when breathing for one week,17,male,0,,,,,,Asthma attack (mild),paraphrase,medium
Throat pain since morning and a little nausea,23,female,0,,,,,,Sore throat,keyword,low
"My neighbour has throat closing after a bee sting suddenly, no breathing difficulty",39,male,0,98.5,100,96,92,,Severe allergic reaction,paraphrase,critical
"Temperature 103 with chills, not unconscious",62,male,0,104.2,71,97,147,,High fever (>102°F),paraphrase,high
"Eczema for two days, slight headache",41,female,0,97.0,63,97,144,,Skin allergy/rash,keyword,low
Red spots on the arms that itch for one week,22,female,0,99.4,81,98,117,5,Skin allergy/rash,paraphrase,low
My wife has need to collect my monthly medicines for three days,32,female,0,99.3,84,96,125,4,Routine check-up,paraphrase,low
Came with child pulling at the ear and crying for three days,11,male,0,98.7,70,98,103,,Ear pain,paraphrase,low
"Came with soaked three cloths with blood for one week, no vomiting",59,female,0,,,,,,Severe bleeding,paraphrase,critical
My grandmother has throbbing pain on one side of the head with vomiting since an hour,48,female,0,,,,,,Severe migraine/headache,paraphrase,medium
"Blocked nose and mild cough for one week and a little nausea, no bleeding",51,female,0,99.5,79,97,108,,Cold & cough,paraphrase,low
Having bone is bent after the fall since morning,37,male,0,,,,,,Fracture,paraphrase,high
Worst headache since yesterday,11,male,0,97.5,94,98,84,8,Severe migraine/headache,keyword,critical
Patient complains of repeated vomiting suddenly,76,female,0,97.9,84,96,131,,Persistent vomiting,keyword,medium
Unbearable abdominal since last night and mild cough,60,female,0,,,,,,Severe abdominal pain,keyword,high
"Hives from evening and slight headache, no vomiting",29,female,0,98.9,69,97,110,,Skin allergy/rash,keyword,low
Feeling feverish since evening for one week,37,male,0,,,,,,Mild fever,paraphrase,low
"Continuous vomiting and very thirsty since morning, body pains",4,male,0,97.6,85,97,94,7,Persistent vomiting,paraphrase,medium
My father has inhaler since morning,29,male,0,98.9,91,97,89,,Asthma attack (mild),keyword,critical
Having broken ankle suddenly,21,female,0,,,,,,Fracture,keyword,high
My neighbour has cough bringing up green mucus since morning,32,male,0,99.3,84,97,122,,Chest infection,paraphrase,medium
Red patches on the back since yesterday,52,male,0,98.6,96,98,124,,Skin allergy/rash,paraphrase,low
Tummy pain for one week,29,male,0,97.8,85,97,140,4,Stomach pain (mild),keyword,low
Patient complains of stomach is rock hard and paining terribly since last night,1,female,0,,,,,10,Severe abdominal pain,paraphrase,high
My husband has pain while swallowing food for three days,56,female,0,,,,,,Sore throat,paraphrase,low
Patient complains of child pulling at the ear and crying since yesterday,39,female,0,,,,,,Ear pain,paraphrase,low
Chest infection from evening and poor sleep,49,male,0,,,,,,Chest infection,keyword,medium
Need to collect my monthly medicines since morning,14,female,0,98.1,89,96,122,,Routine check-up,paraphrase,low
My mother has mild wheeze after climbing stairs since last night,27,male,0,100.7,101,99,132,6,Asthma attack (mild),paraphrase,medium
Came with cough bringing up green mucus since last night,43,female,0,98.8,94,96,134,,Chest infection,paraphrase,medium
"Chest tight and whistling sound when breathing from evening, body pains",36,female,1,,,,,4,Asthma attack (mild),paraphrase,medium
My father has cannot move my leg from evening,3,male,0,98.2,95,98,144,7,Fracture,keyword,high
"Unbearable abdominal for one week, not eating well",92,female,0,97.8,77,97,111,,Severe abdominal pain,keyword,high
Patient complains of blocked nose suddenly,48,male,0,,,,,,Cold & cough,keyword,low
Came with chest tight and whistling sound when breathing for three days,47,male,0,98.6,64,99,109,7,Asthma attack (mild),paraphrase,medium
Ear is aching,8,female,0,99.1,83,97,136,,Ear pain,paraphrase,low
Came with arm looks deformed after falling from the bike for two days,83,male,0,,,,,,Fracture,paraphrase,high
Came with blocked nose and mild cough for three days,26,male,0,99.1,85,99,128,,Cold & cough,paraphrase,low
"Burning with fever for two days, body pains",21,female,0,103.9,73,78,111,,High fever (>102°F),keyword,critical
My son has earache for two days,28,male,0,99.3,83,95,117,2,Ear pain,keyword,low
My wife has skin is itching after using a new soap for three days,53,female,0,98.4,78,97,127,,Skin allergy/rash,paraphrase,low
"My grandmother has splitting headache , no bleeding",45,male,0,,,,,,Severe migraine/headache,keyword,medium
"Pain inside the ear and blocked feeling for two days, a little nausea",48,male,0,,,,,,Ear pain,paraphrase,low
Patient complains of check-up for two days,65,female,0,98.0,79,96,134,5,Routine check-up,keyword,low
Blocked nose and mild cough for one week and mild cough,51,female,0,,,,,,Cold & cough,paraphrase,low
My neighbour has high fever for one week,19,female,0,103.3,72,96,130,,High fever (>102°F),keyword,high
"Belly pain since morning, body pains, not unconscious",61,male,0,99.8,87,98,123,,Stomach pain (mild),keyword,low
Ate some unknown seeds and is drowsy,22,female,0,,,,,,Poisoning / bite / overdose,paraphrase,critical
Having temperature 103 with chills for one week,6,female,0,104.2,95,96,140,,High fever (>102°F),paraphrase,high
Pain in the leg muscles since yesterday and feeling tired,69,male,0,100.0,80,95,113,,Unclassified complaint,unclassified,low
Patient complains of itching since last night,38,male,0,,,,,,Skin allergy/rash,keyword,low
Patient complains of ear is aching since morning,6,male,0,,,,,1,Ear pain,paraphrase,low
Having burning hot body and shivering since two days for two days,37,female,0,,,,,,High fever (>102°F),paraphrase,high
Came with deep cut on the leg bleeding non stop suddenly,48,female,0,98.9,75,93,109,,Severe bleeding,paraphrase,critical
Soaked three cloths with blood since morning and mild cough,46,male,0,99.4,81,96,82,,Severe bleeding,paraphrase,critical
Pain in throat,44,male,0,97.8,72,95,146,,Sore throat,keyword,low
Runny nose and sneezing since two days since an hour,47,female,0,97.7,85,95,118,,Cold & cough,paraphrase,low
Having vomiting since suddenly,25,male,0,,,,,5,Persistent vomiting,keyword,medium
My grandmother has unbearable pain in the lower right side of the tummy since last night,53,female,0,98.6,87,97,114,,Severe abdominal pain,paraphrase,high
"Chesty cough for a week since yesterday, not eating well",35,female,0,99.1,65,97,132,,Chest infection,paraphrase,medium
"Patient complains of hives for two days, no chest pain",31,male,0,,,,,,Skin allergy/rash,keyword,low
Patient complains of bone is bent after the fall for two days,51,male,0,98.9,98,99,139,10,Fracture,paraphrase,high
Came with throat is raw since yesterday for two days,72,male,0,,,,,,Sore throat,paraphrase,low
Having mild wheeze after climbing stairs since last night,66,female,0,,,,,,Asthma attack (mild),paraphrase,medium
Patient complains of inhaler from evening,36,female,0,97.4,69,98,119,,Asthma attack (mild),keyword,medium
"Came with chest pressure suddenly, no breathing difficulty",20,male,0,,,,,,Chest pain / suspected heart attack,keyword,critical
Cannot put weight on the ankle after twisting it,36,male,0,98.1,95,97,141,6,Fracture,paraphrase,high
Scratchy throat and painful to swallow since yesterday and slight headache,1,male,0,,,,,,Sore throat,paraphrase,low
Patient complains of red spots on the arms that itch for three days,37,male,0,98.2,104,97,125,,Skin allergy/rash,paraphrase,low
Patient complains of vomiting since since yesterday,30,female,1,97.4,82,98,135,,Persistent vomiting,keyword,medium
Low grade temperature and body pains from evening,16,female,0,100.0,63,96,124,,Mild fever,paraphrase,low
My son has excruciating pain in the abdomen since night,28,male,0,,,,,,Severe abdominal pain,paraphrase,high
Came with pain in the lower spine after lifting since last night,28,female,0,98.2,86,99,102,,Back pain,paraphrase,low
"Burning hot body and shivering since two days for two days, a little nausea, no fever",6,male,0,,,,,,High fever (>102°F),paraphrase,high
Very hot to touch and rigors at night since last night and feeling tired,69,male,0,,,,,,High fever (>102°F),paraphrase,high
My mother has pain in the leg muscles since morning,28,male,0,,,,,1,Unclassified complaint,unclassified,low
Having pain in throat suddenly,60,female,0,98.5,69,95,203,,Sore throat,keyword,high
"Fever shivering , body pains",31,male,0,103.1,90,98,120,,High fever (>102°F),keyword,high
"Pain in the leg muscles for one week, feeling tired",60,male,0,,,,,,Unclassified complaint,unclassified,low
Patient complains of sharp pain near the heart with sweating since morning,63,female,0,,,,,,Chest pain / suspected heart attack,paraphrase,critical
Sudden loss of balance and blurred vision,31,male,0,98.7,72,97,137,,Stroke signs,paraphrase,critical
Patient complains of very high fever suddenly,49,male,0,,,,,,High fever (>102°F),keyword,high
Excruciating pain in the abdomen since night since last night,11,male,0,98.5,91,96,108,7,Severe abdominal pain,paraphrase,high
"Patient complains of temperature 103 with chills since morning, no vomiting",80,male,0,102.2,83,97,189,8,High fever (>102°F),paraphrase,high
Snakebite since morning,40,male,0,97.6,43,97,130,,Poisoning / bite / overdose,keyword,critical
Came with cant breathe for three days,61,female,0,98.1,48,96,108,,Breathing difficulty,keyword,critical
Having broken ankle for one week,34,female,0,98.0,82,97,122,8,Fracture,keyword,high
"Chesty cough for a week for three days, poor sleep",36,female,0,97.9,90,99,109,,Chest infection,paraphrase,medium
Having check up since morning,50,female,0,,,,,,Routine check-up,keyword,low
Pneumonia since morning,16,male,0,98.2,96,98,130,8,Chest infection,keyword,medium
"Need a fitness certificate since yesterday, body pains",55,female,0,,,,,,Routine check-up,paraphrase,low
Back pain for two days,43,male,0,,,,,,Back pain,keyword,low
Red spots on the arms that itch from evening and a little nausea,34,female,0,,,,,3,Skin allergy/rash,paraphrase,low
My mother has runny nose and sneezing since two days for two days,32,male,0,98.9,78,96,122,,Cold & cough,paraphrase,low
"My son has general weakness since an hour, no breathing difficulty",61,male,0,98.2,86,99,140,2,Unclassified complaint,unclassified,low
"Having rash since last night, not unconscious",28,female,1,98.6,91,99,117,,Skin allergy/rash,keyword,low
Having not stopping bleeding suddenly,36,male,0,99.8,42,96,107,,Severe bleeding,keyword,critical
"Came with hives all over and voice became hoarse for two days, not unconscious",36,female,1,99.2,128,94,112,,Severe allergic reaction,paraphrase,critical
Patient complains of vaccination for one week,48,female,0,,,,,,Routine check-up,keyword,low
Mouth twisted to one side suddenly and feeling tired,35,female,0,99.4,95,96,129,7,Stroke signs,paraphrase,critical
Pulsating headache with nausea since morning,62,male,0,99.3,67,95,138,,Severe migraine/headache,paraphrase,medium
Came with severe tummy from evening,51,male,0,,,,,,Severe abdominal pain,keyword,high
Broken arm,49,male,0,,,,,,Fracture,keyword,high
Ear is aching for two days,81,male,0,,,,,,Ear pain,paraphrase,low
Patient complains of hit by bike since last night,9,male,0,98.0,84,97,117,,Major trauma,keyword,critical
High temperature suddenly,44,male,0,,,,,9,High fever (>102°F),keyword,high
Not feeling well since two days and body pains,41,female,0,98.4,99,98,129,,Unclassified complaint,unclassified,low
Came with crushing chest since morning,52,male,0,99.3,68,98,95,,Chest pain / suspected heart attack,keyword,critical
My father has cough suddenly,55,female,0,,,,,,Cold & cough,keyword,low
Ate some unknown seeds and is drowsy for three days and not eating well,36,female,0,99.0,34,94,136,9,Poisoning / bite / overdose,paraphrase,critical
Electric shock from evening,23,male,0,,,,,10,Severe burns / electric shock,keyword,critical
Cold,24,male,0,98.5,72,97,114,3,Cold & cough,keyword,low
Throat irritation and cold for three days and mild cough,21,male,0,99.0,85,98,139,,Cold & cough,paraphrase,low
Cough bringing up green mucus,71,male,0,97.7,88,96,125,,Chest infection,paraphrase,medium
My wife has head is pounding and light hurts the eyes since morning,56,female,0,,,,,7,Severe migraine/headache,paraphrase,medium
Continuous vomiting and very thirsty for three days and not eating well,59,male,0,99.5,86,97,146,6,Persistent vomiting,paraphrase,medium
Runny nose,17,female,0,98.1,93,98,142,4,Cold & cough,keyword,low
Backache,41,male,0,98.3,79,96,146,1,Back pain,keyword,medium
Came with mouth twisted to one side suddenly for three days,20,male,0,,,,,,Stroke signs,paraphrase,critical
"Cold for three days, a little nausea",50,female,0,,,,,,Cold & cough,keyword,low
Came with asthma from evening,24,male,0,98.8,75,98,121,,Asthma attack (mild),keyword,medium
Continuous vomiting and very thirsty,40,female,0,99.0,76,96,128,,Persistent vomiting,paraphrase,medium
"Patient complains of chest tight and whistling sound when breathing for three days, no bleeding",41,male,0,97.4,91,99,126,,Asthma attack (mild),paraphrase,medium
My son has slightly warm body and tired,39,female,0,,,,,,Mild fever,paraphrase,low
Need to collect my monthly medicines since yesterday,15,male,0,98.7,90,96,109,4,Routine check-up,paraphrase,low
Came with throat is raw since yesterday for two days,54,female,0,98.5,73,97,138,,Sore throat,paraphrase,low
"Epileptic attack, not unconscious",10,male,0,,,,,7,Seizure,keyword,critical
Patient complains of general weakness since an hour,71,female,0,98.4,83,96,123,4,Unclassified complaint,unclassified,low
Low grade temperature and body pains,43,male,0,100.4,78,98,112,,Mild fever,paraphrase,low
Vomited ten times since morning,49,male,0,97.8,68,98,113,,Persistent vomiting,paraphrase,medium
"Swelling throat from evening, poor sleep",34,male,0,99.1,71,99,123,,Severe allergic reaction,keyword,critical
Dislocated shoulder and feeling tired,37,male,0,97.4,93,100,137,,Fracture,keyword,high
Having bone is bent after the fall suddenly,47,male,0,98.1,85,98,114,,Fracture,paraphrase,high
Feeling feverish since evening,92,male,0,99.6,86,98,107,,Mild fever,paraphrase,low
Having asthma for one week,44,male,0,98.4,89,96,129,,Asthma attack (mild),keyword,medium
My father has head is pounding and light hurts the eyes for one week,56,female,0,,,,,,Severe migraine/headache,paraphrase,medium
Came with arm looks deformed after falling from the bike since morning,35,female,0,98.4,80,98,147,10,Fracture,paraphrase,high
Having feeling feverish since evening for three days,29,male,0,100.1,81,97,145,,Mild fever,paraphrase,low
Came with pulsating headache with nausea since morning since morning,23,female,0,,,,,5,Severe migraine/headache,paraphrase,low
"Blood pressure check since yesterday, no fever",49,male,0,99.1,72,97,116,,Routine check-up,keyword,low
"Used the puffer twice, still a bit tight since an hour",48,female,0,98.3,76,96,130,5,Asthma attack (mild),paraphrase,medium
"Runny nose since last night and slight headache, no chest pain",40,female,0,99.2,71,96,127,,Cold & cough,keyword,low
"Back pain for three days, a little nausea",39,male,0,98.5,86,97,110,,Back pain,keyword,low
Burn face since yesterday and feeling tired,63,female,0,98.6,83,89,128,,Severe burns / electric shock,keyword,critical
"Vomited ten times since morning, no breathing difficulty",71,female,0,98.4,87,98,116,3,Persistent vomiting,paraphrase,medium
My daughter has blocked nose for three days,42,male,0,97.9,77,99,122,,Cold & cough,keyword,low
Patient complains of hit by a lorry from evening,51,male,0,,,,,9,Major trauma,paraphrase,critical
Patient complains of continuous vomiting and very thirsty suddenly,25,female,0,,,,,,Persistent vomiting,paraphrase,medium
"Patient complains of rolling on the floor with belly pain for two days, no fever",20,male,0,98.5,83,97,99,,Severe abdominal pain,paraphrase,high
Hit by a lorry,11,male,0,97.8,49,98,123,,Major trauma,paraphrase,critical
Tonsillitis,13,male,0,98.6,82,95,103,,Sore throat,keyword,low
Having difficulty swallowing for one week,32,male,0,,,,,,Sore throat,keyword,low
My husband has throat closing after a bee sting for three days,55,female,0,,,,,,Severe allergic reaction,paraphrase,critical
"Severe burn , no bleeding",53,female,0,,,,,,Severe burns / electric shock,keyword,critical
Came with burning in the stomach after spicy food since last night,15,female,0,,,,,,Stomach pain (mild),paraphrase,low
Patient complains of hives all over and voice became hoarse for two days,61,female,0,98.4,81,97,110,,Severe allergic reaction,paraphrase,critical
Came with eczema suddenly,37,male,0,98.8,87,97,97,1,Skin allergy/rash,keyword,low
Temperature 103 with chills,35,male,0,102.2,82,96,113,10,High fever (>102°F),paraphrase,high
Came with cannot put weight on the ankle after twisting it suddenly,34,female,0,98.1,79,97,126,6,Fracture,paraphrase,high
Burning in the stomach after spicy food suddenly and not eating well,62,female,0,98.2,89,96,111,,Stomach pain (mild),paraphrase,low
Electric shock for three days and mild cough,30,female,1,,,,,,Severe burns / electric shock,keyword,critical
Having bad headache since an hour,1,female,0,99.5,81,96,116,4,Severe migraine/headache,keyword,medium
Patient complains of black tarry stools and feeling faint since last night,23,male,0,98.6,86,91,99,7,Severe bleeding,paraphrase,critical
Badly burned since last night and a little nausea,24,male,0,97.3,87,80,116,,Severe burns / electric shock,keyword,critical
Having prescription from evening,47,male,0,98.8,80,97,117,4,Routine check-up,keyword,low
Came with excruciating pain in the abdomen since night since last night,44,male,0,,,,,5,Severe abdominal pain,paraphrase,high
"Blood pressure check, no chest pain",46,female,0,98.3,84,100,121,,Routine check-up,keyword,low
Patient complains of red spots on the arms that itch,45,male,0,,,,,,Skin allergy/rash,paraphrase,low
Pain inside the ear and blocked feeling since yesterday and body pains,5,female,0,,,,,5,Ear pain,paraphrase,low
Came with low grade temperature and body pains for three days,35,male,0,101.3,87,99,106,,Mild fever,paraphrase,low
My grandmother has unbearable pain in the lower right side of the tummy suddenly,16,female,0,,,,,,Severe abdominal pain,paraphrase,high
Patient complains of repeated vomiting since an hour,18,female,0,,,,,,Persistent vomiting,keyword,medium
Runny nose and sneezing since two days,42,female,0,98.5,71,98,104,,Cold & cough,paraphrase,low
Runny nose and sneezing since two days since yesterday and a little nausea,43,female,0,98.8,62,98,114,2,Cold & cough,paraphrase,low
Burning hot body and shivering since two days suddenly,23,female,0,102.8,69,97,139,,High fever (>102°F),paraphrase,high
Came with red patches on the back for three days,37,male,0,,,,,3,Skin allergy/rash,paraphrase,low
Having pain in my ear since morning,47,female,0,98.9,91,98,131,2,Ear pain,keyword,low
"Low grade temperature and body pains since an hour, body pains",32,female,0,,,,,3,Mild fever,paraphrase,low
Earache for two days,11,male,0,,,,,,Ear pain,keyword,low
Runny nose and sneezing since two days,1,male,0,97.8,90,98,126,,Cold & cough,paraphrase,low
Stomach ache since last night,41,female,0,,,,,2,Stomach pain (mild),keyword,low
Came with pain inside the ear and blocked feeling from evening,11,female,0,,,,,,Ear pain,paraphrase,low
Pain in the lower spine after lifting since morning,31,female,0,98.9,67,97,109,,Back pain,paraphrase,low
"Chest tight and whistling sound when breathing, no vomiting",18,female,0,,,,,,Asthma attack (mild),paraphrase,medium
Very hot to touch and rigors at night for three days,34,male,0,104.0,81,98,104,5,High fever (>102°F),paraphrase,high
Cough bringing up green mucus from evening,1,female,0,98.2,81,96,143,,Chest infection,paraphrase,medium
My daughter has unbearable stomach for one week,45,female,0,98.5,79,98,128,7,Severe abdominal pain,keyword,high
"Patient complains of pain in the lower spine after lifting for three days, no breathing difficulty",26,male,0,97.7,93,98,143,,Back pain,paraphrase,low
Pain in the lower spine after lifting suddenly and a little nausea,9,female,0,,,,,,Back pain,paraphrase,low
Came with cannot put weight on the ankle after twisting it,21,male,0,97.5,81,99,123,,Fracture,paraphrase,high
Jerking movements and foam from mouth suddenly,57,female,0,,,,,,Seizure,paraphrase,critical
Having very high fever since morning,47,male,0,102.8,89,81,120,,High fever (>102°F),keyword,critical
"Bone is bent after the fall for two days, slight headache",18,female,0,,,,,,Fracture,paraphrase,high
Came with badly burned,32,female,0,98.6,34,98,130,,Severe burns / electric shock,keyword,critical
"Throat irritation and cold from evening, mild cough",20,male,0,98.9,89,97,117,,Cold & cough,paraphrase,low
Burning hot body and shivering since two days,60,male,0,,,,,7,High fever (>102°F),paraphrase,high
"Cannot keep even water down from evening, slight headache",14,male,0,97.0,88,97,113,6,Persistent vomiting,paraphrase,medium
"Sugar check for one week, body pains",1,female,0,97.4,79,97,100,3,Routine check-up,keyword,low
Very high fever since morning,17,male,0,,,,,,High fever (>102°F),keyword,critical
Chesty cough for a week and not eating well,27,female,0,99.1,147,95,105,6,Chest infection,paraphrase,critical
Having pain while swallowing food since morning,25,male,0,,,,,,Sore throat,paraphrase,low
Lower back for one week and not eating well,29,male,0,97.8,78,97,110,,Back pain,keyword,low
My son has pain in the lower spine after lifting for two days,82,male,0,99.4,74,98,132,,Back pain,paraphrase,low
Having high temperature for three days,60,male,0,,,,,6,High fever (>102°F),keyword,high
Red spots on the arms that itch since yesterday,29,male,0,98.3,67,99,115,5,Skin allergy/rash,paraphrase,low
Stomach is rock hard and paining terribly for two days,37,female,0,,,,,5,Severe abdominal pain,paraphrase,high
Came with continuous vomiting and very thirsty for one week,71,male,0,98.4,88,96,157,5,Persistent vomiting,paraphrase,medium
Sore throat,34,female,0,98.2,79,96,124,,Sore throat,keyword,low
My son has arm looks deformed after falling from the bike since yesterday,41,female,0,98.4,99,95,123,,Fracture,paraphrase,high
Having eyes rolled up and became limp for three days,72,female,0,98.4,129,95,128,,Unconscious / collapsed,paraphrase,critical
Fever touching 104 since yesterday,40,female,0,102.8,99,97,119,,High fever (>102°F),paraphrase,high
My wife has lips and eyes swelled up after eating prawns since yesterday,48,female,0,98.0,89,85,91,,Severe allergic reaction,paraphrase,critical
"Not feeling well since two days, no breathing difficulty",10,male,0,97.6,92,96,121,,Unclassified complaint,unclassified,low
Patient complains of heavy vaginal bleeding with dizziness since an hour,41,female,1,99.9,87,98,112,6,Severe bleeding,paraphrase,critical
Having heard a crack in the wrist and it is swollen for one week,18,female,0,98.7,82,96,105,,Fracture,paraphrase,high
Loose stools since morning since an hour and slight headache,14,female,0,98.2,80,98,129,,Stomach pain (mild),paraphrase,low
Back pain,64,female,0,99.0,83,98,140,2,Back pain,keyword,low
Came with cannot put weight on the ankle after twisting it since morning,16,male,0,,,,,9,Fracture,paraphrase,high
"Rash since an hour, poor sleep",33,male,0,98.2,90,97,119,,Skin allergy/rash,keyword,low
Patient complains of high temperature from evening,40,female,0,102.5,93,96,154,9,High fever (>102°F),keyword,high
Hit head for one week and slight headache,48,male,0,,,,,8,Major trauma,keyword,critical
Having very high fever since an hour,60,male,0,103.6,155,97,118,,High fever (>102°F),keyword,critical
Having skin is itching after using a new soap for two days,12,female,0,,,,,,Skin allergy/rash,paraphrase,low
"Chest infection since an hour, feeling tired",27,male,0,,,,,8,Chest infection,keyword,medium
Severe stomach pain since yesterday,72,female,0,99.2,88,97,128,,Severe abdominal pain,keyword,high
Skin allergy from evening and slight headache,28,female,0,99.4,85,96,111,,Skin allergy/rash,keyword,low
Came with child pulling at the ear and crying since yesterday,61,male,0,,,,,,Ear pain,paraphrase,low
My grandmother has runny nose and sneezing since two days since morning,57,male,0,97.4,73,99,126,,Cold & cough,paraphrase,low
Having pain while swallowing food for one week,43,male,0,99.5,107,96,132,,Sore throat,paraphrase,low
Having pain in throat for three days,24,male,0,98.6,93,97,112,5,Sore throat,keyword,low
Vomited ten times since morning since an hour and feeling tired,63,male,0,,,,,6,Persistent vomiting,paraphrase,low
Came with throwing up everything I eat since yesterday suddenly,48,male,0,,,,,,Persistent vomiting,paraphrase,medium
Hit by bike,65,male,0,,,,,,Major trauma,keyword,critical
"Excruciating pain in the abdomen since night since an hour, slight headache",56,male,0,99.1,84,95,110,8,Severe abdominal pain,paraphrase,high
My father has eyes rolled up and became limp since morning,75,male,0,,,,,9,Unconscious / collapsed,paraphrase,critical
Came with throat is raw since yesterday since yesterday,31,male,0,98.6,93,94,121,3,Sore throat,paraphrase,low
"Throat closing after a bee sting for two days, feeling tired",61,female,0,99.0,47,99,125,7,Severe allergic reaction,paraphrase,critical
"Loose stools since morning , no chest pain",16,male,0,,,,,,Stomach pain (mild),paraphrase,low
Patient complains of phlegm since yesterday,27,male,0,98.0,64,100,77,,Chest infection,keyword,critical
Tonsil from evening and a little nausea,69,female,0,97.5,76,95,135,,Sore throat,keyword,low
My neighbour has slightly warm body and tired for three days,80,female,0,100.7,96,95,99,,Mild fever,paraphrase,low
Came with worst head pain of my life for one week,51,female,0,,,,,8,Severe migraine/headache,paraphrase,medium
"Skin is itching after using a new soap from evening, mild cough",4,male,0,99.0,91,96,126,,Skin allergy/rash,paraphrase,low
Having black tarry stools and feeling faint for two days,49,male,0,99.2,75,98,89,,Severe bleeding,paraphrase,critical
"Pain in chest for two days, feeling tired",21,female,1,98.0,92,96,123,,Chest pain / suspected heart attack,keyword,critical
"Having head is pounding and light hurts the eyes for three days, no bleeding",4,female,0,98.2,92,96,132,,Severe migraine/headache,paraphrase,medium
"My grandmother has soaked three cloths with blood , no breathing difficulty",4,female,0,,,,,,Severe bleeding,paraphrase,critical
"My wife has blood is gushing from the cut , not unconscious",16,female,0,97.8,97,96,90,7,Severe bleeding,paraphrase,critical
Pain in the lower spine after lifting,34,male,0,98.5,98,96,107,,Back pain,paraphrase,low
Red spots on the arms that itch,77,male,0,99.4,78,97,128,,Skin allergy/rash,paraphrase,low
My neighbour has excruciating pain in the abdomen since night since last night,23,male,0,,,,,10,Severe abdominal pain,paraphrase,high
"High fever for one week, poor sleep, no chest pain",33,female,0,,,,,,High fever (>102°F),keyword,high
Worst head pain of my life since yesterday and body pains,61,male,0,99.2,81,97,134,,Severe migraine/headache,paraphrase,medium
Came with vomiting diarrhoea for one week,68,male,0,,,,,,Persistent vomiting,keyword,medium
Came with vomited ten times since morning for three days,18,female,0,98.3,78,96,122,8,Persistent vomiting,paraphrase,medium
Came with lower back from evening,37,male,0,99.2,82,98,96,,Back pain,keyword,low
"Breathing very fast and wheezing badly lips look dark, no chest pain",68,male,0,98.7,82,97,107,,Breathing difficulty,paraphrase,critical
Having mouth twisted to one side suddenly since morning,40,female,0,,,,,7,Stroke signs,paraphrase,critical
"Severe headache for three days and a little nausea, no fever",23,male,0,,,,,,Severe migraine/headache,keyword,medium
"Not feeling well since two days for one week, body pains",43,female,0,,,,,3,Unclassified complaint,unclassified,low
"Blood pressure check since yesterday, poor sleep",55,female,0,,,,,2,Routine check-up,keyword,low
Patient complains of very hot to touch and rigors at night for three days,68,male,0,104.4,94,98,148,,High fever (>102°F),paraphrase,high
My father has appendicitis since an hour,42,female,0,,,,,,Severe abdominal pain,keyword,high
Slightly warm body and tired,56,female,0,,,,,,Mild fever,paraphrase,low
Came with nasal congestion since an hour,40,female,0,,,,,,Cold & cough,keyword,low
My son has chills since last night,39,male,0,101.2,108,97,107,,Mild fever,keyword,low
Sore throat,61,female,0,98.7,98,98,120,,Sore throat,keyword,low
Burning in the stomach after spicy food,60,male,0,,,,,,Stomach pain (mild),paraphrase,low
Red patches on the back,48,female,0,97.5,82,98,108,4,Skin allergy/rash,paraphrase,low
Having cough since an hour,61,female,0,,,,,,Cold & cough,keyword,low
Came with red spots on the arms that itch from evening,8,male,0,,,,,,Skin allergy/rash,paraphrase,low
Came with keep vomiting since last night,54,male,0,,,,,,Persistent vomiting,keyword,medium
Inhaler for one week and feeling tired,49,male,0,,,,,,Asthma attack (mild),keyword,medium
Having burning hot body and shivering since two days for three days,38,female,0,104.5,44,96,117,6,High fever (>102°F),paraphrase,high
My son has mild ache in the tummy after food since morning,54,male,0,97.9,82,98,86,,Stomach pain (mild),paraphrase,critical
"Used the puffer twice, still a bit tight and mild cough",65,male,0,98.9,70,96,105,3,Asthma attack (mild),paraphrase,medium
My son has chest tight and whistling sound when breathing for three days,1,male,0,99.5,61,96,200,,Asthma attack (mild),paraphrase,high
Came with fell off a ladder from the second floor for three days,20,female,0,99.0,83,92,112,,Major trauma,paraphrase,critical
Fever shivering and not eating well,15,male,0,,,,,5,High fever (>102°F),keyword,high
My grandmother has tonsillitis suddenly,24,male,0,98.7,74,96,139,1,Sore throat,keyword,low
"Came with pain while swallowing food for one week, no fever",74,male,0,98.9,84,96,130,,Sore throat,paraphrase,low
Having sudden loss of balance and blurred vision since morning,14,female,0,98.8,88,86,112,7,Stroke signs,paraphrase,critical
Having very hot to touch and rigors at night suddenly,52,female,0,103.3,75,95,121,,High fever (>102°F),paraphrase,high
"Anaphylaxis suddenly, body pains",27,female,0,98.9,72,85,112,7,Severe allergic reaction,keyword,critical
"Pain inside the ear and blocked feeling since morning and not eating well, no bleeding",12,female,0,100.0,85,97,110,,Ear pain,paraphrase,low
Patient complains of throat irritation and cold since morning,13,male,0,99.0,69,96,101,,Cold & cough,paraphrase,low
"Patient complains of abdomen pain since last night, not unconscious",40,male,0,99.3,83,96,122,,Stomach pain (mild),keyword,low
Patient complains of very high fever for one week,50,male,0,,,,,,High fever (>102°F),keyword,high
Stomach pain for three days,42,female,0,97.7,86,99,124,1,Stomach pain (mild),keyword,low
"My neighbour has snake bite for one week, no bleeding",46,male,0,,,,,,Poisoning / bite / overdose,keyword,critical
Having very hot to touch and rigors at night since an hour,34,male,0,104.0,85,97,139,,High fever (>102°F),paraphrase,high
My neighbour has worst head pain of my life since morning,77,male,0,97.8,78,97,134,8,Severe migraine/headache,paraphrase,medium
My daughter has feeling feverish since evening since yesterday,62,male,0,,,,,,Mild fever,paraphrase,low
"Sudden loss of balance and blurred vision since morning and mild cough, no breathing difficulty",33,male,0,,,,,8,Stroke signs,paraphrase,critical
Ear pain since yesterday,5,male,0,,,,,,Ear pain,keyword,low
Having cough for one week,41,male,0,,,,,,Cold & cough,keyword,low
Patient complains of excruciating pain in the abdomen since night suddenly,65,female,0,98.2,66,97,136,5,Severe abdominal pain,paraphrase,high
Earache since an hour,1,female,0,,,,,3,Ear pain,keyword,low
Having ear is aching,45,male,0,,,,,,Ear pain,paraphrase,low
Came for regular sugar test,37,female,0,99.0,92,96,124,,Routine check-up,paraphrase,low
Came with temperature 103 with chills since morning,33,female,0,103.1,156,100,123,10,High fever (>102°F),paraphrase,critical
Face puffed up and breathing noisy after an injection since morning and mild cough,18,male,0,,,,,,Severe allergic reaction,paraphrase,critical
"Patient complains of chest congestion since an hour, no breathing difficulty",29,male,0,99.4,87,95,137,,Chest infection,keyword,medium
Mouth twisted to one side suddenly for one week,47,female,0,98.8,95,98,138,7,Stroke signs,paraphrase,critical
"Cannot put weight on the ankle after twisting it, no vomiting",57,female,0,,,,,5,Fracture,paraphrase,high
"Body ache from evening, feeling tired, not unconscious",13,female,0,,,,,,Mild fever,keyword,low
Pain in the lower spine after lifting from evening,52,male,0,99.8,66,97,95,4,Back pain,paraphrase,low
Chest infection,47,male,0,99.0,95,97,116,7,Chest infection,keyword,high
"Patient complains of back is aching while bending since morning, no bleeding",66,female,0,,,,,,Back pain,paraphrase,low
My mother has rash for three days,79,male,0,,,,,,Skin allergy/rash,keyword,low
Broken arm,24,female,0,,,,,,Fracture,keyword,high
Came with stomach upset since an hour,67,male,0,98.4,71,96,123,4,Stomach pain (mild),keyword,low
"Pulsating headache with nausea since morning for three days, feeling tired",31,female,0,97.9,103,97,109,,Severe migraine/headache,paraphrase,medium
"Drank floor cleaner from evening, not eating well",32,female,0,98.3,83,88,109,,Poisoning / bite / overdose,paraphrase,critical
Red patches on the back suddenly and a little nausea,44,male,0,98.3,104,99,118,,Skin allergy/rash,paraphrase,low
Inhaler,51,female,0,98.9,80,97,139,,Asthma attack (mild),keyword,medium
Severe abdomen for three days and mild cough,13,female,0,98.8,87,96,128,8,Severe abdominal pain,keyword,high
Patient complains of low grade temperature and body pains,40,male,0,99.9,85,95,127,,Mild fever,paraphrase,low
My wife has worst head pain of my life from evening,9,female,0,,,,,,Severe migraine/headache,paraphrase,medium
Patient complains of burns on face and hands from a gas cylinder,37,male,0,97.9,78,95,117,,Severe burns / electric shock,paraphrase,critical
Stomach is rock hard and paining terribly since an hour,77,male,0,,,,,,Severe abdominal pain,paraphrase,high
Feeling feverish since evening,48,male,0,100.7,82,99,120,,Mild fever,paraphrase,low
Follow-up since an hour,91,male,0,100.3,86,98,107,,Routine check-up,keyword,low
"Hit by a lorry suddenly, not eating well, no fever",55,male,0,97.8,44,94,107,,Major trauma,paraphrase,critical
Having asthma suddenly,56,female,0,,,,,,Asthma attack (mild),keyword,medium
Eyes rolled up and became limp,10,male,0,,,,,,Unconscious / collapsed,paraphrase,critical
My father has heart attack since yesterday,47,female,0,99.0,79,92,116,6,Chest pain / suspected heart attack,keyword,critical
"Throat is raw since yesterday , not eating well",53,female,0,,,,,,Sore throat,paraphrase,low
Had a fit and bit the tongue,31,male,0,97.8,82,98,121,8,Seizure,paraphrase,critical
Mild ache in the tummy after food from evening,50,male,0,,,,,,Stomach pain (mild),paraphrase,low
"Used the puffer twice, still a bit tight for one week",43,female,0,99.7,99,96,131,7,Asthma attack (mild),paraphrase,medium
My daughter has cough with sputum for two days,59,female,0,97.4,85,98,123,,Chest infection,keyword,medium
Back is aching while bending,26,male,0,98.7,85,96,123,,Back pain,paraphrase,low
Having ear pain from evening,55,female,0,97.8,89,98,135,,Ear pain,keyword,low
Ear infection from evening and not eating well,30,male,0,,,,,4,Ear pain,keyword,low
Bone is bent after the fall since an hour,71,female,0,,,,,7,Fracture,paraphrase,high
Mild ache in the tummy after food since yesterday and poor sleep,36,female,0,,,,,2,Stomach pain (mild),paraphrase,low
Having had a fit and bit the tongue since an hour,32,female,0,,,,,,Seizure,paraphrase,critical
Having throat is raw since yesterday since an hour,68,male,0,,,,,,Sore throat,paraphrase,low
"Phlegm since yesterday, slight headache",10,female,0,,,,,,Chest infection,keyword,medium
"Continuous vomiting and very thirsty suddenly and mild cough, no bleeding",24,female,0,97.6,75,96,112,,Persistent vomiting,paraphrase,medium
Stomach very severe since last night and a little nausea,31,female,0,,,,,7,Severe abdominal pain,keyword,high
Patient complains of tummy ache for two days,40,male,0,100.0,81,96,119,4,Stomach pain (mild),keyword,low
Patient complains of severe belly for three days,41,male,0,,,,,,Severe abdominal pain,keyword,high
Red spots on the arms that itch suddenly and a little nausea,35,female,0,,,,,5,Skin allergy/rash,paraphrase,low
"Throat infection since last night, a little nausea, no breathing difficulty",66,female,0,98.6,88,84,118,,Sore throat,keyword,critical
"Phlegm for three days, slight headache",15,male,0,,,,,,Chest infection,keyword,medium
Upset stomach and gas,28,male,0,99.7,77,98,137,4,Stomach pain (mild),paraphrase,low
Sugar check for three days and body pains,60,male,0,98.0,80,97,138,,Routine check-up,keyword,low
Came with cough bringing up green mucus since morning,65,female,0,,,,,,Chest infection,paraphrase,medium
Stomach very severe,15,male,0,98.4,39,97,101,,Severe abdominal pain,keyword,critical
"Having cannot move my arm for three days, no bleeding",26,female,0,,,,,,Fracture,keyword,high
"Ear is aching for three days, a little nausea",48,female,0,,,,,,Ear pain,paraphrase,low
"Unconscious , feeling tired",43,male,0,,,,,7,Unconscious / collapsed,keyword,critical
Back is aching while bending,21,female,0,,,,,4,Back pain,paraphrase,low
My son has burning in the stomach after spicy food since morning,18,female,0,98.0,80,97,91,2,Stomach pain (mild),paraphrase,low
High fever,34,female,0,102.3,93,96,101,,High fever (>102°F),keyword,high
"Rash since last night, mild cough",68,male,0,97.9,96,98,106,,Skin allergy/rash,keyword,low
Having keeps vomiting since last night,34,female,0,98.3,98,99,122,6,Persistent vomiting,keyword,medium
Patient complains of diarrhea since an hour,22,male,0,97.6,81,97,142,1,Stomach pain (mild),keyword,low
"Loss of appetite for one week, slight headache",29,male,0,,,,,1,Unclassified complaint,unclassified,low
Having eyes rolled up and became limp for three days,56,male,0,99.4,73,97,113,7,Unconscious / collapsed,paraphrase,critical
Having broken leg for two days,30,male,0,98.3,82,95,105,6,Fracture,keyword,high
Having high fever for one week,42,male,0,104.3,137,96,129,,High fever (>102°F),keyword,critical
My son has pain in the lower spine after lifting for one week,60,female,0,99.3,74,97,117,,Back pain,paraphrase,low
Temperature 103 with chills since morning and mild cough,30,male,0,104.4,160,98,122,5,High fever (>102°F),paraphrase,critical
My son has throat pain from evening,20,female,0,,,,,,Sore throat,keyword,low
Having tight chest from evening,38,male,0,97.5,136,97,121,,Chest pain / suspected heart attack,keyword,critical
Very hot to touch and rigors at night from evening,71,male,0,,,,,6,High fever (>102°F),paraphrase,high
Came with arm looks deformed after falling from the bike for one week,32,female,0,97.9,93,94,195,,Fracture,paraphrase,high
"Stomach unbearable suddenly, not eating well",64,female,0,99.0,83,98,117,10,Severe abdominal pain,keyword,high
Migraine since last night,28,male,0,98.3,73,95,142,,Severe migraine/headache,keyword,medium
Having unbearable abdominal suddenly,8,male,0,97.5,94,99,129,,Severe abdominal pain,keyword,high
Runny nose and sneezing since two days,21,male,0,,,,,,Cold & cough,paraphrase,low
Patient complains of throbbing pain on one side of the head with vomiting for two days,51,female,0,,,,,,Severe migraine/headache,paraphrase,medium
"Temperature 103 with chills , no fever",48,male,0,103.4,74,98,138,,High fever (>102°F),paraphrase,high
Vomited ten times since morning for one week and slight headache,25,female,1,,,,,,Persistent vomiting,paraphrase,medium
"My father has skin allergy for two days, no chest pain",61,male,0,98.9,81,98,130,,Skin allergy/rash,keyword,low
Patient complains of blocked nose and mild cough from evening,68,female,0,99.4,91,97,124,4,Cold & cough,paraphrase,low
Having itching,44,male,0,98.5,73,97,106,3,Skin allergy/rash,keyword,low
"Ear is aching for two days and feeling tired, no breathing difficulty",1,male,0,98.5,87,98,145,,Ear pain,paraphrase,low
Having head is pounding and light hurts the eyes from evening,28,female,0,100.2,75,97,126,,Severe migraine/headache,paraphrase,medium
My daughter has broken bone for three days,47,male,0,,,,,,Fracture,keyword,high
Heard a crack in the wrist and it is swollen,66,female,0,,,,,8,Fracture,paraphrase,high
Came with burning with fever for one week,45,male,0,102.7,84,97,110,8,High fever (>102°F),keyword,high
Backache for three days and a little nausea,45,female,0,97.6,88,97,101,1,Back pain,keyword,low
Having broken wrist since last night,57,male,0,,,,,,Fracture,keyword,high
Very hot to touch and rigors at night since last night and feeling tired,25,male,0,102.4,92,98,141,7,High fever (>102°F),paraphrase,high
Patient complains of chesty cough for a week suddenly,62,male,0,97.7,76,97,103,,Chest infection,paraphrase,medium
Slightly warm body and tired,27,female,0,,,,,,Mild fever,paraphrase,low
My husband has pain inside the ear and blocked feeling,44,male,0,97.3,95,98,147,2,Ear pain,paraphrase,low
High fever from evening,81,male,0,102.6,66,96,148,,High fever (>102°F),keyword,high
Came with neck pain for one week,48,male,0,98.7,90,98,123,,Back pain,keyword,low
Rash,71,female,0,98.9,72,95,97,4,Skin allergy/rash,keyword,low
Came with excruciating pain in the abdomen since night for two days,50,male,0,98.5,93,96,132,10,Severe abdominal pain,paraphrase,high
Patient complains of broken leg suddenly,6,female,0,,,,,,Fracture,keyword,high
My wife has rolling on the floor with belly pain since an hour,78,female,0,98.2,81,96,137,,Severe abdominal pain,paraphrase,high
Very hot to touch and rigors at night for three days and slight headache,22,female,0,,,,,,High fever (>102°F),paraphrase,high
Pain in ear since an hour,36,male,0,99.2,84,96,128,,Ear pain,keyword,low
"Stomachache since last night, not eating well",17,female,0,,,,,,Stomach pain (mild),keyword,low
"Ear infection from evening, not eating well",50,male,0,99.6,75,98,140,,Ear pain,keyword,low
My son has temperature 103 with chills since yesterday,64,male,0,,,,,,High fever (>102°F),paraphrase,high
Fainting suddenly and not eating well,26,female,1,98.1,75,97,137,6,Unconscious / collapsed,keyword,critical
Patient complains of vaccination from evening,23,male,0,98.6,84,97,130,,Routine check-up,keyword,low
"Broken leg since an hour and feeling tired, no bleeding",42,female,0,98.6,78,99,121,,Fracture,keyword,high
"Throat swelling since an hour and feeling tired, not unconscious",17,male,0,,,,,9,Severe allergic reaction,keyword,critical
"Severe allergic, no vomiting",39,male,0,99.6,77,99,190,8,Severe allergic reaction,keyword,critical
Having worst head pain of my life since yesterday,57,male,0,,,,,,Severe migraine/headache,paraphrase,medium
Patient complains of cough bringing up green mucus for two days,50,male,0,100.8,80,96,125,,Chest infection,paraphrase,medium
Red patches on the back and poor sleep,66,male,0,100.0,92,96,119,2,Skin allergy/rash,paraphrase,low
Slightly warm body and tired for two days,26,female,0,100.3,81,97,116,,Mild fever,paraphrase,low
Came with continuous vomiting for two days,31,female,0,99.0,85,97,121,7,Persistent vomiting,keyword,medium
Having came for regular sugar test since an hour,72,female,0,98.3,81,99,114,5,Routine check-up,paraphrase,low
Temperature for two days and mild cough,33,male,0,100.6,82,96,110,,Mild fever,keyword,low
"Burning in the stomach after spicy food since yesterday, slight headache",42,female,0,96.9,79,97,129,,Stomach pain (mild),paraphrase,low
Intense abdominal for one week and body pains,23,female,0,98.9,71,84,125,,Severe abdominal pain,keyword,critical
Severe head pain,75,male,0,98.8,78,95,139,5,Severe migraine/headache,keyword,medium
Having bone is bent after the fall from evening,15,female,0,,,,,,Fracture,paraphrase,high
Having not feeling well since two days for three days,64,male,0,98.4,82,98,119,,Unclassified complaint,unclassified,low
Need to collect my monthly medicines,50,male,0,,,,,4,Routine check-up,paraphrase,low
Patient complains of severe allergic for two days,50,female,0,98.7,81,78,103,,Severe allergic reaction,keyword,critical
Red patches on the back suddenly,23,male,0,97.9,82,96,133,,Skin allergy/rash,paraphrase,low
My son has productive cough,33,male,0,98.0,74,98,104,,Chest infection,keyword,medium
"Worst headache for one week, feeling tired",41,male,0,,,,,,Severe migraine/headache,keyword,medium
"Excruciating pain in the abdomen since night since morning, not eating well",28,female,0,99.0,96,96,100,,Severe abdominal pain,paraphrase,high
My mother has belly pain since yesterday,25,male,0,,,,,,Stomach pain (mild),keyword,low
"Pain in ear for three days, body pains",18,male,0,,,,,,Ear pain,keyword,low
My husband has worst headache for three days,56,female,0,97.7,79,90,125,7,Severe migraine/headache,keyword,high
"High temperature since an hour, body pains",19,female,0,102.5,93,97,120,5,High fever (>102°F),keyword,high
"Chest tightness from evening, slight headache",48,female,0,99.1,93,98,124,7,Chest pain / suspected heart attack,keyword,critical
Phlegm since morning,18,female,0,,,,,,Chest infection,keyword,medium
Patient complains of red spots on the arms that itch since an hour,33,male,0,98.8,75,97,128,,Skin allergy/rash,paraphrase,low
Runny nose and sneezing since two days,1,male,0,98.7,89,97,134,,Cold & cough,paraphrase,low
Patient complains of spine pain suddenly,66,female,0,98.9,91,98,157,,Back pain,keyword,low
Pain in the lower spine after lifting,60,female,0,100.7,72,97,126,,Back pain,paraphrase,low
Patient complains of unbearable stomach for one week,78,male,0,,,,,,Severe abdominal pain,keyword,high
Having bronchitis for three days,30,male,0,99.8,87,96,142,8,Chest infection,keyword,medium
Having neck pain,86,female,0,99.1,93,97,140,,Back pain,keyword,low
Having pain while swallowing food from evening,19,female,0,100.5,79,96,104,,Sore throat,paraphrase,low
Lost consciousness at home for one week,58,female,0,,,,,,Unconscious / collapsed,paraphrase,critical
Temperature 103 with chills for three days and mild cough,54,male,0,,,,,5,High fever (>102°F),paraphrase,high
Came with temperature for two days,41,female,0,101.2,85,98,125,5,Mild fever,keyword,low
"Pain while swallowing food suddenly, slight headache",46,male,0,98.0,85,98,107,1,Sore throat,paraphrase,low
"Patient complains of blocked nose from evening, not unconscious",38,male,0,98.0,91,98,127,,Cold & cough,keyword,low
Having severe abdominal pain from evening,31,male,0,,,,,,Severe abdominal pain,keyword,high
Having blocked nose and mild cough since morning,31,female,0,98.7,84,98,136,2,Cold & cough,paraphrase,low
My daughter has severe stomach pain from evening,52,male,0,99.6,73,98,133,,Severe abdominal pain,keyword,high
"Having pulsating headache with nausea since morning for one week, not unconscious",36,male,0,,,,,,Severe migraine/headache,paraphrase,medium
My mother has red spots on the arms that itch from evening,58,male,0,98.2,98,98,144,,Skin allergy/rash,paraphrase,low
Came with slightly warm body and tired since last night,65,female,0,99.6,82,95,124,,Mild fever,paraphrase,low
Patient complains of severe abdomen for three days,37,male,0,,,,,,Severe abdominal pain,keyword,high
My mother has unbearable pain in the lower right side of the tummy since yesterday,89,female,0,,,,,,Severe abdominal pain,paraphrase,high
Having fall from height for two days,92,female,0,97.3,77,98,128,,Major trauma,keyword,critical
"Vomited ten times since morning for three days, feeling tired, no vomiting",55,male,0,,,,,,Persistent vomiting,paraphrase,medium
"Cough with yellow sputum and fever for three days, slight headache",20,male,0,,,,,8,Chest infection,paraphrase,medium
Hot oil fell on the chest and arms for two days and mild cough,37,male,0,,,,,,Severe burns / electric shock,paraphrase,critical
Very hot to touch and rigors at night,76,male,0,103.5,77,79,106,8,High fever (>102°F),paraphrase,critical
Having asthma since morning,39,female,0,98.4,97,100,110,,Asthma attack (mild),keyword,medium
Runny nose and sneezing since two days from evening,54,male,0,98.9,72,97,118,,Cold & cough,paraphrase,low
My wife has low grade temperature and body pains since morning,68,male,0,100.7,100,97,132,5,Mild fever,paraphrase,low
Ear is aching since yesterday,47,male,0,98.5,83,97,101,1,Ear pain,paraphrase,low
Very hot to touch and rigors at night and mild cough,47,female,0,103.7,94,95,143,5,High fever (>102°F),paraphrase,high
Collapsed since morning,38,male,0,99.1,146,98,115,,Unconscious / collapsed,keyword,critical
"Scratchy throat and painful to swallow for one week, body pains",67,female,0,,,,,,Sore throat,paraphrase,low
Patient complains of follow-up suddenly,46,female,0,97.5,77,98,130,5,Routine check-up,keyword,low
Pain in ear,50,male,0,,,,,1,Ear pain,keyword,low
Patient complains of asthma suddenly,58,female,0,,,,,,Asthma attack (mild),keyword,medium
"Mild wheeze after climbing stairs suddenly, body pains",18,female,0,,,,,,Asthma attack (mild),paraphrase,medium
Back is aching while bending since yesterday and body pains,92,female,0,,,,,,Back pain,paraphrase,low
My wife has fever touching 104 since yesterday since an hour,68,male,0,,,,,8,High fever (>102°F),paraphrase,high
Having fever touching 104 since yesterday for one week,25,male,0,,,,,,High fever (>102°F),paraphrase,high
Pain in the leg muscles since last night,53,female,0,98.4,86,97,105,2,Unclassified complaint,unclassified,low
Came with rash suddenly,38,male,0,99.4,78,97,118,2,Skin allergy/rash,keyword,low
Came with ear pain,45,female,0,98.3,85,98,105,4,Ear pain,keyword,low
My daughter has continuous vomiting and very thirsty since morning,36,male,0,99.3,98,98,104,,Persistent vomiting,paraphrase,medium
My husband has pain in the lower spine after lifting from evening,63,male,0,97.0,82,97,127,4,Back pain,paraphrase,low
"Severe abdomen for three days, slight headache",34,male,0,,,,,,Severe abdominal pain,keyword,high
Head hit the road hard and vomiting and poor sleep,49,female,0,,,,,7,Major trauma,paraphrase,critical
Having stomach unbearable since an hour,48,female,0,98.5,123,97,116,,Severe abdominal pain,keyword,high
"Excruciating pain in the abdomen since night since yesterday, no chest pain",36,female,0,98.3,71,92,127,,Severe abdominal pain,paraphrase,high
"Heavy bleeding for two days, a little nausea",26,male,0,99.6,83,98,119,,Severe bleeding,keyword,critical
Having child pulling at the ear and crying for three days,7,female,0,98.8,90,100,125,,Ear pain,paraphrase,low
Came with feels like suffocating for three days,17,male,0,99.2,117,98,113,,Breathing difficulty,paraphrase,high
Having worst headache suddenly,51,male,0,,,,,,Severe migraine/headache,keyword,medium
Burning in the stomach after spicy food since morning,29,female,0,98.7,99,96,133,,Stomach pain (mild),paraphrase,low
Came with pain in my ear since morning,63,female,0,,,,,,Ear pain,keyword,low
High temperature,12,female,0,102.6,79,97,113,,High fever (>102°F),keyword,high
Patient complains of cannot put weight on the ankle after twisting it for one week,58,female,0,98.0,93,97,141,,Fracture,paraphrase,high
Came with vomited ten times since morning for two days,57,male,0,99.3,60,98,133,5,Persistent vomiting,paraphrase,medium
Patient complains of very high fever for one week,55,male,0,,,,,,High fever (>102°F),keyword,high
"My mother has can't move one side for two days, no chest pain",51,female,0,,,,,,Stroke signs,keyword,critical
Mild wheeze after climbing stairs since yesterday and slight headache,66,female,0,,,,,,Asthma attack (mild),paraphrase,medium
Patient complains of mild wheeze after climbing stairs since an hour,46,female,0,,,,,,Asthma attack (mild),paraphrase,medium
Broken leg,68,male,0,99.0,90,98,127,,Fracture,keyword,high
Came with chesty cough for a week since an hour,34,female,0,,,,,5,Chest infection,paraphrase,medium
My grandmother has feeling feverish since evening for three days,61,male,0,100.3,78,97,136,,Mild fever,paraphrase,low
Cannot keep even water down suddenly,76,female,0,,,,,4,Persistent vomiting,paraphrase,medium
Hit by a lorry,79,male,0,,,,,9,Major trauma,paraphrase,critical
Patient complains of broken leg since last night,51,male,0,,,,,6,Fracture,keyword,high
Having pain inside the ear and blocked feeling since last night,3,male,0,98.4,71,96,118,5,Ear pain,paraphrase,low
Patient complains of throwing up everything I eat since yesterday for three days,57,female,0,,,,,,Persistent vomiting,paraphrase,medium
Cannot keep even water down from evening,43,male,0,,,,,6,Persistent vomiting,paraphrase,medium
Patient complains of runny nose and sneezing since two days since yesterday,35,male,0,98.8,86,98,118,,Cold & cough,paraphrase,low
Throat irritation and cold,48,female,0,,,,,,Cold & cough,paraphrase,low
Patient complains of ear is aching for three days,11,male,0,,,,,5,Ear pain,paraphrase,low
Excruciating pain in the abdomen since night,17,male,0,97.8,87,98,136,,Severe abdominal pain,paraphrase,high
Having cough with yellow sputum and fever for three days,81,female,0,99.5,96,99,131,,Chest infection,paraphrase,low
Chest tight and whistling sound when breathing for two days,36,male,0,99.0,90,97,92,3,Asthma attack (mild),paraphrase,medium
Stomach pain,27,female,0,99.3,71,97,133,,Stomach pain (mild),keyword,low
Patient complains of cannot breathe since morning,38,female,0,,,,,9,Breathing difficulty,keyword,critical
Having accident since yesterday,43,male,0,98.8,92,86,152,,Major trauma,keyword,critical
My son has heard a crack in the wrist and it is swollen suddenly,65,female,0,98.6,87,98,130,,Fracture,paraphrase,high
Patient complains of itchy for two days,20,male,0,98.7,78,97,118,,Skin allergy/rash,keyword,low
Ear is aching for one week,3,male,0,98.9,95,96,134,,Ear pain,paraphrase,low
"Whole body was shaking and jerking for two days, not eating well",56,male,0,98.4,86,100,121,,Seizure,paraphrase,critical
My daughter has pulsating headache with nausea since morning for three days,46,male,0,99.4,80,96,158,,Severe migraine/headache,paraphrase,medium
Having excruciating pain in the abdomen since night from evening,31,male,0,,,,,7,Severe abdominal pain,paraphrase,high
Bone is bent after the fall since last night,58,female,0,,,,,,Fracture,paraphrase,high
Came with pulsating headache with nausea since morning since morning,60,male,0,,,,,,Severe migraine/headache,paraphrase,medium
Patient complains of pain in the lower spine after lifting for one week,43,female,0,97.9,82,96,125,5,Back pain,paraphrase,low
Very high fever,45,female,0,104.1,48,95,117,,High fever (>102°F),keyword,high
My grandmother has chest tightness,37,male,0,98.7,96,98,110,,Chest pain / suspected heart attack,keyword,critical
Burning in the stomach after spicy food from evening and not eating well,46,female,0,99.3,92,96,102,1,Stomach pain (mild),paraphrase,low
Patient complains of bp check,62,male,0,,,,,1,Routine check-up,keyword,low
Came with unbearable pain in the lower right side of the tummy since an hour,57,female,0,99.0,83,100,92,,Severe abdominal pain,paraphrase,high
Patient complains of unbearable stomach since yesterday,70,male,0,,,,,,Severe abdominal pain,keyword,high
Worst head pain of my life since morning,67,female,0,,,,,,Severe migraine/headache,paraphrase,medium
Having back pain for three days,50,female,0,99.3,90,96,125,5,Back pain,keyword,low
High fever since yesterday and poor sleep,20,female,0,,,,,,High fever (>102°F),keyword,high
Head injury since morning and mild cough,49,female,0,,,,,10,Major trauma,keyword,critical
"Mild wheeze after climbing stairs suddenly, slight headache",44,female,0,99.9,43,96,120,,Asthma attack (mild),paraphrase,high
My son has broken leg for one week,20,female,0,97.5,98,98,129,,Fracture,keyword,high
Allergy for one week and slight headache,51,female,0,99.1,83,98,136,5,Skin allergy/rash,keyword,low
My father has ear is aching since last night,2,female,0,98.5,97,96,131,1,Ear pain,paraphrase,low
Came with burning hot body and shivering since two days,55,female,0,102.5,90,98,116,,High fever (>102°F),paraphrase,high
Having suicide attempt for one week,1,male,0,99.1,70,96,115,,Poisoning / bite / overdose,keyword,critical
"Pain while swallowing food for one week, slight headache",66,female,0,99.8,74,96,128,,Sore throat,paraphrase,low
My son has intense abdominal for two days,29,male,0,98.3,83,100,105,9,Severe abdominal pain,keyword,high
"Excruciating pain in the abdomen since night, not unconscious",22,female,0,99.4,45,99,131,,Severe abdominal pain,paraphrase,high
Having burning hot body and shivering since two days since an hour,54,female,0,102.6,87,98,117,,High fever (>102°F),paraphrase,high
Came with excruciating pain in the abdomen since night for two days,64,male,0,,,,,8,Severe abdominal pain,paraphrase,high
"My neighbour has acute abdomen suddenly, no vomiting",36,male,0,98.6,90,97,83,9,Severe abdominal pain,keyword,critical
"Patient complains of scratchy throat and painful to swallow since an hour, no chest pain",25,female,0,98.1,77,98,115,5,Sore throat,paraphrase,low
Inhaler suddenly,28,female,0,98.6,69,97,124,6,Asthma attack (mild),keyword,medium
Patient complains of scratchy throat and painful to swallow since morning,44,female,0,,,,,,Sore throat,paraphrase,low
"Fever touching 104 since yesterday for one week, a little nausea",75,male,0,102.8,81,97,136,10,High fever (>102°F),paraphrase,high
Having throbbing pain on one side of the head with vomiting for three days,32,male,0,98.0,81,98,115,,Severe migraine/headache,paraphrase,medium
Stomach is rock hard and paining terribly since an hour,36,female,0,99.6,142,97,147,,Severe abdominal pain,paraphrase,critical
Loose stools since morning,23,male,0,98.3,103,96,150,,Stomach pain (mild),paraphrase,low
Fever touching 104 since yesterday since an hour,32,female,0,102.3,77,99,155,,High fever (>102°F),paraphrase,high
Checkup since morning,2,female,0,,,,,,Routine check-up,keyword,low
Patient complains of need to collect my monthly medicines since an hour,27,female,0,97.5,110,97,140,1,Routine check-up,paraphrase,low
Came with temperature 103 with chills for three days,48,female,0,103.4,68,91,119,,High fever (>102°F),paraphrase,high
Repeated vomiting for one week and mild cough,32,male,0,98.8,92,93,118,,Persistent vomiting,keyword,high
Having burning with fever since yesterday,1,male,0,104.0,72,98,106,9,High fever (>102°F),keyword,high
Came with mild ache in the tummy after food since yesterday,60,male,0,,,,,1,Stomach pain (mild),paraphrase,low
Patient complains of loss of appetite for one week,73,female,0,100.1,77,98,112,3,Unclassified complaint,unclassified,low
Patient complains of high temperature since morning,38,female,0,102.4,79,97,143,,High fever (>102°F),keyword,high
My father has vomiting many times for one week,45,male,0,,,,,,Persistent vomiting,keyword,medium
High fever,24,male,0,,,,,10,High fever (>102°F),keyword,high
Scratchy throat and painful to swallow,30,female,0,,,,,,Sore throat,paraphrase,low
Chest tight and whistling sound when breathing,45,female,0,,,,,,Asthma attack (mild),paraphrase,medium
Having throbbing pain on one side of the head with vomiting since morning,40,male,0,99.3,90,98,132,,Severe migraine/headache,paraphrase,medium
Came with stomach is rock hard and paining terribly since morning,11,male,0,98.0,80,98,157,,Severe abdominal pain,paraphrase,high
Sudden loss of balance and blurred vision for one week,43,male,0,,,,,,Stroke signs,paraphrase,critical
My neighbour has stiff back since morning since last night,38,male,0,99.5,96,98,109,,Back pain,paraphrase,low
Stiff back since morning suddenly,38,male,0,98.3,106,99,115,4,Back pain,paraphrase,low
Pain in throat for one week,60,female,0,98.7,101,94,111,4,Sore throat,keyword,low
Blocked nose,42,male,0,,,,,5,Cold & cough,keyword,low
Patient complains of fever since morning,80,male,0,99.6,82,96,126,,Mild fever,keyword,low
Low grade temperature and body pains,14,male,0,100.7,85,96,134,,Mild fever,paraphrase,low
My wife has head is pounding and light hurts the eyes for one week,65,male,0,,,,,,Severe migraine/headache,paraphrase,medium
My daughter has fracture since an hour,24,male,0,,,,,,Fracture,keyword,high
Not feeling well since two days since yesterday and feeling tired,23,male,0,,,,,,Unclassified complaint,unclassified,low
Rolling on the floor with belly pain from evening and body pains,71,female,0,,,,,7,Severe abdominal pain,paraphrase,high
Feeling feverish since evening since morning and not eating well,26,female,0,,,,,,Mild fever,paraphrase,low
Patient complains of blocked nose since an hour,23,female,0,98.8,91,97,105,2,Cold & cough,keyword,low
"Having lower back for three days, no chest pain",22,female,0,98.6,78,98,131,,Back pain,keyword,low
Patient complains of arm looks deformed after falling from the bike suddenly,14,female,0,98.6,91,98,114,,Fracture,paraphrase,high
"Severe asthma since an hour, body pains, not unconscious",57,female,0,98.7,32,97,94,8,Breathing difficulty,keyword,critical
"Chest infection since morning, body pains",30,female,0,98.8,72,98,121,,Chest infection,keyword,medium
My grandmother has breathing very fast and wheezing badly lips look dark since an hour,83,male,0,,,,,,Breathing difficulty,paraphrase,critical
Throwing up everything I eat since yesterday since morning and feeling tired,44,female,0,97.5,82,97,110,6,Persistent vomiting,paraphrase,medium
Very high fever from evening,48,female,0,103.2,39,96,128,,High fever (>102°F),keyword,critical
Having sleep problems since morning,48,female,0,99.1,79,100,124,,Unclassified complaint,unclassified,low
Child pulling at the ear and crying for three days and mild cough,44,female,0,,,,,,Ear pain,paraphrase,low
Pain inside the ear and blocked feeling,32,male,0,98.2,93,97,120,,Ear pain,paraphrase,low
Came with gastric since an hour,37,male,0,98.5,82,97,110,4,Stomach pain (mild),keyword,low
Chest congestion for one week,36,male,0,98.6,98,97,129,,Chest infection,keyword,medium
Red patches on the back for three days and body pains,51,male,0,,,,,3,Skin allergy/rash,paraphrase,low
Patient complains of severe head pain for two days,47,female,0,98.9,70,97,146,,Severe migraine/headache,keyword,medium
Having head is pounding and light hurts the eyes since last night,1,male,0,,,,,,Severe migraine/headache,paraphrase,medium
Blocked nose and mild cough for three days,17,male,0,,,,,1,Cold & cough,paraphrase,low
Pain inside the ear and blocked feeling for three days and not eating well,8,female,0,,,,,5,Ear pain,paraphrase,low
"Fell from the terrace suddenly, no fever",61,male,0,98.7,82,97,134,10,Major trauma,keyword,critical
Vomiting since,35,female,0,96.7,70,98,130,7,Persistent vomiting,keyword,medium
Came with follow up visit for blood pressure since yesterday,40,male,0,98.1,81,96,123,,Routine check-up,paraphrase,medium
Feeling tired and weak,10,male,0,98.7,97,99,124,,Unclassified complaint,unclassified,low
Having weakness on one side since last night,21,female,0,,,,,,Stroke signs,keyword,critical
Having stomach pain suddenly,17,female,0,,,,,,Stomach pain (mild),keyword,low
Patient complains of vomiting for three days,65,male,0,98.2,83,98,131,,Stomach pain (mild),keyword,low
"Broken ankle suddenly, poor sleep",40,female,0,98.0,79,98,73,,Fracture,keyword,high
Patient complains of mouth drooping from evening,42,male,0,98.3,94,98,129,7,Stroke signs,keyword,critical
Having blocked nose and mild cough for one week,33,male,0,,,,,,Cold & cough,paraphrase,low
Scratchy throat and painful to swallow,48,female,0,98.7,75,97,124,,Sore throat,paraphrase,low
Medical certificate since last night and body pains,41,male,0,,,,,,Routine check-up,keyword,low
Patient complains of pain in throat from evening,40,male,0,,,,,2,Sore throat,keyword,low
Having high temperature since an hour,71,female,0,103.6,68,98,123,8,High fever (>102°F),keyword,high
Having inhaler for three days,3,female,0,,,,,,Asthma attack (mild),keyword,medium
Skin allergy,1,female,0,,,,,,Skin allergy/rash,keyword,low
Feeling tired and weak and a little nausea,75,female,0,98.6,79,97,117,,Unclassified complaint,unclassified,low
Came with red patches on the back from evening,49,female,0,99.4,87,96,120,,Skin allergy/rash,paraphrase,low
Cough and slight headache,37,male,0,98.0,84,97,142,2,Cold & cough,keyword,low
Came with lost consciousness at home suddenly,78,female,0,98.7,157,98,112,6,Unconscious / collapsed,paraphrase,critical
Came with arm looks deformed after falling from the bike for one week,43,female,0,,,,,5,Fracture,paraphrase,high
My father has eczema since last night,29,male,0,98.4,71,99,127,4,Skin allergy/rash,keyword,low
Pain inside the ear and blocked feeling for three days,35,male,0,99.0,94,98,124,2,Ear pain,paraphrase,medium
"Having red patches on the back since yesterday, no fever",25,male,0,,,,,,Skin allergy/rash,paraphrase,low
"Loss of appetite , not eating well",11,male,0,99.1,70,98,124,,Unclassified complaint,unclassified,low
Having burning in the stomach after spicy food for three days,1,female,0,99.7,92,98,125,,Stomach pain (mild),paraphrase,low
"Bronchitis suddenly and mild cough, no fever",64,male,0,,,,,,Chest infection,keyword,medium
Having cough bringing up green mucus from evening,20,female,0,99.2,73,96,113,7,Chest infection,paraphrase,medium
Came with body ache since morning,51,male,0,101.1,94,98,153,,Mild fever,keyword,low
Upset stomach and gas since an hour and poor sleep,52,female,0,96.8,75,96,143,1,Stomach pain (mild),paraphrase,low
Having asthma since morning,56,female,0,,,,,,Asthma attack (mild),keyword,medium
Broken arm since yesterday,35,male,0,,,,,5,Fracture,keyword,high
"Head is pounding and light hurts the eyes from evening, mild cough",53,male,0,,,,,7,Severe migraine/headache,paraphrase,high
My wife has vomited blood,45,female,0,99.3,35,95,135,,Severe bleeding,keyword,critical
Having neck pain,1,female,0,98.6,89,98,125,,Back pain,keyword,low
Having very high fever suddenly,31,male,0,103.8,74,84,121,8,High fever (>102°F),keyword,critical
Can't catch breath while sitting since yesterday,54,female,0,97.7,92,98,109,,Breathing difficulty,paraphrase,critical
Ear infection for three days,46,male,0,99.4,90,95,144,,Ear pain,keyword,low
Fever shivering,56,female,0,102.8,71,98,114,,High fever (>102°F),keyword,high
Inhaler,32,male,0,,,,,3,Asthma attack (mild),keyword,medium
High temperature since last night,20,male,0,103.6,84,97,102,8,High fever (>102°F),keyword,high
"Excruciating pain in the abdomen since night since an hour, not eating well",40,male,0,98.2,79,97,117,,Severe abdominal pain,paraphrase,high
Having slightly warm body and tired for three days,1,female,0,,,,,2,Mild fever,paraphrase,low
Having runny nose since morning,1,female,0,99.0,92,100,133,5,Cold & cough,keyword,low
Patient complains of check-up since an hour,30,female,0,,,,,,Routine check-up,keyword,low
Came with mild wheeze after climbing stairs since morning,35,male,0,98.7,84,99,118,3,Asthma attack (mild),paraphrase,medium
Abdomen pain since yesterday,45,male,0,100.1,94,98,116,,Stomach pain (mild),keyword,low
Patient complains of pulsating headache with nausea since morning suddenly,24,female,0,98.5,77,98,130,8,Severe migraine/headache,paraphrase,medium
Need a fitness certificate since yesterday,53,female,0,97.9,83,98,127,,Routine check-up,paraphrase,low
Stomach is rock hard and paining terribly,64,female,0,,,,,8,Severe abdominal pain,paraphrase,high
Splitting headache since an hour,90,female,0,99.4,69,96,126,7,Severe migraine/headache,keyword,medium
Cannot move my arm since yesterday,63,male,0,,,,,,Fracture,keyword,high
My neighbour has chest is burning and left arm feels numb for two days,51,male,0,97.7,80,97,108,,Chest pain / suspected heart attack,paraphrase,critical
Feels like an elephant sitting on my chest for three days and feeling tired,61,male,0,,,,,,Chest pain / suspected heart attack,paraphrase,critical
"My father has dehydrated since an hour, no fever",31,male,0,97.9,83,98,140,,Persistent vomiting,keyword,medium
Patient complains of runny nose and sneezing since two days for three days,44,female,0,,,,,3,Cold & cough,paraphrase,low
Came with slightly warm body and tired for two days,56,female,0,100.1,82,98,146,2,Mild fever,paraphrase,low
Came with rolling on the floor with belly pain since morning,36,female,0,99.0,84,97,102,,Severe abdominal pain,paraphrase,high
My father has sleep problems from evening,31,male,0,97.2,90,96,119,,Unclassified complaint,unclassified,low
"Scratchy throat and painful to swallow for one week, not eating well",34,female,0,,,,,,Sore throat,paraphrase,low
"Electrocuted since morning, a little nausea",45,female,0,98.8,46,100,120,,Severe burns / electric shock,keyword,critical
Patient complains of pain while swallowing food since an hour,44,male,0,98.8,82,96,122,,Sore throat,paraphrase,low
Bukhar,80,male,0,100.1,96,98,130,,Mild fever,keyword,low
"Having used the puffer twice, still a bit tight for two days, no breathing difficulty",32,female,0,,,,,6,Asthma attack (mild),paraphrase,medium
Pain inside the ear and blocked feeling,29,female,0,,,,,,Ear pain,paraphrase,low
"Patient complains of upset stomach and gas from evening, no chest pain",35,female,0,98.1,83,96,161,,Stomach pain (mild),paraphrase,low
My daughter has mild ache in the tummy after food for two days,53,female,0,,,,,1,Stomach pain (mild),paraphrase,low
Having chest tight and whistling sound when breathing since morning,62,male,0,,,,,,Asthma attack (mild),paraphrase,medium
Red spots on the arms that itch since morning and body pains,6,female,0,,,,,,Skin allergy/rash,paraphrase,low
My daughter has skin is itching after using a new soap for two days,77,male,0,99.2,87,97,122,2,Skin allergy/rash,paraphrase,low
Sleep problems for three days and feeling tired,86,male,0,,,,,2,Unclassified complaint,unclassified,low
Sleep problems,47,female,0,100.6,87,97,139,,Unclassified complaint,unclassified,low
Patient complains of spine pain since morning,57,male,0,97.8,82,95,122,,Back pain,keyword,low
Mild wheeze after climbing stairs,11,female,0,97.2,34,95,150,8,Asthma attack (mild),paraphrase,critical
Came with ate some unknown seeds and is drowsy since an hour,26,female,0,,,,,,Poisoning / bite / overdose,paraphrase,critical
"Cannot keep even water down for two days, no vomiting",43,male,0,,,,,5,Persistent vomiting,paraphrase,medium
"Stomach is rock hard and paining terribly since an hour, mild cough",50,male,0,99.0,94,99,108,8,Severe abdominal pain,paraphrase,high
Having back is aching while bending since an hour,25,female,0,,,,,,Back pain,paraphrase,low
Came with temperature 103 with chills for two days,37,male,0,104.5,75,97,131,9,High fever (>102°F),paraphrase,high
Skin is itching after using a new soap,24,female,0,,,,,,Skin allergy/rash,paraphrase,low
Patient complains of burning hot body and shivering since two days for one week,43,female,0,104.5,95,95,118,,High fever (>102°F),paraphrase,high
Having vomited ten times since morning,42,female,0,,,,,,Persistent vomiting,paraphrase,medium
My neighbour has back is aching while bending for three days,33,female,0,98.2,75,97,144,,Back pain,paraphrase,low
Came with throat is raw since yesterday from evening,35,male,0,,,,,,Sore throat,paraphrase,low
Cannot keep even water down,61,male,0,,,,,3,Persistent vomiting,paraphrase,medium
Cold for three days,20,male,0,98.3,91,98,110,4,Cold & cough,keyword,low
My daughter has migraine for three days,51,female,0,99.6,111,96,113,,Severe migraine/headache,keyword,medium
My daughter has pain inside the ear and blocked feeling for two days,10,male,0,,,,,,Ear pain,paraphrase,low
Allergy since yesterday,42,female,0,98.1,88,97,139,,Skin allergy/rash,keyword,low
Came with chesty cough for a week for three days,39,female,0,,,,,5,Chest infection,paraphrase,medium
"Came with used the puffer twice, still a bit tight since morning",21,male,0,98.3,96,97,164,3,Asthma attack (mild),paraphrase,medium
Severe abdominal pain since yesterday and body pains,45,male,0,,,,,5,Severe abdominal pain,keyword,high
My grandmother has pain in throat,21,male,0,98.6,70,98,133,,Sore throat,keyword,low
My wife has chest heavy since last night,81,male,0,98.0,134,95,117,,Chest pain / suspected heart attack,keyword,critical
Patient complains of had a fit and bit the tongue since last night,40,female,0,98.1,84,96,114,,Seizure,paraphrase,critical
My daughter has loss of appetite since last night,19,male,0,98.8,67,95,132,,Unclassified complaint,unclassified,low
Wheezing,34,female,1,99.7,95,95,114,,Asthma attack (mild),keyword,medium
Having chest tight and whistling sound when breathing since last night,57,female,0,98.5,108,98,122,8,Asthma attack (mild),paraphrase,medium
Vomiting since,45,male,0,98.6,75,96,120,,Persistent vomiting,keyword,medium
Very high fever for two days,50,female,0,104.3,92,95,122,,High fever (>102°F),keyword,high
Having seizure since last night,44,female,0,99.4,61,98,147,,Seizure,keyword,critical
Sugar check since morning,38,female,0,98.2,84,96,137,,Routine check-up,keyword,low
My neighbour has red patches on the back for two days,37,male,0,98.7,90,96,127,2,Skin allergy/rash,paraphrase,low
My wife has spine pain since last night,47,female,0,98.6,70,95,132,,Back pain,keyword,low
My son has ear is aching for one week,2,male,0,99.5,70,97,126,5,Ear pain,paraphrase,low
Hit by a suddenly,55,female,0,,,,,6,Major trauma,keyword,critical
"Came with very high fever since yesterday, no bleeding",70,female,0,103.1,100,97,118,,High fever (>102°F),keyword,high
Patient complains of heard a crack in the wrist and it is swollen since morning,66,male,0,,,,,,Fracture,paraphrase,high
Throbbing pain on one side of the head with vomiting,63,female,0,100.2,86,98,128,,Severe migraine/headache,paraphrase,medium
"My grandmother has sore throat for two days, not unconscious",47,female,0,98.7,94,96,121,,Sore throat,keyword,low
My grandmother has shortness of breath since yesterday,20,male,0,98.8,81,95,135,,Breathing difficulty,keyword,critical
"Worst head pain of my life from evening, body pains",51,female,0,99.8,80,98,137,,Severe migraine/headache,paraphrase,medium
Bone is bent after the fall for two days,57,female,0,97.8,69,96,136,,Fracture,paraphrase,high
Low grade temperature and body pains from evening and feeling tired,40,male,0,101.0,74,98,154,,Mild fever,paraphrase,low
Having follow up visit for blood pressure for one week,4,female,0,,,,,2,Routine check-up,paraphrase,low
Spine pain for three days and body pains,15,male,0,97.6,83,95,125,4,Back pain,keyword,low
Excruciating pain in the abdomen since night for three days,24,male,0,99.1,86,98,130,,Severe abdominal pain,paraphrase,high
Jerking movements and foam from mouth from evening and feeling tired,35,male,0,99.0,83,97,130,,Seizure,paraphrase,critical
Patient complains of continuous vomiting since morning,41,female,0,99.1,86,94,139,,Persistent vomiting,keyword,medium
"Throat infection since an hour, no fever",30,female,0,100.0,86,98,109,,Sore throat,keyword,low
"Chest infection for one week, body pains",48,female,0,,,,,,Chest infection,keyword,medium
Diarrhea from evening and not eating well,43,female,0,97.8,98,98,114,,Stomach pain (mild),keyword,low
Came with inhaler from evening,45,female,0,97.5,41,98,125,,Asthma attack (mild),keyword,medium
Having chest tight and whistling sound when breathing suddenly,50,male,0,97.0,103,98,113,,Asthma attack (mild),paraphrase,medium
My daughter has vomited ten times since morning suddenly,44,female,0,,,,,,Persistent vomiting,paraphrase,medium
Mild wheeze after climbing stairs and not eating well,65,female,0,99.3,95,97,128,8,Asthma attack (mild),paraphrase,medium
My wife has throbbing pain on one side of the head with vomiting for three days,39,male,0,98.6,93,99,124,4,Severe migraine/headache,paraphrase,medium
"My mother has throat irritation and cold from evening, not unconscious",21,male,0,99.7,88,97,114,,Cold & cough,paraphrase,low
"Stomach is rock hard and paining terribly from evening, not eating well",18,female,0,,,,,,Severe abdominal pain,paraphrase,high
Very hot to touch and rigors at night,34,male,0,104.4,85,97,135,,High fever (>102°F),paraphrase,high
Fever touching 104 since yesterday and poor sleep,41,female,1,104.3,82,98,154,,High fever (>102°F),paraphrase,high
Arm looks deformed after falling from the bike suddenly and poor sleep,24,male,0,97.0,92,98,107,,Fracture,paraphrase,high
"Temperature from evening, mild cough",44,female,0,100.1,64,96,134,,Mild fever,keyword,low
Very hot to touch and rigors at night,78,female,0,102.8,79,98,123,,High fever (>102°F),paraphrase,high
"Mild ache in the tummy after food for one week, not eating well",57,male,0,97.6,85,98,124,,Stomach pain (mild),paraphrase,low
Came with pain in the lower spine after lifting since last night,45,male,0,99.7,70,100,128,,Back pain,paraphrase,low
My father has burning with fever suddenly,43,female,0,102.5,70,98,116,7,High fever (>102°F),keyword,high
"Check-up suddenly, feeling tired",50,male,0,97.9,74,99,134,,Routine check-up,keyword,low
Came with continuous vomiting since an hour,47,female,0,,,,,,Persistent vomiting,keyword,medium
Stomach pain,10,male,0,99.1,83,96,115,,Stomach pain (mild),keyword,low
Continuous vomiting and very thirsty,30,female,0,,,,,,Persistent vomiting,paraphrase,medium
Fever shivering since morning,16,female,0,,,,,7,High fever (>102°F),keyword,high
Red spots on the arms that itch,65,male,0,98.8,57,97,107,,Skin allergy/rash,paraphrase,low
My son has head is pounding and light hurts the eyes since yesterday,52,female,0,98.9,113,97,108,,Severe migraine/headache,paraphrase,medium
Cannot keep even water down,21,female,0,99.0,97,98,127,8,Persistent vomiting,paraphrase,medium
Patient complains of severe headache since an hour,24,male,0,97.7,62,98,114,,Severe migraine/headache,keyword,medium
Burns on face and hands from a gas cylinder for one week and mild cough,48,female,0,98.9,37,98,125,9,Severe burns / electric shock,paraphrase,critical
Lips and eyes swelled up after eating prawns from evening,7,male,0,99.1,80,96,124,,Severe allergic reaction,paraphrase,critical
Spine pain since last night,2,male,0,99.3,78,95,121,,Back pain,keyword,low
"Body ache since an hour, feeling tired",48,male,0,,,,,,Mild fever,keyword,low
My mother has asthma since an hour,35,male,0,,,,,,Asthma attack (mild),keyword,medium
My neighbour has vomited ten times since morning suddenly,52,female,0,98.8,74,93,120,,Persistent vomiting,paraphrase,high
Came with asthma since an hour,37,male,0,98.1,34,98,110,,Asthma attack (mild),keyword,critical
Patient complains of bone is bent after the fall suddenly,19,female,0,99.1,94,99,119,,Fracture,paraphrase,high
Having unbearable stomach since yesterday,82,female,0,98.1,91,97,140,,Severe abdominal pain,keyword,high
"Used the puffer twice, still a bit tight for one week",81,male,0,100.3,105,97,138,,Asthma attack (mild),paraphrase,medium
Having bp check for one week,70,female,0,,,,,2,Routine check-up,keyword,low
Came with bukhar for two days,1,female,0,101.1,67,97,145,,Mild fever,keyword,low
Sneezing,22,female,0,98.8,108,97,139,5,Cold & cough,keyword,low
Breathing very fast and wheezing badly lips look dark for one week and mild cough,46,male,0,98.6,129,98,118,,Breathing difficulty,paraphrase,critical
Patient complains of allergy since last night,42,male,0,98.5,89,98,119,,Skin allergy/rash,keyword,low
Severe abdomen for one week,60,female,0,98.0,88,97,127,,Severe abdominal pain,keyword,high
"Lower back suddenly, slight headache, no vomiting",25,male,0,,,,,,Back pain,keyword,low
"Having inhaler suddenly, no vomiting",14,male,0,99.4,80,97,128,7,Asthma attack (mild),keyword,medium
My grandmother has chills for one week,69,male,0,99.6,83,98,112,,Mild fever,keyword,low
Patient complains of itchy,73,female,0,,,,,,Skin allergy/rash,keyword,low
"Follow up visit for blood pressure since morning, body pains",32,female,0,98.3,89,96,119,5,Routine check-up,paraphrase,low
My neighbour has throat is raw since yesterday for one week,18,female,0,,,,,,Sore throat,paraphrase,low
"Splitting headache from evening, feeling tired",10,female,0,99.0,85,97,117,,Severe migraine/headache,keyword,medium
Cannot keep even water down for three days and poor sleep,4,female,0,98.6,78,97,135,6,Persistent vomiting,paraphrase,medium
Throat is raw since yesterday since yesterday,11,male,0,99.0,98,96,117,,Sore throat,paraphrase,low
Came with fall from height,6,female,0,98.0,37,97,109,,Major trauma,keyword,critical
Came with fever shivering since yesterday,56,female,0,,,,,,High fever (>102°F),keyword,high
Came with throat infection for two days,46,male,0,98.4,73,96,107,,Sore throat,keyword,low
"Fracture , not eating well",52,female,0,98.9,95,99,116,,Fracture,keyword,high
Vomiting diarrhoea,78,female,0,100.2,81,96,170,5,Persistent vomiting,keyword,medium
Came with high fever from evening,30,male,0,,,,,,High fever (>102°F),keyword,high
Patient complains of red patches on the back from evening,69,male,0,,,,,1,Skin allergy/rash,paraphrase,low
Broken leg,58,female,0,99.3,88,88,136,10,Fracture,keyword,critical
My daughter has stiff back since morning since an hour,44,male,0,98.2,82,96,124,,Back pain,paraphrase,low
My wife has heavy bleeding from evening,53,male,0,98.2,87,99,119,7,Severe bleeding,keyword,critical
My daughter has runny nose and sneezing since two days since yesterday,69,male,0,97.2,66,98,150,,Cold & cough,paraphrase,low
Came with earache for one week,9,female,0,98.3,77,95,134,4,Ear pain,keyword,low
Fracture for three days and feeling tired,12,female,0,96.9,86,96,118,,Fracture,keyword,high
My daughter has follow up visit for blood pressure for two days,30,male,0,97.9,93,98,137,4,Routine check-up,paraphrase,low
Burnt badly since last night and a little nausea,35,male,0,97.2,77,97,110,6,Severe burns / electric shock,keyword,critical
Having mild ache in the tummy after food for one week,44,male,0,98.6,89,99,130,4,Stomach pain (mild),paraphrase,low
"General weakness, no breathing difficulty",47,female,0,,,,,,Unclassified complaint,unclassified,low
My father has burns severe since last night,44,female,0,98.3,96,81,123,9,Severe burns / electric shock,keyword,critical
"Very hot to touch and rigors at night for one week, no vomiting",23,female,0,102.4,77,97,117,6,High fever (>102°F),paraphrase,high
"My mother has shortness of breath suddenly, not unconscious",6,male,0,,,,,8,Breathing difficulty,keyword,critical
Worst head pain of my life,70,male,0,97.8,79,97,149,6,Severe migraine/headache,paraphrase,medium
"Cannot put weight on the ankle after twisting it for two days, poor sleep",44,male,0,98.7,83,95,137,5,Fracture,paraphrase,high
Fits,51,female,0,,,,,,Seizure,keyword,critical
Cannot move my leg for two days,44,male,0,,,,,,Fracture,keyword,high
Came with scratchy throat and painful to swallow,33,female,0,,,,,1,Sore throat,paraphrase,low
My wife has skin peeled off after boiling water spilled for one week,42,male,0,98.4,83,79,112,,Severe burns / electric shock,paraphrase,critical
Ear infection since yesterday and not eating well,1,female,0,98.9,74,97,141,2,Ear pain,keyword,low
"Red patches on the back since last night, not eating well",36,female,0,,,,,,Skin allergy/rash,paraphrase,low
Patient complains of arm looks deformed after falling from the bike from evening,51,male,0,,,,,,Fracture,paraphrase,high
Keeps vomiting since last night,52,male,0,,,,,,Persistent vomiting,keyword,medium
Excruciating pain in the abdomen since night since morning and poor sleep,31,female,0,98.3,74,97,134,6,Severe abdominal pain,paraphrase,high
"Came with excruciating pain in the abdomen since night since yesterday, not unconscious",19,male,0,96.6,78,95,109,,Severe abdominal pain,paraphrase,high
Having hives since an hour,1,male,0,,,,,,Skin allergy/rash,keyword,low
Unbearable abdominal for one week and poor sleep,37,male,0,98.0,98,97,103,,Severe abdominal pain,keyword,high
Came with severe tummy suddenly,22,male,0,99.1,74,97,109,,Severe abdominal pain,keyword,high
Severe headache from evening,92,female,0,,,,,,Severe migraine/headache,keyword,medium
Feeling feverish since evening from evening,48,female,0,100.2,79,98,129,,Mild fever,paraphrase,low
Came for regular sugar test for three days and not eating well,47,male,0,99.0,79,96,136,,Routine check-up,paraphrase,low
"Fell off a ladder from the second floor since last night, feeling tired",42,male,0,,,,,,Major trauma,paraphrase,critical
Eczema since yesterday,29,male,0,99.1,92,98,133,,Skin allergy/rash,keyword,low
Patient complains of pain in the leg muscles since morning,30,female,1,99.0,108,98,111,1,Unclassified complaint,unclassified,low
Broken wrist since last night and body pains,21,male,0,98.5,76,97,182,,Fracture,keyword,high
"Pulsating headache with nausea since morning suddenly, body pains",52,female,0,,,,,,Severe migraine/headache,paraphrase,medium
"Runny nose and sneezing since two days since an hour, poor sleep",48,female,0,98.3,71,99,116,5,Cold & cough,paraphrase,low
Came with swallowed many sleeping pills for three days,38,female,0,98.2,151,97,97,,Poisoning / bite / overdose,paraphrase,critical
Having chesty cough for a week for two days,63,male,0,99.0,74,96,139,,Chest infection,paraphrase,medium
"Chesty cough for a week since last night, not eating well",77,male,0,99.7,85,97,136,6,Chest infection,paraphrase,medium
"Pain in the lower spine after lifting for one week, not unconscious",36,female,0,,,,,,Back pain,paraphrase,low
Wheezing suddenly,29,female,0,98.9,93,97,97,6,Asthma attack (mild),keyword,medium
"Unbearable stomach , poor sleep",55,female,0,98.1,83,96,149,,Severe abdominal pain,keyword,high
Having pain in throat for two days,42,male,0,,,,,3,Sore throat,keyword,low
"Kaichal suddenly, not unconscious",50,male,0,,,,,,Mild fever,keyword,low
"Came with cannot move my arm from evening, no chest pain",77,female,0,98.9,87,96,130,,Fracture,keyword,high
"Patient complains of broken wrist for three days, no fever",53,female,0,99.4,63,96,115,,Fracture,keyword,high
Having bone broke since an hour,14,male,0,98.7,75,93,120,,Fracture,keyword,high
Patient complains of runny nose and sneezing since two days,32,female,0,97.7,83,97,130,,Cold & cough,paraphrase,low
My wife has ear ache suddenly,19,female,0,98.8,78,96,152,,Ear pain,keyword,low
"Bone broke for three days and slight headache, no chest pain",35,male,0,98.4,79,99,134,,Fracture,keyword,high
"Air hunger, cannot talk in full sentences , mild cough",43,female,0,98.3,36,97,132,,Breathing difficulty,paraphrase,critical
Having slightly warm body and tired since morning,23,male,0,,,,,2,Mild fever,paraphrase,low
My neighbour has very hot to touch and rigors at night,29,male,0,,,,,,High fever (>102°F),paraphrase,high
Having mouth twisted to one side suddenly since last night,29,male,0,99.6,94,96,210,,Stroke signs,paraphrase,critical
Runny nose and sneezing since two days for three days,44,male,0,99.1,81,95,132,,Cold & cough,paraphrase,low
Throwing up everything I eat since yesterday,1,female,0,,,,,,Persistent vomiting,paraphrase,medium
Very high fever,33,female,0,104.4,106,98,141,10,High fever (>102°F),keyword,high
My husband has ear pain for two days,53,female,0,,,,,,Ear pain,keyword,low
Came with arm looks deformed after falling from the bike since morning,21,female,0,97.9,34,97,124,,Fracture,paraphrase,critical
Tongue swelling,70,female,0,,,,,,Severe allergic reaction,keyword,critical
General weakness since morning and mild cough,38,female,0,99.9,98,96,147,,Unclassified complaint,unclassified,low
"Stomachache for three days, body pains",62,female,0,,,,,4,Stomach pain (mild),keyword,low
Chest squeezing for one week and slight headache,65,male,0,,,,,8,Chest pain / suspected heart attack,keyword,critical
Fever touching 104 since yesterday,41,male,0,,,,,,High fever (>102°F),paraphrase,high
Having runny nose suddenly,24,male,0,98.6,77,98,124,,Cold & cough,keyword,low
Burning with fever for two days,50,male,0,102.8,81,99,119,,High fever (>102°F),keyword,high
Having temperature 103 with chills from evening,61,male,0,103.8,81,98,126,,High fever (>102°F),paraphrase,high
Patient complains of eyes rolled up and became limp since an hour,29,male,0,,,,,7,Unconscious / collapsed,paraphrase,critical
Red spots on the arms that itch,48,male,0,,,,,1,Skin allergy/rash,paraphrase,low
My son has cannot put weight on the ankle after twisting it for three days,18,female,0,97.8,88,96,75,,Fracture,paraphrase,critical
"Bronchitis since last night, slight headache",52,male,0,100.2,74,97,120,,Chest infection,keyword,medium
"Red patches on the back since an hour, body pains",36,female,0,98.4,82,96,108,,Skin allergy/rash,paraphrase,low
Blocked nose and mild cough for three days and body pains,35,female,0,98.3,73,97,114,3,Cold & cough,paraphrase,low
Came with worst head pain of my life since an hour,22,male,0,98.1,77,96,139,6,Severe migraine/headache,paraphrase,medium
Came with very hot to touch and rigors at night from evening,75,male,0,104.3,77,96,99,,High fever (>102°F),paraphrase,high
Came with fever shivering for three days,58,female,0,,,,,,High fever (>102°F),keyword,high
"Fell from height, no vomiting",49,female,0,97.7,70,96,120,10,Major trauma,keyword,critical
Having chesty cough for a week for one week,48,female,0,,,,,6,Chest infection,paraphrase,medium
Having passed out from evening,8,female,0,98.3,42,96,136,,Unconscious / collapsed,keyword,critical
Came with pulsating headache with nausea since morning since morning,38,male,0,,,,,,Severe migraine/headache,paraphrase,medium
"My neighbour has got current from the electric line , no chest pain",61,male,0,97.8,76,98,129,7,Severe burns / electric shock,paraphrase,critical
"Came with stiff back since morning for two days, no vomiting",68,female,0,98.5,87,97,103,,Back pain,paraphrase,low
"Had a fit and bit the tongue , a little nausea",43,female,0,,,,,,Seizure,paraphrase,critical
Came with red spots on the arms that itch for two days,53,male,0,,,,,,Skin allergy/rash,paraphrase,low
Patient complains of high temperature since morning,25,female,1,102.5,83,96,130,,High fever (>102°F),keyword,high
Feverish since yesterday,60,female,0,,,,,,Mild fever,keyword,low
Follow up visit for blood pressure for two days,38,male,0,,,,,,Routine check-up,paraphrase,low
Runny nose and sneezing since two days from evening and mild cough,72,male,0,98.5,80,100,153,1,Cold & cough,paraphrase,low
Having red spots on the arms that itch from evening,51,female,0,98.6,111,98,107,,Skin allergy/rash,paraphrase,medium
Came with upset stomach and gas since morning,71,male,0,99.6,84,96,134,,Stomach pain (mild),paraphrase,low
Having pain in the lower spine after lifting for one week,13,male,0,99.1,81,97,99,3,Back pain,paraphrase,low
"Acute abdomen since yesterday, a little nausea",37,male,0,98.8,63,99,204,10,Severe abdominal pain,keyword,high
Chesty cough for a week,41,male,0,99.4,88,98,130,,Chest infection,paraphrase,medium
Can't breathe from evening,35,female,0,98.7,87,97,130,,Breathing difficulty,keyword,critical
Came with child pulling at the ear and crying for one week,20,male,0,98.7,82,99,109,,Ear pain,paraphrase,low
Came with knife injury to the stomach since last night,32,female,1,97.0,67,97,139,,Major trauma,paraphrase,critical
"Feeling feverish since evening , body pains",52,female,0,,,,,,Mild fever,paraphrase,low
Having checkup for two days,50,female,0,98.7,94,97,127,1,Routine check-up,keyword,low
My daughter has asthma for one week,45,male,0,,,,,,Asthma attack (mild),keyword,medium
Allergy since an hour and poor sleep,58,female,0,,,,,3,Skin allergy/rash,keyword,low
Came with head is pounding and light hurts the eyes for three days,55,male,0,,,,,8,Severe migraine/headache,paraphrase,medium
"Burning with fever since last night, slight headache",45,female,0,,,,,,High fever (>102°F),keyword,high
Came with hives for three days,38,male,0,100.3,82,96,120,4,Skin allergy/rash,keyword,low
Having cannot put weight on the ankle after twisting it since morning,24,male,0,97.5,93,96,140,9,Fracture,paraphrase,high
"Need to collect my monthly medicines , slight headache",9,male,0,98.9,81,99,145,4,Routine check-up,paraphrase,low
"Very high fever suddenly, no fever",32,female,0,,,,,7,High fever (>102°F),keyword,high
Pain in ear for one week and mild cough,7,female,0,98.1,88,96,127,3,Ear pain,keyword,low
"Phlegm since morning, mild cough",24,female,0,97.7,88,97,128,,Chest infection,keyword,medium
Diarrhea for two days,27,male,0,98.7,93,96,100,,Stomach pain (mild),keyword,low
Having temperature 103 with chills from evening,43,female,0,102.9,100,97,104,,High fever (>102°F),paraphrase,high
"Fever touching 104 since yesterday since yesterday, a little nausea",65,male,0,102.8,77,96,70,5,High fever (>102°F),paraphrase,critical
"Fracture suddenly, not eating well",47,male,0,,,,,8,Fracture,keyword,high
Bone is bent after the fall for two days,35,male,0,98.2,90,97,123,,Fracture,paraphrase,high
My daughter has low grade temperature and body pains for three days,70,male,0,99.8,91,97,115,,Mild fever,paraphrase,low
"Burning in the stomach after spicy food from evening, body pains, no breathing difficulty",50,female,0,97.2,81,98,91,,Stomach pain (mild),paraphrase,low
Came with rolling on the floor with belly pain since an hour,28,female,0,,,,,5,Severe abdominal pain,paraphrase,high
My son has temperature 103 with chills for one week,46,male,0,103.0,79,99,134,,High fever (>102°F),paraphrase,high
"Ear is aching for two days, poor sleep",7,female,0,98.7,97,98,117,,Ear pain,paraphrase,low
Patient complains of burning hot body and shivering since two days since yesterday,57,male,0,102.8,82,100,118,6,High fever (>102°F),paraphrase,high
Came with cannot keep even water down for three days,52,female,0,,,,,,Persistent vomiting,paraphrase,medium
Having ear is aching for two days,10,female,0,98.7,98,95,144,,Ear pain,paraphrase,low
"Fever for two days, body pains",40,male,0,101.0,90,98,101,,Mild fever,keyword,low
Back is aching while bending since an hour,32,female,0,,,,,,Back pain,paraphrase,low
Intense abdominal from evening and slight headache,38,male,0,,,,,,Severe abdominal pain,keyword,high
"Cough with yellow sputum and fever, no vomiting",92,female,0,,,,,,Chest infection,paraphrase,medium
"Asthma for three days, a little nausea",52,female,0,98.7,78,96,106,,Asthma attack (mild),keyword,medium
Burning hot body and shivering since two days,34,female,0,102.8,138,97,119,5,High fever (>102°F),paraphrase,critical
Patient complains of runny nose and sneezing since two days,61,female,0,99.8,107,96,110,,Cold & cough,paraphrase,low
Burning with fever for one week,10,female,0,,,,,,High fever (>102°F),keyword,high
My son has came for regular sugar test since morning,44,female,0,97.6,98,96,127,2,Routine check-up,paraphrase,low
"Burning hot body and shivering since two days since an hour, feeling tired, no breathing difficulty",37,male,0,,,,,,High fever (>102°F),paraphrase,high
Having worst head pain of my life since an hour,69,female,0,,,,,,Severe migraine/headache,paraphrase,medium
Came with wheezing since last night,83,female,0,98.3,100,100,202,4,Asthma attack (mild),keyword,high
"Broken arm for one week and body pains, no breathing difficulty",74,female,0,97.7,100,95,105,8,Fracture,keyword,high
Came with chest congestion since last night,30,female,1,97.4,82,99,122,7,Chest infection,keyword,medium
Throwing up everything I eat since yesterday,78,male,0,97.7,81,99,146,,Persistent vomiting,paraphrase,medium
Patient complains of haemorrhage,48,male,0,,,,,8,Severe bleeding,keyword,critical
Continuous vomiting since an hour and mild cough,37,female,0,98.6,82,96,107,,Persistent vomiting,keyword,medium
Came with throwing up everything I eat since yesterday from evening,58,male,0,,,,,,Persistent vomiting,paraphrase,medium
My daughter has earache for one week,11,female,0,99.9,80,95,102,5,Ear pain,keyword,low
My son has fitting for three days,43,female,0,98.3,92,99,135,,Seizure,keyword,critical
Low grade temperature and body pains for one week and a little nausea,31,female,0,101.0,75,97,108,,Mild fever,paraphrase,low
"Left arm pain sweat from evening, not eating well",15,female,0,,,,,,Chest pain / suspected heart attack,keyword,critical
Ear is aching for two days and poor sleep,34,male,0,98.5,94,98,116,2,Ear pain,paraphrase,medium
My neighbour has feeling tired and weak since an hour,24,male,0,97.9,84,97,127,,Unclassified complaint,unclassified,low
"Arm looks deformed after falling from the bike from evening, no fever",55,male,0,98.4,78,97,122,,Fracture,paraphrase,high
"Cannot lift left hand since morning, words coming out wrong for two days, feeling tired",53,female,0,98.5,95,98,135,,Stroke signs,paraphrase,critical
Rolling on the floor with belly pain for three days,55,male,0,,,,,,Severe abdominal pain,paraphrase,high
Having back is aching while bending suddenly,27,female,0,,,,,1,Back pain,paraphrase,low
Patient complains of tonsillitis suddenly,22,female,0,,,,,1,Sore throat,keyword,low
Swallowed many sleeping pills,20,female,0,,,,,,Poisoning / bite / overdose,paraphrase,critical
Having bone broke from evening,48,male,0,99.8,79,97,191,10,Fracture,keyword,high
Patient complains of head injury since yesterday,26,female,0,98.9,91,97,136,9,Major trauma,keyword,critical
My grandmother has follow up visit for blood pressure since last night,48,female,0,99.3,70,96,104,1,Routine check-up,paraphrase,medium
Came with follow-up since an hour,44,male,0,99.4,83,95,117,1,Routine check-up,keyword,low
My daughter has severe headache for one week,89,female,0,,,,,,Severe migraine/headache,keyword,medium
"General weakness for two days, poor sleep",47,female,0,98.5,93,97,134,,Unclassified complaint,unclassified,low
Patient complains of pain while swallowing food for one week,33,female,1,,,,,,Sore throat,paraphrase,low
Patient complains of cough,29,female,1,,,,,2,Cold & cough,keyword,low
Spine pain,14,female,0,97.8,82,98,86,5,Back pain,keyword,critical
Came with vomiting since for two days,51,female,0,98.7,78,97,122,,Persistent vomiting,keyword,medium
My husband has bone is bent after the fall since last night,37,female,0,98.6,147,99,109,,Fracture,paraphrase,critical
My daughter has runny nose and sneezing since two days for one week,47,male,0,98.3,92,97,119,,Cold & cough,paraphrase,low
Came with chesty cough for a week for three days,40,female,0,,,,,3,Chest infection,paraphrase,medium
Sleep problems for one week and feeling tired,40,male,0,98.1,92,97,108,1,Unclassified complaint,unclassified,low
Patient complains of got current from the electric line since yesterday,17,female,0,99.0,94,98,73,,Severe burns / electric shock,paraphrase,critical
Came with mild wheeze after climbing stairs for one week,62,female,0,100.0,105,97,131,,Asthma attack (mild),paraphrase,medium
Blocked nose and mild cough since last night and body pains,6,female,0,,,,,,Cold & cough,paraphrase,low
Came with back ache since yesterday,36,female,0,99.1,64,96,105,4,Back pain,keyword,low
Need to collect my monthly medicines for one week and feeling tired,33,male,0,99.5,74,97,103,1,Routine check-up,paraphrase,low
Came with continuous vomiting since an hour,56,male,0,,,,,5,Persistent vomiting,keyword,medium
My neighbour has came for regular sugar test from evening,37,male,0,,,,,4,Routine check-up,paraphrase,low
Unbearable abdominal suddenly,78,female,0,99.3,77,98,129,,Severe abdominal pain,keyword,high
Patient complains of fell down and is not waking for three days,76,female,0,98.8,76,98,112,8,Unconscious / collapsed,paraphrase,critical
Acidity since morning,70,male,0,98.3,91,99,113,,Stomach pain (mild),keyword,low
Patient complains of pain in my chest since morning,30,male,0,,,,,,Chest pain / suspected heart attack,keyword,critical
Having stomach is rock hard and paining terribly for three days,65,female,0,,,,,,Severe abdominal pain,paraphrase,high
Having arm looks deformed after falling from the bike suddenly,77,male,0,98.1,73,97,126,,Fracture,paraphrase,high
Red patches on the back since last night,68,male,0,,,,,3,Skin allergy/rash,paraphrase,low
Blocked nose and mild cough for three days,77,female,0,97.0,85,98,136,2,Cold & cough,paraphrase,low
Hit by a lorry for one week and slight headache,36,female,0,98.9,79,98,107,10,Major trauma,paraphrase,critical
Red patches on the back,48,male,0,100.1,75,98,118,,Skin allergy/rash,paraphrase,low
Black tarry stools and feeling faint from evening and feeling tired,39,male,0,97.9,74,87,121,7,Severe bleeding,paraphrase,critical
Having heard a crack in the wrist and it is swollen since last night,19,male,0,,,,,,Fracture,paraphrase,high
"Pain while swallowing food suddenly, a little nausea, no fever",49,female,0,97.6,83,96,98,,Sore throat,paraphrase,low
"Cough bringing up green mucus , a little nausea",13,male,0,99.2,95,95,117,,Chest infection,paraphrase,medium
Having bike crash on the highway for two days,68,male,0,98.2,96,97,183,,Major trauma,paraphrase,critical
"Sleep problems for three days, feeling tired",90,female,0,99.6,95,95,107,,Unclassified complaint,unclassified,low
Chest tight and whistling sound when breathing since morning,57,male,0,,,,,8,Asthma attack (mild),paraphrase,medium
Patient complains of throat is raw since yesterday since yesterday,79,female,0,97.7,70,98,138,,Sore throat,paraphrase,low
Having severe burn,10,female,0,99.2,36,98,118,,Severe burns / electric shock,keyword,critical
Having low grade temperature and body pains suddenly,35,female,1,99.5,78,97,140,,Mild fever,paraphrase,low
Hives,20,male,0,,,,,,Skin allergy/rash,keyword,low
Burnt badly for two days and poor sleep,46,female,0,,,,,,Severe burns / electric shock,keyword,critical
"Lips and eyes swelled up after eating prawns for one week, feeling tired",22,male,0,99.1,61,97,74,,Severe allergic reaction,paraphrase,critical
Came with chesty cough for a week since last night,56,male,0,,,,,7,Chest infection,paraphrase,medium
Throat is raw since yesterday suddenly,29,female,0,,,,,,Sore throat,paraphrase,low
Came with blood in sputum since morning,47,female,0,98.9,76,87,100,,Severe bleeding,keyword,critical
"Mild ache in the tummy after food suddenly and feeling tired, no bleeding",34,male,0,,,,,,Stomach pain (mild),paraphrase,low
My father has feeling feverish since evening for two days,73,female,0,,,,,,Mild fever,paraphrase,low
Came with throat closing after a bee sting for one week,19,male,0,97.7,87,96,130,8,Severe allergic reaction,paraphrase,critical
Came with burning hot body and shivering since two days since yesterday,15,male,0,,,,,6,High fever (>102°F),paraphrase,high
Loose motion suddenly,60,female,0,,,,,3,Stomach pain (mild),keyword,low
My neighbour has prescription for three days,30,female,0,99.2,94,98,149,,Routine check-up,keyword,low
My wife has head is pounding and light hurts the eyes from evening,18,male,0,,,,,8,Severe migraine/headache,paraphrase,medium
Came with high temperature for three days,65,female,0,,,,,,High fever (>102°F),keyword,high
Having rolling on the floor with belly pain from evening,16,female,0,100.0,93,96,119,7,Severe abdominal pain,paraphrase,high
"Used the puffer twice, still a bit tight since yesterday, mild cough",26,female,1,98.6,154,98,113,,Asthma attack (mild),paraphrase,critical
Mild ache in the tummy after food since last night,53,male,0,,,,,4,Stomach pain (mild),paraphrase,low
Mild wheeze after climbing stairs for two days,52,female,0,,,,,7,Asthma attack (mild),paraphrase,medium
"Having need a fitness certificate for two days, no vomiting",55,male,0,,,,,3,Routine check-up,paraphrase,low
Came for regular sugar test,9,female,0,99.5,74,98,141,,Routine check-up,paraphrase,low
My son has mild wheeze after climbing stairs for one week,50,female,0,,,,,,Asthma attack (mild),paraphrase,medium
Itching,27,male,0,99.1,77,97,110,,Skin allergy/rash,keyword,low
"My daughter has skin is itching after using a new soap since yesterday, no breathing difficulty",31,male,0,,,,,2,Skin allergy/rash,paraphrase,low
Came with pain in the lower spine after lifting from evening,19,male,0,99.1,73,98,132,,Back pain,paraphrase,low
Patient complains of lost consciousness at home for two days,46,female,0,98.3,71,99,101,,Unconscious / collapsed,paraphrase,critical
Mild wheeze after climbing stairs from evening and not eating well,48,male,0,99.5,70,98,106,,Asthma attack (mild),paraphrase,medium
My grandmother has ear ache for one week,5,female,0,99.7,81,98,117,,Ear pain,keyword,low
Came for regular sugar test,53,male,0,98.6,93,96,108,,Routine check-up,paraphrase,low
Having paralysed from evening,44,male,0,98.4,47,97,116,,Stroke signs,keyword,critical
"Blocked nose and mild cough since last night, no vomiting",25,female,0,97.1,82,98,129,,Cold & cough,paraphrase,low
Stomach is rock hard and paining terribly for three days,47,female,0,,,,,,Severe abdominal pain,paraphrase,high
"Rash since last night, slight headache",49,male,0,,,,,,Skin allergy/rash,keyword,low
Pain while swallowing food,31,male,0,,,,,,Sore throat,paraphrase,low
"Came with eczema since an hour, no fever",27,female,0,,,,,2,Skin allergy/rash,keyword,low
Having dizziness on standing since last night,24,male,0,,,,,,Unclassified complaint,unclassified,low
Asthma since an hour,16,female,0,97.8,78,98,105,,Asthma attack (mild),keyword,medium
Patient complains of pain in the lower spine after lifting for three days,28,female,1,99.0,91,96,125,4,Back pain,paraphrase,low
Fever touching 104 since yesterday,10,female,0,103.5,74,98,139,,High fever (>102°F),paraphrase,high
Tonsillitis,20,female,0,98.5,86,96,116,,Sore throat,keyword,low
Back ache,18,male,0,98.3,79,99,121,,Back pain,keyword,low
"Electric shock since last night, poor sleep",44,male,0,97.8,38,95,130,9,Severe burns / electric shock,keyword,critical
Having severe headache suddenly,15,male,0,99.5,73,97,121,,Severe migraine/headache,keyword,medium
"My daughter has severe belly for two days, no chest pain",81,male,0,,,,,5,Severe abdominal pain,keyword,high
Having high fever for one week,16,female,0,103.2,74,95,111,8,High fever (>102°F),keyword,high
"Unbearable abdominal since morning, not eating well",60,male,0,97.8,83,96,139,,Severe abdominal pain,keyword,high
"Inhaler , slight headache",10,male,0,98.2,80,97,117,4,Asthma attack (mild),keyword,medium
Having pain in throat for two days,38,female,0,98.5,94,97,119,,Sore throat,keyword,low
Ear is aching for two days,3,female,0,99.0,82,98,118,,Ear pain,paraphrase,low
Came with neck pain,53,male,0,99.0,104,97,143,,Back pain,keyword,low
"Migraine for two days, not eating well",36,female,0,,,,,,Severe migraine/headache,keyword,medium
Burning hot body and shivering since two days,32,female,0,,,,,,High fever (>102°F),paraphrase,high
"Sneezing for two days, slight headache",38,male,0,,,,,,Cold & cough,keyword,low
Came with splitting headache since morning,32,male,0,,,,,,Severe migraine/headache,keyword,medium
"Rolling on the floor with belly pain since last night, feeling tired",34,male,0,98.6,88,95,117,,Severe abdominal pain,paraphrase,high
Cough with yellow sputum and fever since last night,62,female,0,98.4,73,97,129,,Chest infection,paraphrase,medium
Came with vomiting diarrhea suddenly,53,female,0,99.7,90,97,115,,Persistent vomiting,keyword,medium
My husband has cough since yesterday,66,male,0,97.5,92,96,115,,Cold & cough,keyword,low
Feeling tired and weak since last night,33,female,0,,,,,3,Unclassified complaint,unclassified,low
Having fever shivering since last night,33,male,0,,,,,9,High fever (>102°F),keyword,high
My mother has checkup for two days,40,male,0,98.3,77,96,143,,Routine check-up,keyword,low
"Sharp pain near the heart with sweating for one week, slight headache",31,male,0,98.5,81,99,123,,Chest pain / suspected heart attack,paraphrase,critical
Blood pressure check suddenly and mild cough,8,male,0,99.6,99,96,113,,Routine check-up,keyword,low
Temperature 103 with chills,18,female,0,103.8,74,97,146,,High fever (>102°F),paraphrase,high
My wife has high fever since an hour,47,female,0,103.9,46,97,113,10,High fever (>102°F),keyword,high
Not able to breathe,15,female,0,98.5,147,97,140,,Breathing difficulty,keyword,critical
"Vomiting blood since yesterday, not eating well",92,male,0,,,,,,Severe bleeding,keyword,critical
Migraine since an hour,28,male,0,,,,,8,Severe migraine/headache,keyword,medium
My father has difficulty swallowing since morning,20,male,0,97.5,86,98,112,,Sore throat,keyword,low
My grandmother has dislocated shoulder for three days,5,male,0,99.8,81,95,118,,Fracture,keyword,high
"Severe stomach pain since an hour, no fever",5,female,0,,,,,,Severe abdominal pain,keyword,high
Throbbing pain on one side of the head with vomiting,18,male,0,98.3,93,97,122,,Severe migraine/headache,paraphrase,medium
Having rolling on the floor with belly pain suddenly,43,male,0,,,,,6,Severe abdominal pain,paraphrase,high
"Came with came for regular sugar test since an hour, not unconscious",79,male,0,99.4,143,98,134,,Routine check-up,paraphrase,critical
Vaccination suddenly and mild cough,33,female,0,,,,,,Routine check-up,keyword,low
Patient complains of eyes rolled up and became limp since an hour,65,female,0,98.2,77,96,113,10,Unconscious / collapsed,paraphrase,critical
Came with rolling on the floor with belly pain for two days,17,male,0,98.4,86,97,150,8,Severe abdominal pain,paraphrase,high
Face drooping since morning and mild cough,51,male,0,98.0,84,95,132,,Stroke signs,keyword,critical
Dizziness on standing from evening and poor sleep,72,female,0,,,,,,Unclassified complaint,unclassified,low
Rolling on the floor with belly pain since last night,31,female,0,,,,,,Severe abdominal pain,paraphrase,high
Excruciating pain in the abdomen since night since an hour,31,male,0,98.6,94,98,112,,Severe abdominal pain,paraphrase,high
Severe belly,50,male,0,,,,,,Severe abdominal pain,keyword,high
"Patient complains of used the puffer twice, still a bit tight since morning",29,male,0,98.6,66,89,119,5,Asthma attack (mild),paraphrase,critical
"Worst headache from evening, feeling tired",67,male,0,,,,,3,Severe migraine/headache,keyword,medium
Patient complains of need a fitness certificate since morning,49,female,0,,,,,,Routine check-up,paraphrase,low
Having red patches on the back,28,male,0,100.0,68,97,99,,Skin allergy/rash,paraphrase,low
Patient complains of slightly warm body and tired for one week,45,female,0,100.4,76,99,118,,Mild fever,paraphrase,low
Patient complains of scratchy throat and painful to swallow since morning,71,female,0,98.7,90,97,128,,Sore throat,paraphrase,low
Having burning in the stomach after spicy food since an hour,20,female,0,98.0,83,98,124,,Stomach pain (mild),paraphrase,low
Having rash since yesterday,54,male,0,99.1,72,94,125,,Skin allergy/rash,keyword,low
Patient complains of abdominal pain from evening,23,female,0,98.8,67,96,111,3,Stomach pain (mild),keyword,low
"High temperature since yesterday, body pains",56,male,0,,,,,,High fever (>102°F),keyword,high
My husband has loss of appetite since last night,45,female,0,98.0,88,96,136,1,Unclassified complaint,unclassified,low
Came with burning hot body and shivering since two days from evening,46,female,0,103.5,84,96,109,,High fever (>102°F),paraphrase,high
Bp check for two days and not eating well,48,female,0,99.0,86,95,119,,Routine check-up,keyword,low
Came with very high fever suddenly,6,male,0,103.3,96,97,155,7,High fever (>102°F),keyword,high
Patient complains of red spots on the arms that itch suddenly,30,male,0,,,,,,Skin allergy/rash,paraphrase,low
Excruciating pain in the abdomen since night since an hour and poor sleep,37,female,0,98.6,100,96,129,,Severe abdominal pain,paraphrase,high
Having back is aching while bending for three days,49,female,0,99.8,84,98,129,,Back pain,paraphrase,low
"Came with burning hot body and shivering since two days for two days, no bleeding",46,female,0,,,,,,High fever (>102°F),paraphrase,high
Patient complains of head is pounding and light hurts the eyes since last night,56,male,0,,,,,8,Severe migraine/headache,paraphrase,medium
High fever,8,female,0,103.2,89,97,118,6,High fever (>102°F),keyword,high
Red patches on the back for three days and body pains,73,male,0,97.3,95,98,120,,Skin allergy/rash,paraphrase,low
Came with chest tight and whistling sound when breathing since last night,58,male,0,97.8,89,78,134,,Asthma attack (mild),paraphrase,critical
Blood is gushing from the cut,15,male,0,97.8,83,97,101,,Severe bleeding,paraphrase,critical
"Fever for one week, a little nausea",13,female,0,,,,,5,Mild fever,keyword,low
Patient complains of ear pain for one week,53,male,0,98.9,149,95,131,2,Ear pain,keyword,critical
Patient complains of upset stomach and gas since yesterday,54,female,0,99.3,76,96,121,2,Stomach pain (mild),paraphrase,low
Runny nose and sneezing since two days,39,female,0,98.8,92,99,115,,Cold & cough,paraphrase,low
Broken arm since yesterday and poor sleep,27,male,0,98.0,88,100,142,,Fracture,keyword,high
Having lower back since an hour,66,male,0,,,,,,Back pain,keyword,medium
Throbbing pain on one side of the head with vomiting for one week,80,male,0,99.0,88,97,124,7,Severe migraine/headache,paraphrase,medium
My neighbour has not feeling well since two days,29,female,0,98.4,79,98,134,,Unclassified complaint,unclassified,low
Stabbing for three days and body pains,29,male,0,,,,,,Major trauma,keyword,critical
My husband has slightly warm body and tired,24,male,0,,,,,2,Mild fever,paraphrase,low
Patient complains of rolling on the floor with belly pain for one week,33,female,0,,,,,,Severe abdominal pain,paraphrase,high
Wheezing since an hour,39,male,0,,,,,,Asthma attack (mild),keyword,medium
Feeling feverish since evening,1,male,0,,,,,5,Mild fever,paraphrase,low
Having excruciating pain in the abdomen since night since last night,18,male,0,98.6,81,84,126,6,Severe abdominal pain,paraphrase,critical
Pesticide,10,female,0,,,,,,Poisoning / bite / overdose,keyword,critical
My neighbour has arm looks deformed after falling from the bike since yesterday,53,female,0,98.9,81,100,96,10,Fracture,paraphrase,high
Ear is aching since an hour,4,male,0,98.1,102,96,160,,Ear pain,paraphrase,low
Came with cough with yellow sputum and fever since an hour,44,male,0,98.3,96,97,148,8,Chest infection,paraphrase,medium
"Having cough bringing up green mucus , no breathing difficulty",63,female,0,98.1,82,96,92,,Chest infection,paraphrase,medium
Belly pain since last night and not eating well,50,male,0,98.9,88,97,130,,Stomach pain (mild),keyword,low
Tonsil from evening,36,female,0,,,,,,Sore throat,keyword,low
"Sneezing since morning, body pains",31,female,0,,,,,,Cold & cough,keyword,low
Having mouth twisted to one side suddenly since an hour,38,female,0,98.2,120,98,111,6,Stroke signs,paraphrase,critical
Having inhaler from evening,61,female,0,,,,,6,Asthma attack (mild),keyword,medium
"Having cold for two days, no bleeding",36,female,0,,,,,3,Cold & cough,keyword,low
Heard a crack in the wrist and it is swollen since an hour,46,male,0,97.9,85,94,124,,Fracture,paraphrase,high
Having need to collect my monthly medicines since morning,46,female,0,,,,,5,Routine check-up,paraphrase,low
Patient complains of throat is raw since yesterday from evening,21,male,0,97.3,92,97,123,,Sore throat,paraphrase,low
Tummy pain from evening and mild cough,63,female,0,98.0,68,97,109,,Stomach pain (mild),keyword,low
"Cannot put weight on the ankle after twisting it for two days, feeling tired",41,male,0,99.1,80,96,139,,Fracture,paraphrase,high
Patient complains of back is aching while bending since last night,60,male,0,,,,,1,Back pain,paraphrase,low
Came with continuous vomiting and very thirsty for two days,63,female,0,98.5,82,96,139,,Persistent vomiting,paraphrase,medium
Came with severe abdominal since last night,28,female,0,,,,,,Severe abdominal pain,keyword,high
My grandmother has unconscious,43,male,0,98.6,48,97,111,,Unconscious / collapsed,keyword,critical
"Came with scratchy throat and painful to swallow since morning, no breathing difficulty",64,male,0,,,,,,Sore throat,paraphrase,low
Came with blocked nose and mild cough for three days,44,female,0,,,,,,Cold & cough,paraphrase,low
Back ache since last night,61,male,0,,,,,,Back pain,keyword,low
Patient complains of very high fever for two days,48,female,0,,,,,,High fever (>102°F),keyword,high
Having cough with yellow sputum and fever for two days,44,male,0,98.9,91,95,123,,Chest infection,paraphrase,low
Severe headache for three days,1,male,0,99.2,82,97,114,,Severe migraine/headache,keyword,medium
My wife has ear ache since an hour,5,male,0,98.1,97,97,110,,Ear pain,keyword,low
Crushing chest,30,female,0,97.9,96,99,154,6,Chest pain / suspected heart attack,keyword,critical
"Follow up since an hour, poor sleep, no fever",44,female,0,99.3,71,98,118,,Routine check-up,keyword,low
"Pain inside the ear and blocked feeling suddenly, body pains",1,female,0,,,,,,Ear pain,paraphrase,low
"Vaccination since last night, no vomiting",26,female,0,98.6,141,99,119,,Routine check-up,keyword,critical
"Tummy pain for two days, not unconscious",22,female,0,99.1,90,96,100,,Stomach pain (mild),keyword,low
Pain while swallowing food since morning,71,male,0,,,,,,Sore throat,paraphrase,low
"Pulsating headache with nausea since morning since last night, body pains",51,female,0,98.5,84,97,116,8,Severe migraine/headache,paraphrase,medium
Throbbing pain on one side of the head with vomiting,30,female,0,99.3,71,98,117,6,Severe migraine/headache,paraphrase,medium
"Having broken bone suddenly, no chest pain",1,male,0,,,,,,Fracture,keyword,high
Patient complains of throbbing pain on one side of the head with vomiting since morning,45,male,0,,,,,6,Severe migraine/headache,paraphrase,medium
Patient complains of severe abdomen since an hour,26,male,0,,,,,,Severe abdominal pain,keyword,high
Gunshot since yesterday and mild cough,59,male,0,97.5,79,96,126,6,Major trauma,keyword,critical
Came with slightly warm body and tired since morning,27,male,0,,,,,,Mild fever,paraphrase,low
"Belly pain from evening, body pains",36,male,0,98.2,56,98,102,1,Stomach pain (mild),keyword,low
Having chest congestion since morning,39,female,0,99.0,90,85,121,5,Chest infection,keyword,critical
"Stiff back since morning suddenly, not eating well, no chest pain",21,female,0,,,,,,Back pain,paraphrase,low
My father has bad headache for three days,4,female,0,98.3,63,99,142,4,Severe migraine/headache,keyword,medium
Cough with yellow sputum and fever from evening,20,male,0,,,,,6,Chest infection,paraphrase,medium
Came with high fever for one week,52,male,0,,,,,9,High fever (>102°F),keyword,high
Arm looks deformed after falling from the bike for one week and not eating well,69,female,0,99.2,90,96,111,7,Fracture,paraphrase,high
Patient complains of phlegm since yesterday,26,male,0,,,,,,Chest infection,keyword,medium
Excruciating pain in the abdomen since night,5,male,0,,,,,,Severe abdominal pain,paraphrase,high
Skin is itching after using a new soap for three days,30,female,0,,,,,1,Skin allergy/rash,paraphrase,low
"Very high fever since morning, feeling tired",53,male,0,103.7,83,98,78,9,High fever (>102°F),keyword,critical
Loss of appetite since yesterday,50,male,0,,,,,4,Unclassified complaint,unclassified,low
Patient complains of throat is raw since yesterday since yesterday,17,female,0,98.8,95,97,141,,Sore throat,paraphrase,low
Patient complains of stomach pain for two days,35,male,0,,,,,,Stomach pain (mild),keyword,low
Came with worst headache suddenly,79,female,0,97.9,69,96,140,4,Severe migraine/headache,keyword,medium
Having slightly warm body and tired since yesterday,59,female,0,100.0,92,95,122,4,Mild fever,paraphrase,low
"Kerosene since yesterday, poor sleep",60,female,0,,,,,,Poisoning / bite / overdose,keyword,critical
Tummy pain suddenly and slight headache,37,female,0,,,,,,Stomach pain (mild),keyword,low
"Cough bringing up green mucus for two days, poor sleep",32,female,0,98.1,82,98,147,,Chest infection,paraphrase,medium
Loose stools since morning,59,male,0,98.9,70,97,113,,Stomach pain (mild),paraphrase,low
Patient complains of seizure since an hour,82,female,0,99.3,95,88,139,10,Seizure,keyword,critical
Upset stomach and gas,56,male,0,99.1,80,96,115,5,Stomach pain (mild),paraphrase,low
Patient complains of medical certificate since morning,44,female,0,98.1,72,97,129,3,Routine check-up,keyword,low
Patient complains of burning with fever for three days,34,female,0,103.2,84,81,128,,High fever (>102°F),keyword,critical
"Pain inside the ear and blocked feeling for two days, a little nausea",12,female,0,98.5,61,97,100,,Ear pain,paraphrase,low
Patient complains of heard a crack in the wrist and it is swollen since morning,75,male,0,99.9,104,99,123,6,Fracture,paraphrase,high
"Dehydrated suddenly, a little nausea",27,male,0,98.7,94,100,137,4,Persistent vomiting,keyword,medium
"Having bone is bent after the fall since an hour, no fever",28,male,0,,,,,,Fracture,paraphrase,high
"Sneezing for two days, feeling tired",22,female,1,,,,,,Cold & cough,keyword,low
Having runny nose suddenly,50,male,0,99.7,75,97,112,,Cold & cough,keyword,low
Came with burning hot body and shivering since two days from evening,32,male,0,,,,,,High fever (>102°F),paraphrase,high
"Came with productive cough from evening, not unconscious",83,male,0,98.0,90,96,118,8,Chest infection,keyword,medium
Burning hot body and shivering since two days since yesterday,47,male,0,,,,,,High fever (>102°F),paraphrase,high
Came with asthma for one week,53,male,0,98.3,95,99,117,6,Asthma attack (mild),keyword,medium
My son has fever touching 104 since yesterday suddenly,32,male,0,,,,,,High fever (>102°F),paraphrase,high
Severe headache for one week and mild cough,6,male,0,98.9,81,96,146,,Severe migraine/headache,keyword,medium
"Severe head pain from evening, feeling tired",53,male,0,98.6,79,98,108,,Severe migraine/headache,keyword,medium
"Came with severe head pain from evening, no bleeding",38,female,0,98.7,80,97,116,,Severe migraine/headache,keyword,medium
Itchy suddenly,32,female,0,,,,,5,Skin allergy/rash,keyword,low
Red spots on the arms that itch since yesterday and feeling tired,16,female,0,98.3,96,97,117,,Skin allergy/rash,paraphrase,low
My grandmother has pressure in the middle of my chest spreading to my jaw suddenly,6,female,0,98.4,93,98,79,,Chest pain / suspected heart attack,paraphrase,critical
Vomiting since for three days,1,male,0,98.6,96,98,120,,Persistent vomiting,keyword,medium
"Came with came for regular sugar test for three days, no breathing difficulty",65,female,0,98.6,87,98,137,,Routine check-up,paraphrase,low
Cannot keep even water down and slight headache,47,male,0,,,,,,Persistent vomiting,paraphrase,medium
My husband has unbearable pain in the lower right side of the tummy for one week,19,female,0,,,,,,Severe abdominal pain,paraphrase,high
"My husband has prescription , no bleeding",37,female,0,98.1,85,99,126,,Routine check-up,keyword,low
Patient complains of pain inside the ear and blocked feeling,49,female,0,,,,,,Ear pain,paraphrase,low
Patient complains of wheezing since an hour,48,female,0,99.0,93,99,113,,Asthma attack (mild),keyword,medium
High temperature since last night and feeling tired,42,male,0,102.4,59,97,131,8,High fever (>102°F),keyword,high
Having fever shivering for two days,60,female,0,103.3,84,97,100,,High fever (>102°F),keyword,high
Upset stomach and gas,45,male,0,99.0,74,98,132,5,Stomach pain (mild),paraphrase,low
Cannot put weight on the ankle after twisting it suddenly and poor sleep,51,female,0,,,,,5,Fracture,paraphrase,high
Sleep problems,33,male,0,,,,,2,Unclassified complaint,unclassified,low
"Burning hot body and shivering since two days for one week, no fever",85,male,0,102.7,83,99,112,,High fever (>102°F),paraphrase,high
Came with runny nose and sneezing since two days,44,female,0,98.3,72,98,104,,Cold & cough,paraphrase,low
Back is aching while bending since an hour and feeling tired,19,female,0,98.4,77,95,141,,Back pain,paraphrase,low
Fracture since morning and not eating well,53,male,0,99.9,86,95,112,,Fracture,keyword,high
Fever touching 104 since yesterday,27,female,0,104.2,77,96,109,,High fever (>102°F),paraphrase,high
Pain in throat,33,female,0,98.3,83,98,82,4,Sore throat,keyword,critical
Patient complains of vomiting diarrhea since an hour,90,female,0,,,,,,Persistent vomiting,keyword,medium
Came with fell down and is not waking from evening,51,male,0,,,,,6,Unconscious / collapsed,paraphrase,critical
Patient complains of chills since an hour,45,female,0,,,,,,Mild fever,keyword,low
"Mild ache in the tummy after food for two days, not eating well",42,female,0,,,,,5,Stomach pain (mild),paraphrase,low
Having vomiting diarrhoea,39,female,0,98.6,74,99,100,,Persistent vomiting,keyword,high
Patient complains of gasping for air,12,male,0,,,,,,Breathing difficulty,paraphrase,critical
Fever shivering since last night,26,female,1,,,,,6,High fever (>102°F),keyword,high
Lower back,41,male,0,,,,,5,Back pain,keyword,low
Came with repeated vomiting suddenly,35,male,0,99.7,76,96,148,,Persistent vomiting,keyword,medium
"Having hives all over and voice became hoarse since an hour, no bleeding",52,female,0,100.0,116,97,99,9,Severe allergic reaction,paraphrase,critical
Having cough bringing up green mucus for one week,39,female,0,98.4,62,99,132,,Chest infection,paraphrase,medium
Chest infection since morning,31,female,0,,,,,,Chest infection,keyword,medium
Came with paralysed for one week,8,male,0,99.5,32,97,105,,Stroke signs,keyword,critical
Came with lips and eyes swelled up after eating prawns for three days,18,female,0,97.7,79,96,120,,Severe allergic reaction,paraphrase,critical
Having cannot keep even water down since yesterday,36,male,0,100.2,88,97,131,,Persistent vomiting,paraphrase,medium
Pain while swallowing food from evening,38,female,0,,,,,,Sore throat,paraphrase,low
Came with dislocated shoulder for two days,63,female,0,97.3,73,98,124,,Fracture,keyword,high
Having pain inside the ear and blocked feeling suddenly,46,male,0,99.7,79,100,122,4,Ear pain,paraphrase,low
Came with worst headache since last night,53,female,0,,,,,,Severe migraine/headache,keyword,medium
Bp check from evening,37,male,0,,,,,,Routine check-up,keyword,low
"Used the puffer twice, still a bit tight since last night and a little nausea",64,female,0,,,,,4,Asthma attack (mild),paraphrase,medium
"Having severe tummy for three days, no breathing difficulty",1,female,0,98.7,91,97,114,,Severe abdominal pain,keyword,high
Came with slightly warm body and tired for three days,47,female,0,,,,,3,Mild fever,paraphrase,low
"Fracture since morning, mild cough",47,female,0,98.2,87,96,93,,Fracture,keyword,high
Having cold for three days,11,male,0,99.4,101,96,114,,Cold & cough,keyword,low
Check-up,74,female,0,,,,,,Routine check-up,keyword,low
"Having vomited ten times since morning for three days, no vomiting",39,female,0,98.9,72,95,126,,Persistent vomiting,paraphrase,high
My mother has sharp pain near the heart with sweating,41,male,0,99.1,96,98,131,,Chest pain / suspected heart attack,paraphrase,critical
"My mother has throwing up everything I eat since yesterday since morning, not unconscious",60,male,0,,,,,5,Persistent vomiting,paraphrase,medium
Fever touching 104 since yesterday since an hour and mild cough,47,male,0,,,,,10,High fever (>102°F),paraphrase,high
"Chills from evening and poor sleep, no vomiting",36,male,0,,,,,,Mild fever,keyword,low
Came with stomachache from evening,17,male,0,,,,,,Stomach pain (mild),keyword,low
Chest is burning and left arm feels numb since an hour,40,male,0,97.4,66,96,113,,Chest pain / suspected heart attack,paraphrase,critical
"Very hot to touch and rigors at night since morning, feeling tired",37,female,0,103.8,120,96,142,,High fever (>102°F),paraphrase,high
"Runny nose and sneezing since two days suddenly, feeling tired",1,male,0,98.1,88,97,126,2,Cold & cough,paraphrase,low
Inhaler since last night,24,male,0,98.7,86,96,146,,Asthma attack (mild),keyword,medium
"Stomach is rock hard and paining terribly for two days, slight headache",66,female,0,98.7,92,97,121,,Severe abdominal pain,paraphrase,high
Came with head is pounding and light hurts the eyes for two days,65,female,0,97.9,73,96,112,,Severe migraine/headache,paraphrase,medium
Pain inside the ear and blocked feeling,74,male,0,99.2,88,81,126,,Ear pain,paraphrase,critical
Having not stopping bleeding for one week,26,female,0,98.5,48,98,102,9,Severe bleeding,keyword,critical
"Cannot move my arm for two days, not eating well",39,female,0,,,,,,Fracture,keyword,high
Continuous vomiting and very thirsty suddenly,38,female,1,99.6,86,97,119,7,Persistent vomiting,paraphrase,medium
"Back is aching while bending suddenly, mild cough",15,female,0,98.8,77,98,134,,Back pain,paraphrase,low
"Stomach pain , body pains",35,female,0,98.1,93,94,133,,Stomach pain (mild),keyword,low
Patient complains of breathing very fast and wheezing badly lips look dark from evening,71,male,0,99.0,81,97,105,6,Breathing difficulty,paraphrase,critical
Patient complains of sneezing suddenly,68,female,0,98.7,90,98,118,,Cold & cough,keyword,low
Patient complains of head is pounding and light hurts the eyes since morning,39,female,0,97.8,81,97,104,,Severe migraine/headache,paraphrase,medium
"Red patches on the back , a little nausea",92,female,0,,,,,,Skin allergy/rash,paraphrase,low
Fell from a tree,51,female,0,,,,,,Major trauma,keyword,critical
Patient complains of cannot keep even water down for one week,41,female,0,97.3,60,98,154,,Persistent vomiting,paraphrase,medium
Blocked nose and mild cough since yesterday and body pains,35,male,0,,,,,,Cold & cough,paraphrase,low
"Having scratchy throat and painful to swallow since yesterday, no fever",66,male,0,,,,,,Sore throat,paraphrase,low
My husband has severe abdominal pain for one week,3,male,0,98.6,86,97,108,7,Severe abdominal pain,keyword,high
My wife has temperature 103 with chills since an hour,47,female,0,103.7,89,97,187,,High fever (>102°F),paraphrase,high
Sugar check for two days and slight headache,21,male,0,98.2,78,97,141,,Routine check-up,keyword,low
"Mild wheeze after climbing stairs from evening, slight headache",6,male,0,98.3,69,96,133,3,Asthma attack (mild),paraphrase,medium
Temperature 103 with chills from evening,53,female,0,103.8,70,97,134,9,High fever (>102°F),paraphrase,high
"Red patches on the back since an hour, body pains",38,female,0,,,,,3,Skin allergy/rash,paraphrase,low
Cannot put weight on the ankle after twisting it since last night and poor sleep,53,female,0,98.8,104,89,149,,Fracture,paraphrase,critical
Having need a fitness certificate,54,male,0,,,,,,Routine check-up,paraphrase,low
Came with fever shivering for three days,70,male,0,102.6,95,97,89,,High fever (>102°F),keyword,critical
My daughter has back is aching while bending since last night,38,female,0,98.3,77,97,120,,Back pain,paraphrase,low
My wife has pain in the lower spine after lifting from evening,44,male,0,98.4,83,97,130,1,Back pain,paraphrase,low
My neighbour has productive cough from evening,40,male,0,97.6,73,97,116,,Chest infection,keyword,medium
Came with temperature 103 with chills for one week,18,female,0,,,,,,High fever (>102°F),paraphrase,high
"Cannot move my leg for one week, slight headache",78,female,0,,,,,,Fracture,keyword,high
Having gasping for air for three days,43,female,0,,,,,,Breathing difficulty,paraphrase,critical
Eczema since yesterday and mild cough,53,female,0,98.5,74,98,131,,Skin allergy/rash,keyword,low
Having burning with fever suddenly,38,male,0,,,,,,High fever (>102°F),keyword,high
Nasal congestion since yesterday,9,male,0,,,,,,Cold & cough,keyword,low
My wife has not responding to calls suddenly,61,male,0,98.9,78,98,120,,Unconscious / collapsed,paraphrase,critical
"Suicide attempt since morning, body pains",40,male,0,99.1,84,97,143,8,Poisoning / bite / overdose,keyword,critical
Fracture,2,male,0,,,,,,Fracture,keyword,high
Gasping,59,female,0,,,,,9,Breathing difficulty,keyword,critical
Pulsating headache with nausea since morning since an hour and poor sleep,50,male,0,,,,,6,Severe migraine/headache,paraphrase,medium
Having pain in my ear for three days,1,female,0,98.8,93,99,96,,Ear pain,keyword,low
My daughter has burning in the stomach after spicy food since yesterday,31,male,0,97.5,95,95,135,5,Stomach pain (mild),paraphrase,low
Having low grade temperature and body pains since morning,46,female,0,,,,,,Mild fever,paraphrase,low
"My son has cannot move my arm for one week, no vomiting",55,female,0,100.1,65,93,132,5,Fracture,keyword,high
"Cough for one week, body pains",1,female,0,,,,,5,Cold & cough,keyword,low
My son has neck pain,1,female,0,,,,,1,Back pain,keyword,low
Having vaccination since morning,53,male,0,,,,,,Routine check-up,keyword,low
My wife has throwing up everything I eat since yesterday suddenly,62,female,0,99.4,101,95,113,,Persistent vomiting,paraphrase,medium
Acidity,31,female,0,,,,,,Stomach pain (mild),keyword,low
"Neck pain since yesterday, no chest pain",8,male,0,99.8,67,97,122,1,Back pain,keyword,low
My grandmother has asthma for three days,58,male,0,98.6,41,98,111,,Asthma attack (mild),keyword,medium
Patient complains of worst head pain of my life for three days,50,female,0,98.2,100,98,111,,Severe migraine/headache,paraphrase,medium
Having severe abdominal since an hour,46,male,0,99.3,92,99,124,10,Severe abdominal pain,keyword,high
Excruciating pain in the abdomen since night for one week and feeling tired,56,female,0,,,,,,Severe abdominal pain,paraphrase,high
Asthma for one week and poor sleep,65,female,0,99.3,85,97,102,,Asthma attack (mild),keyword,medium
Bone is bent after the fall,33,male,0,,,,,6,Fracture,paraphrase,high
Pain in the leg muscles since morning,50,female,0,,,,,2,Unclassified complaint,unclassified,low
Patient complains of bronchitis from evening,23,male,0,98.2,87,95,140,3,Chest infection,keyword,medium
"Inhaler , poor sleep",61,female,0,98.8,82,97,120,7,Asthma attack (mild),keyword,medium
Earache since an hour and a little nausea,9,female,0,,,,,,Ear pain,keyword,low
"Patient complains of vomiting many times , no fever",82,female,0,100.6,97,97,122,5,Persistent vomiting,keyword,medium
Arm looks deformed after falling from the bike for two days and slight headache,53,male,0,97.7,128,97,142,,Fracture,paraphrase,high
Pulsating headache with nausea since morning,35,female,0,,,,,,Severe migraine/headache,paraphrase,medium
Burning hot body and shivering since two days since yesterday,22,male,0,103.7,93,91,131,,High fever (>102°F),paraphrase,high
"Appendicitis , poor sleep, no breathing difficulty",64,male,0,98.6,87,95,102,,Severe abdominal pain,keyword,high
My grandmother has backache since morning,56,female,0,98.9,96,96,136,,Back pain,keyword,low
Having bad headache from evening,47,female,0,98.3,82,99,128,3,Severe migraine/headache,keyword,medium
Having bad headache for two days,17,female,0,98.1,79,96,116,,Severe migraine/headache,keyword,medium
Broken bone for two days and slight headache,67,male,0,99.7,73,97,126,,Fracture,keyword,high
Patient complains of high fever suddenly,66,female,0,,,,,10,High fever (>102°F),keyword,high
"Inhaler for one week, feeling tired",20,male,0,,,,,,Asthma attack (mild),keyword,medium
Rolling on the floor with belly pain for two days,11,female,0,99.0,93,97,104,,Severe abdominal pain,paraphrase,high
Eyes rolled up and became limp since yesterday,22,male,0,,,,,7,Unconscious / collapsed,paraphrase,critical
Burning hot body and shivering since two days for two days,79,female,0,,,,,,High fever (>102°F),paraphrase,high
Patient complains of red patches on the back since yesterday,24,male,0,98.2,87,97,116,,Skin allergy/rash,paraphrase,low
"Continuous vomiting and very thirsty suddenly, not eating well",2,female,0,,,,,,Persistent vomiting,paraphrase,medium
"Vomited ten times since morning since morning, not eating well",22,male,0,,,,,3,Persistent vomiting,paraphrase,medium
"Sneezing since morning, body pains",22,female,0,98.5,71,98,104,3,Cold & cough,keyword,low
Having broken bone for one week,45,female,0,98.9,98,97,115,,Fracture,keyword,high
Burning hot body and shivering since two days,32,male,0,103.3,72,97,106,,High fever (>102°F),paraphrase,high
Cough with yellow sputum and fever and a little nausea,34,female,0,98.6,85,95,127,3,Chest infection,paraphrase,medium
Came with pain in the lower spine after lifting since last night,37,female,0,99.2,75,97,150,1,Back pain,paraphrase,low
Having pain while swallowing food from evening,39,female,1,98.9,92,89,126,,Sore throat,paraphrase,critical
Patient complains of red spots on the arms that itch since morning,73,male,0,,,,,1,Skin allergy/rash,paraphrase,low
Having stiff back since morning since an hour,40,male,0,,,,,,Back pain,paraphrase,low
"Feeling feverish since evening from evening, a little nausea",22,male,0,100.2,84,97,134,,Mild fever,paraphrase,low
Broken arm,41,male,0,97.4,65,98,137,5,Fracture,keyword,high
"Feverish for three days, slight headache",57,male,0,100.7,91,98,138,,Mild fever,keyword,low
Follow up since morning,76,female,0,98.4,71,94,102,2,Routine check-up,keyword,low
My husband has throat closing after a bee sting for two days,78,female,0,,,,,,Severe allergic reaction,paraphrase,critical
Having pesticide from evening,76,female,0,,,,,,Poisoning / bite / overdose,keyword,critical
My husband has burning with fever suddenly,28,male,0,103.3,81,97,99,,High fever (>102°F),keyword,high
"Cough with yellow sputum and fever since morning and slight headache, no vomiting",60,female,0,,,,,,Chest infection,paraphrase,medium
Patient complains of sneezing since an hour,35,male,0,,,,,1,Cold & cough,keyword,low
Having ear is aching since morning,1,male,0,98.7,73,95,121,3,Ear pain,paraphrase,low
Wheezing since last night,51,female,0,98.7,72,95,128,,Asthma attack (mild),keyword,medium
Very high fever,55,female,0,104.3,50,98,127,10,High fever (>102°F),keyword,high
High temperature for two days and body pains,84,male,0,104.0,79,95,131,8,High fever (>102°F),keyword,high
My grandmother has skin is itching after using a new soap,33,male,0,,,,,,Skin allergy/rash,paraphrase,low
My son has ear is aching for three days,11,female,0,99.0,68,97,121,,Ear pain,paraphrase,low
Cannot keep even water down,32,male,0,,,,,8,Persistent vomiting,paraphrase,medium
Having dehydrated since an hour,60,female,0,,,,,,Persistent vomiting,keyword,medium
Came with throat irritation and cold suddenly,42,male,0,,,,,,Cold & cough,paraphrase,low
My wife has temperature 103 with chills,52,female,0,102.3,96,96,133,,High fever (>102°F),paraphrase,high
"Red patches on the back since last night, mild cough",68,female,0,97.9,83,96,93,,Skin allergy/rash,paraphrase,low
Swelling throat,77,female,0,,,,,7,Severe allergic reaction,keyword,critical
Patient complains of sneezing for two days,62,female,0,99.0,84,96,129,,Cold & cough,keyword,low
Child pulling at the ear and crying suddenly and a little nausea,48,male,0,,,,,,Ear pain,paraphrase,low
"My wife has dehydrated suddenly, no fever",44,female,0,98.3,64,96,131,,Persistent vomiting,keyword,medium
Came with cough bringing up green mucus since an hour,43,male,0,97.5,99,95,122,,Chest infection,paraphrase,medium
Came with bone is bent after the fall since morning,49,male,0,,,,,,Fracture,paraphrase,high
"Having used the puffer twice, still a bit tight since an hour",42,female,0,98.1,81,95,137,,Asthma attack (mild),paraphrase,medium
"Child stiffened and shook for five minutes, no fever",73,male,0,97.1,89,99,140,,Seizure,paraphrase,critical
"Haemorrhage for one week, slight headache",72,female,0,97.4,38,96,108,,Severe bleeding,keyword,critical
"Burning with fever since an hour, slight headache",33,male,0,,,,,,High fever (>102°F),keyword,high
"Hives and not eating well, no bleeding",13,male,0,98.2,92,95,131,,Skin allergy/rash,keyword,low
"Burning with fever , feeling tired",59,male,0,,,,,8,High fever (>102°F),keyword,high
"Cannot keep even water down for two days, poor sleep",29,female,0,,,,,,Persistent vomiting,paraphrase,medium
Red spots on the arms that itch,30,female,0,98.8,95,96,114,5,Skin allergy/rash,paraphrase,low
My daughter has bukhar suddenly,10,male,0,99.9,94,95,118,,Mild fever,keyword,low
Came with excruciating pain in the abdomen since night from evening,82,female,0,,,,,,Severe abdominal pain,paraphrase,high
Came with arm looks deformed after falling from the bike since yesterday,83,female,0,,,,,,Fracture,paraphrase,high
Came with check-up from evening,75,female,0,99.4,90,97,121,3,Routine check-up,keyword,low
My husband has high temperature since morning,25,male,0,103.8,84,95,151,6,High fever (>102°F),keyword,high
Difficulty swallowing suddenly and mild cough,78,female,0,98.3,71,96,137,,Sore throat,keyword,low
Came with severe head pain since an hour,49,male,0,100.5,79,98,114,3,Severe migraine/headache,keyword,medium
"Pain inside the ear and blocked feeling for three days, not eating well",66,male,0,,,,,1,Ear pain,paraphrase,low
Patient complains of loose stools since morning for two days,25,female,0,99.5,79,96,125,2,Stomach pain (mild),paraphrase,medium
Chest infection since an hour,84,male,0,98.8,74,98,133,7,Chest infection,keyword,medium
Came with ear infection for three days,5,female,0,98.4,102,97,108,,Ear pain,keyword,low
Patient complains of skin is itching after using a new soap for one week,13,female,0,99.4,74,96,127,3,Skin allergy/rash,paraphrase,low
Pain in the lower spine after lifting,46,male,0,,,,,4,Back pain,paraphrase,low
Having need a fitness certificate since last night,44,male,0,98.5,93,99,135,,Routine check-up,paraphrase,low
Chest pain for two days and poor sleep,52,male,0,,,,,,Chest pain / suspected heart attack,keyword,critical
"Pain while swallowing food for one week, mild cough",92,female,0,,,,,3,Sore throat,paraphrase,low
Came with temperature 103 with chills for three days,43,female,0,103.8,89,92,126,,High fever (>102°F),paraphrase,high
Came with rash for three days,58,female,0,97.7,72,96,118,,Skin allergy/rash,keyword,low
Came for regular sugar test since an hour and mild cough,52,male,0,98.4,95,97,128,,Routine check-up,paraphrase,low
Came with chills since yesterday,60,male,0,,,,,3,Mild fever,keyword,low
Came with repeated vomiting from evening,57,female,0,98.7,74,96,142,,Persistent vomiting,keyword,medium
Back is aching while bending since yesterday,63,female,0,99.0,90,98,144,,Back pain,paraphrase,low
My mother has stomach is rock hard and paining terribly since last night,73,female,0,97.4,73,97,132,,Severe abdominal pain,paraphrase,high
Severe stomach pain,39,male,0,,,,,,Severe abdominal pain,keyword,high
Continuous vomiting since morning and feeling tired,45,female,0,98.9,93,95,116,,Persistent vomiting,keyword,medium
Throat infection since an hour,32,female,0,,,,,3,Sore throat,keyword,low
Having cough bringing up green mucus for three days,41,male,0,98.9,80,95,117,,Chest infection,paraphrase,medium
Electrocuted,37,female,0,99.0,76,97,107,6,Severe burns / electric shock,keyword,critical
Asthma since last night,24,male,0,,,,,7,Asthma attack (mild),keyword,medium
My son has fever touching 104 since yesterday since yesterday,49,male,0,,,,,6,High fever (>102°F),paraphrase,high
Bone is bent after the fall for one week and a little nausea,37,female,0,98.0,70,99,125,10,Fracture,paraphrase,high
Throat is raw since yesterday,52,male,0,98.1,73,96,115,,Sore throat,paraphrase,low
Patient complains of loose motion for three days,42,male,0,,,,,,Stomach pain (mild),keyword,low
Heard a crack in the wrist and it is swollen,52,male,0,97.9,78,95,130,6,Fracture,paraphrase,high
Patient complains of bike crash on the highway for one week,76,male,0,98.2,47,97,114,8,Major trauma,paraphrase,critical
Ear pain since yesterday,29,female,0,,,,,,Ear pain,keyword,low
Scratchy throat and painful to swallow and not eating well,37,female,0,,,,,,Sore throat,paraphrase,low
Burns on face and hands from a gas cylinder for one week and poor sleep,60,female,0,99.1,46,96,126,,Severe burns / electric shock,paraphrase,critical
Having continuous vomiting,56,male,0,98.2,67,95,116,,Persistent vomiting,keyword,medium
Came with itchy,32,male,0,98.3,89,96,128,,Skin allergy/rash,keyword,low
Stiff back since morning for one week,56,male,0,98.8,80,96,145,,Back pain,paraphrase,low
"Soaked three cloths with blood , slight headache",48,male,0,99.5,48,97,117,,Severe bleeding,paraphrase,critical
My father has feeling feverish since evening from evening,46,male,0,,,,,4,Mild fever,paraphrase,low
My mother has temperature 103 with chills for three days,66,male,0,,,,,,High fever (>102°F),paraphrase,high
Having throat irritation and cold since an hour,42,female,0,98.6,63,97,116,,Cold & cough,paraphrase,low
Wheezing,55,male,0,,,,,,Asthma attack (mild),keyword,medium
Came with jerking movements and foam from mouth since an hour,43,female,0,99.4,82,96,129,,Seizure,paraphrase,critical
Patient complains of broken wrist since morning,55,male,0,99.1,78,97,149,,Fracture,keyword,high
Cannot keep even water down from evening,50,male,0,98.9,91,96,130,,Persistent vomiting,paraphrase,medium
Came with dizziness on standing suddenly,18,female,0,98.3,93,97,130,4,Unclassified complaint,unclassified,low
Heard a crack in the wrist and it is swollen,51,male,0,,,,,,Fracture,paraphrase,high
"Came with feeling tired and weak , no fever",53,male,0,97.4,72,96,114,,Unclassified complaint,unclassified,low
Cough with yellow sputum and fever,33,male,0,,,,,6,Chest infection,paraphrase,medium
Having runny nose and sneezing since two days since yesterday,62,female,0,100.5,94,97,121,,Cold & cough,paraphrase,low
Routine,25,female,0,98.5,74,98,127,,Routine check-up,keyword,low
"Pain inside the ear and blocked feeling since morning, body pains",79,male,0,97.3,96,98,117,3,Ear pain,paraphrase,low
Having child pulling at the ear and crying for three days,11,female,0,99.6,83,97,116,,Ear pain,paraphrase,low
Follow up,61,female,0,98.4,79,98,116,3,Routine check-up,keyword,low
Itching since yesterday and poor sleep,59,male,0,98.8,93,98,112,,Skin allergy/rash,keyword,low
My grandmother has itching for two days,60,female,0,99.0,77,95,127,5,Skin allergy/rash,keyword,low
Temperature since yesterday and poor sleep,21,female,0,100.2,87,96,205,,Mild fever,keyword,high
Patient complains of unbearable pain in the lower right side of the tummy since morning,36,female,0,99.4,74,95,133,,Severe abdominal pain,paraphrase,high
Came with throat irritation and cold since last night,5,male,0,98.8,81,98,132,4,Cold & cough,paraphrase,low
Having pain in ear for one week,45,male,0,,,,,,Ear pain,keyword,low
Pain in ear since yesterday,12,female,0,98.2,77,97,102,,Ear pain,keyword,low
Mild ache in the tummy after food from evening,60,female,0,98.9,80,95,136,3,Stomach pain (mild),paraphrase,low
"Vomited ten times since morning suddenly, mild cough",33,male,0,,,,,3,Persistent vomiting,paraphrase,medium
Cold,66,female,0,99.2,109,96,128,,Cold & cough,keyword,low
Child pulling at the ear and crying from evening,5,male,0,99.9,98,96,122,,Ear pain,paraphrase,low
Having ear ache since an hour,19,male,0,,,,,,Ear pain,keyword,low
My son has blood pressure check since an hour,36,male,0,97.7,88,97,142,,Routine check-up,keyword,low
My neighbour has throat is raw since yesterday since yesterday,40,female,0,98.8,71,97,134,,Sore throat,paraphrase,low
Not waking up,46,female,0,98.9,45,97,125,8,Unconscious / collapsed,keyword,critical
Having ear is aching since last night,1,male,0,98.2,71,98,107,,Ear pain,paraphrase,low
Came with fainted for three days,48,male,0,98.7,62,95,129,,Unconscious / collapsed,keyword,critical
"Unable to breathe since last night, poor sleep",46,female,0,,,,,8,Breathing difficulty,keyword,critical
Pneumonia since yesterday,27,male,0,,,,,,Chest infection,keyword,medium
Patient complains of pain in ear suddenly,35,female,0,98.4,76,98,125,,Ear pain,keyword,low
Patient complains of not waking up for three days,23,female,0,,,,,,Unconscious / collapsed,keyword,critical
Throat pain suddenly,20,female,0,,,,,,Sore throat,keyword,low
Feverish suddenly,47,male,0,100.3,96,96,142,5,Mild fever,keyword,low
Patient complains of fell down and is not waking since yesterday,29,male,0,,,,,,Unconscious / collapsed,paraphrase,critical
"Difficulty swallowing suddenly, not eating well",1,male,0,,,,,,Sore throat,keyword,low
Having pain while swallowing food suddenly,40,female,0,99.0,88,96,118,5,Sore throat,paraphrase,low
Patient complains of feeling tired and weak since last night,40,female,0,98.2,96,96,123,,Unclassified complaint,unclassified,low
Patient complains of feeling feverish since evening since last night,34,male,0,101.0,69,97,144,,Mild fever,paraphrase,low
"Came with cough with sputum since an hour, no bleeding",14,female,0,,,,,,Chest infection,keyword,medium
"Worst head pain of my life for three days, mild cough",29,male,0,,,,,,Severe migraine/headache,paraphrase,medium
Bronchitis since yesterday,46,female,0,97.4,77,97,116,,Chest infection,keyword,medium
Pneumonia since last night and feeling tired,62,male,0,,,,,5,Chest infection,keyword,medium
Having stomach is rock hard and paining terribly since morning,19,female,0,,,,,,Severe abdominal pain,paraphrase,high
Patient complains of child pulling at the ear and crying for one week,7,female,0,99.7,82,97,115,,Ear pain,paraphrase,low
Rash suddenly and a little nausea,81,male,0,,,,,,Skin allergy/rash,keyword,low
Patient complains of skin is itching after using a new soap for two days,43,male,0,99.9,94,97,140,3,Skin allergy/rash,paraphrase,low
Patient complains of burning with fever for two days,68,female,0,102.8,85,96,147,,High fever (>102°F),keyword,high
Cough,53,male,0,98.3,77,99,133,,Cold & cough,keyword,low
Red patches on the back for two days and not eating well,58,male,0,,,,,,Skin allergy/rash,paraphrase,low
"Speech became unclear suddenly for three days, mild cough",36,female,1,98.2,82,97,128,,Stroke signs,paraphrase,critical
My father has pain while swallowing food for one week,21,female,1,,,,,2,Sore throat,paraphrase,low
My father has throat pain since yesterday,67,male,0,97.7,103,96,128,,Sore throat,keyword,low
Feeling feverish since evening since an hour,29,male,0,100.1,95,95,88,,Mild fever,paraphrase,critical
Having continuous vomiting and very thirsty since an hour,43,male,0,98.0,78,95,110,,Persistent vomiting,paraphrase,medium
Having back is aching while bending,60,female,0,98.9,98,98,149,,Back pain,paraphrase,low
Hives since yesterday,53,male,0,97.5,76,98,127,,Skin allergy/rash,keyword,low
Came with cough since morning,66,male,0,,,,,,Cold & cough,keyword,low
Stomach ache,49,male,0,99.4,84,97,118,,Stomach pain (mild),keyword,low
Cannot breathe since yesterday,64,female,0,98.9,63,98,115,,Breathing difficulty,keyword,critical
Slightly warm body and tired,19,female,0,100.6,87,97,130,4,Mild fever,paraphrase,low
Came with broken bone for two days,3,female,0,,,,,,Fracture,keyword,high
"Stomach is rock hard and paining terribly since yesterday, poor sleep",46,male,0,98.9,85,95,120,6,Severe abdominal pain,paraphrase,high
Came with blood pressure check since an hour,33,male,0,,,,,,Routine check-up,keyword,low
Skin is itching after using a new soap,34,female,0,98.5,101,99,134,,Skin allergy/rash,paraphrase,low
Had a fit and bit the tongue since yesterday and a little nausea,32,female,0,98.1,78,97,124,,Seizure,paraphrase,critical
Having blocked nose and mild cough from evening,48,female,0,,,,,1,Cold & cough,paraphrase,low
Having skin is itching after using a new soap suddenly,58,male,0,99.3,73,97,124,,Skin allergy/rash,paraphrase,low
Electric shock since last night and slight headache,49,female,0,99.5,74,97,148,9,Severe burns / electric shock,keyword,critical
Loose stools since morning,40,female,0,98.7,81,98,117,,Stomach pain (mild),paraphrase,low
Having blood is gushing from the cut for one week,44,male,0,99.8,109,96,116,,Severe bleeding,paraphrase,critical
Blood pressure check,28,male,0,99.0,82,97,120,,Routine check-up,keyword,low
Slightly warm body and tired,53,male,0,99.9,72,97,132,5,Mild fever,paraphrase,low
Having cough with yellow sputum and fever since morning,27,female,0,,,,,,Chest infection,paraphrase,medium
"Having used the puffer twice, still a bit tight since yesterday",48,male,0,97.7,106,96,125,6,Asthma attack (mild),paraphrase,medium
Having hot oil fell on the chest and arms since morning,15,male,0,,,,,,Severe burns / electric shock,paraphrase,critical
Came with migraine suddenly,37,male,0,98.6,98,96,133,,Severe migraine/headache,keyword,medium
Severe abdominal pain,30,female,0,98.8,115,98,135,,Severe abdominal pain,keyword,high
Having heard a crack in the wrist and it is swollen for two days,1,female,0,98.4,76,100,133,,Fracture,paraphrase,high
Pain in the leg muscles,70,female,0,98.2,87,96,138,1,Unclassified complaint,unclassified,low
"Came with stomach unbearable for one week, no fever",65,female,0,99.5,91,95,136,7,Severe abdominal pain,keyword,high
Continuous vomiting,29,male,0,,,,,,Persistent vomiting,keyword,medium
Having stomach upset,72,male,0,99.5,95,98,141,,Stomach pain (mild),keyword,low
Patient complains of stomach is rock hard and paining terribly for three days,23,female,1,98.3,71,97,136,,Severe abdominal pain,paraphrase,high
Came with chest tightness since morning,56,male,0,,,,,6,Chest pain / suspected heart attack,keyword,critical
"Bone is bent after the fall since yesterday, a little nausea",18,male,0,,,,,6,Fracture,paraphrase,high
"Bad headache since an hour, slight headache",32,female,0,,,,,4,Severe migraine/headache,keyword,medium
"Scratchy throat and painful to swallow suddenly, no bleeding",29,female,0,97.7,90,98,112,,Sore throat,paraphrase,low
"Dizziness on standing since last night, not unconscious",32,female,0,98.3,88,95,109,,Unclassified complaint,unclassified,low
Fracture for three days,59,male,0,97.6,106,99,121,,Fracture,keyword,high
Productive cough since an hour and a little nausea,43,male,0,,,,,4,Chest infection,keyword,medium
Having chest congestion from evening,63,female,0,,,,,8,Chest infection,keyword,medium
Fever for three days and a little nausea,5,female,0,100.6,85,99,131,,Mild fever,keyword,low
Came with lower back since yesterday,18,male,0,,,,,,Back pain,keyword,low
Burning in the stomach after spicy food,44,male,0,,,,,2,Stomach pain (mild),paraphrase,low
Came with chest is burning and left arm feels numb since morning,29,male,0,,,,,7,Chest pain / suspected heart attack,paraphrase,critical
Feeling feverish since evening,83,female,0,,,,,,Mild fever,paraphrase,low
"Follow up visit for blood pressure from evening and feeling tired, no chest pain",39,female,0,98.2,82,97,128,,Routine check-up,paraphrase,low
"Medical certificate for three days, no bleeding",14,male,0,99.7,101,97,150,4,Routine check-up,keyword,low
Loose stools since morning since an hour and poor sleep,2,male,0,99.5,70,99,114,,Stomach pain (mild),paraphrase,low
"Lower back for three days and poor sleep, no bleeding",60,male,0,97.7,106,95,96,,Back pain,keyword,low
My daughter has sneezing,26,female,0,97.5,92,82,126,,Cold & cough,keyword,critical
Came with snake bitten for one week,18,female,0,100.0,77,85,126,,Poisoning / bite / overdose,keyword,critical
"Red spots on the arms that itch since morning and feeling tired, no chest pain",57,female,0,99.4,87,97,105,,Skin allergy/rash,paraphrase,low
Pesticide,61,male,0,,,,,7,Poisoning / bite / overdose,keyword,critical
Cough for two days,54,female,0,,,,,2,Cold & cough,keyword,low
Back pain,79,female,0,,,,,,Back pain,keyword,low
Dizziness on standing for two days and slight headache,70,female,0,99.3,84,95,138,,Unclassified complaint,unclassified,low
"Patient complains of cannot lift left hand since morning, words coming out wrong since yesterday",63,female,0,,,,,,Stroke signs,paraphrase,critical
Severe stomach pain since last night and body pains,83,female,0,98.3,89,96,124,,Severe abdominal pain,keyword,high
Bad headache,37,female,0,98.2,78,99,115,,Severe migraine/headache,keyword,medium
Not feeling well since two days since morning and not eating well,46,female,0,,,,,1,Unclassified complaint,unclassified,low
Patient complains of back is aching while bending for one week,89,female,0,,,,,,Back pain,paraphrase,low
My husband has broken bone for three days,28,female,0,,,,,5,Fracture,keyword,high
"Having used the puffer twice, still a bit tight suddenly",53,female,0,97.9,85,97,116,4,Asthma attack (mild),paraphrase,medium
Having wheezing for three days,27,female,0,98.2,94,98,147,,Asthma attack (mild),keyword,medium
Patient complains of chesty cough for a week suddenly,69,male,0,98.8,86,99,117,4,Chest infection,paraphrase,high
Cough,42,female,0,99.5,91,96,124,,Cold & cough,keyword,low
Having dislocated shoulder since last night,54,female,0,,,,,,Fracture,keyword,high
"Intense abdominal, no breathing difficulty",61,female,0,98.1,82,98,188,,Severe abdominal pain,keyword,high
Struggling to breathe and feeling tired,34,male,0,98.7,86,96,74,,Breathing difficulty,keyword,critical
"Blocked nose and mild cough since yesterday, not eating well",18,male,0,,,,,,Cold & cough,paraphrase,low
Phlegm,70,female,0,,,,,,Chest infection,keyword,medium
Continuous vomiting and very thirsty for two days,52,female,0,98.3,81,97,115,,Persistent vomiting,paraphrase,medium
Having cough bringing up green mucus,47,female,0,,,,,,Chest infection,paraphrase,medium
My mother has fits for three days,82,female,0,99.4,80,98,131,,Seizure,keyword,critical
Sore throat since an hour,43,female,0,,,,,4,Sore throat,keyword,low
Having scratchy throat and painful to swallow since last night,78,female,0,99.4,94,97,114,1,Sore throat,paraphrase,low
Came with fever touching 104 since yesterday for one week,66,female,0,103.2,96,95,129,,High fever (>102°F),paraphrase,high
Having mild wheeze after climbing stairs since last night,42,male,0,,,,,,Asthma attack (mild),paraphrase,medium
Can't catch breath while sitting since an hour,92,female,0,98.6,92,98,136,,Breathing difficulty,paraphrase,critical
"Patient complains of came for regular sugar test , no breathing difficulty",50,male,0,97.9,78,96,126,,Routine check-up,paraphrase,low
Came with red spots on the arms that itch since morning,36,male,0,99.7,68,99,119,3,Skin allergy/rash,paraphrase,low
Came with sore throat since an hour,55,female,0,98.5,90,99,129,2,Sore throat,keyword,low
"Having air hunger, cannot talk in full sentences for two days",35,male,0,98.1,39,97,124,8,Breathing difficulty,paraphrase,critical
Sleep problems suddenly,9,male,0,,,,,,Unclassified complaint,unclassified,low
Mild ache in the tummy after food since an hour and mild cough,40,male,0,99.3,80,97,132,,Stomach pain (mild),paraphrase,low
Vomiting diarrhoea,9,male,0,98.2,76,97,134,6,Persistent vomiting,keyword,medium
Throbbing pain on one side of the head with vomiting,30,male,0,99.3,89,96,129,,Severe migraine/headache,paraphrase,medium
"Black tarry stools and feeling faint since yesterday, mild cough",51,female,0,98.3,73,98,132,,Severe bleeding,paraphrase,critical
"Having temperature suddenly, not unconscious",56,male,0,100.4,79,97,129,,Mild fever,keyword,low
Came with low grade temperature and body pains for three days,49,female,0,100.5,84,96,116,1,Mild fever,paraphrase,low
Follow-up for three days and not eating well,84,male,0,99.1,73,98,132,,Routine check-up,keyword,low
Came with spine pain for three days,45,male,0,98.8,79,97,137,,Back pain,keyword,low
Bad headache since morning and slight headache,34,male,0,98.4,75,96,131,,Severe migraine/headache,keyword,medium
Came with wheezing for one week,72,male,0,98.9,84,98,203,,Asthma attack (mild),keyword,medium
Blocked nose and mild cough,51,female,0,97.8,73,95,118,4,Cold & cough,paraphrase,low
My father has spine pain since an hour,47,female,0,98.7,83,97,130,3,Back pain,keyword,low
"Sneezing for two days, slight headache",34,female,0,98.6,84,99,124,,Cold & cough,keyword,low
Stiff back since morning since an hour and a little nausea,43,female,0,98.9,67,97,144,,Back pain,paraphrase,low
Came with throat irritation and cold from evening,12,male,0,,,,,,Cold & cough,paraphrase,low
"Came for regular sugar test from evening, not eating well",58,male,0,,,,,,Routine check-up,paraphrase,low
Patient complains of loose stools since morning for one week,64,female,0,98.6,80,98,116,,Stomach pain (mild),paraphrase,low
Pain while swallowing food suddenly,21,female,0,,,,,,Sore throat,paraphrase,low
Checkup,27,female,0,98.7,96,97,138,3,Routine check-up,keyword,low
Wheezing,22,male,0,,,,,7,Asthma attack (mild),keyword,medium
My daughter has throat irritation and cold for two days,55,male,0,,,,,,Cold & cough,paraphrase,low
"Severe head pain since an hour, feeling tired",45,female,0,,,,,,Severe migraine/headache,keyword,medium
Breathing trouble from evening,70,male,0,98.4,138,97,102,10,Breathing difficulty,keyword,critical
Burning with fever,48,male,0,102.5,82,97,114,7,High fever (>102°F),keyword,high
My father has chesty cough for a week from evening,73,female,0,98.4,88,96,119,6,Chest infection,paraphrase,medium
Having asthma for two days,18,male,0,,,,,,Asthma attack (mild),keyword,medium
Severe head pain suddenly,52,male,0,,,,,8,Severe migraine/headache,keyword,medium
Stomach pain,91,female,0,,,,,4,Stomach pain (mild),keyword,low
"Fell off a ladder from the second floor since an hour, mild cough",26,female,0,97.8,78,97,128,10,Major trauma,paraphrase,critical
Burning in the stomach after spicy food,23,male,0,98.1,81,97,124,,Stomach pain (mild),paraphrase,low
My son has chesty cough for a week for three days,52,male,0,,,,,6,Chest infection,paraphrase,medium
"Mild ache in the tummy after food since an hour, poor sleep",43,female,0,98.1,69,97,102,,Stomach pain (mild),paraphrase,low
My daughter has follow up visit for blood pressure since last night,49,male,0,,,,,,Routine check-up,paraphrase,low
Patient complains of throat is raw since yesterday for three days,37,female,0,98.2,79,99,112,,Sore throat,paraphrase,low
"Cannot put weight on the ankle after twisting it from evening, feeling tired",40,female,0,98.8,76,96,132,6,Fracture,paraphrase,high
Patient complains of not responding to calls for two days,64,female,0,98.7,71,100,127,,Unconscious / collapsed,paraphrase,critical
"Came with chest tight and whistling sound when breathing since last night, not unconscious",55,female,0,99.2,76,96,120,5,Asthma attack (mild),paraphrase,medium
"Broken bone since an hour, not eating well",37,female,0,98.5,88,97,104,9,Fracture,keyword,high
Patient complains of follow up visit for blood pressure from evening,63,female,0,,,,,4,Routine check-up,paraphrase,low
My grandmother has throwing up everything I eat since yesterday from evening,36,male,0,98.4,78,96,117,4,Persistent vomiting,paraphrase,medium
Ear ache,3,male,0,,,,,,Ear pain,keyword,low
"Blocked nose and mild cough for one week, mild cough",26,female,0,,,,,1,Cold & cough,paraphrase,low
Came with burning hot body and shivering since two days for one week,53,female,0,,,,,,High fever (>102°F),paraphrase,high
Broken arm,48,male,0,,,,,,Fracture,keyword,high
Rolling on the floor with belly pain,51,female,0,,,,,8,Severe abdominal pain,paraphrase,high
My son has feverish,46,female,0,100.8,81,98,126,3,Mild fever,keyword,low
Back is aching while bending,51,male,0,,,,,,Back pain,paraphrase,low
Came with crush injury since last night,30,male,0,98.5,100,98,137,9,Major trauma,keyword,critical
My mother has unbearable pain in the lower right side of the tummy since yesterday,17,male,0,98.2,114,95,131,,Severe abdominal pain,paraphrase,high
Broken leg since yesterday and a little nausea,59,female,0,,,,,,Fracture,keyword,high
"Temperature 103 with chills for two days, poor sleep",15,female,0,103.3,76,98,148,,High fever (>102°F),paraphrase,high
Having feeling tired and weak,36,female,0,99.0,79,96,115,,Unclassified complaint,unclassified,low
My father has head is pounding and light hurts the eyes since last night,41,female,0,99.1,66,97,117,3,Severe migraine/headache,paraphrase,medium
My neighbour has mild ache in the tummy after food since morning,50,female,0,98.6,89,98,118,,Stomach pain (mild),paraphrase,low
Came with very hot to touch and rigors at night for three days,65,male,0,103.6,81,99,152,9,High fever (>102°F),paraphrase,high
Continuous vomiting and very thirsty since an hour,38,male,0,,,,,4,Persistent vomiting,paraphrase,medium
Profuse bleeding,9,male,0,99.0,67,98,114,,Severe bleeding,keyword,critical
Having vomited ten times since morning since yesterday,63,male,0,,,,,,Persistent vomiting,paraphrase,medium
Vomiting diarrhoea suddenly,54,female,0,99.1,85,97,135,,Persistent vomiting,keyword,medium
"Breathing difficulty for two days, no chest pain",14,female,0,,,,,,Breathing difficulty,keyword,critical
Came with scratchy throat and painful to swallow for three days,48,male,0,99.1,91,96,116,,Sore throat,paraphrase,low
"Cough for one week, poor sleep",62,female,0,98.8,88,98,107,,Cold & cough,keyword,low
Fracture,85,male,0,98.9,90,98,126,,Fracture,keyword,high
My neighbour has unbearable pain in the lower right side of the tummy for three days,79,female,0,99.3,75,85,156,,Severe abdominal pain,paraphrase,critical
General weakness,61,male,0,,,,,,Unclassified complaint,unclassified,low
"Came with chest tight and whistling sound when breathing since morning, no breathing difficulty",28,male,0,97.5,70,97,124,,Asthma attack (mild),paraphrase,medium
"Having cannot lift left hand since morning, words coming out wrong from evening",48,male,0,,,,,10,Stroke signs,paraphrase,critical
My wife has acute abdomen for one week,57,female,0,98.9,84,97,137,8,Severe abdominal pain,keyword,high
"My son has itching since morning, no bleeding",51,male,0,98.4,77,95,137,,Skin allergy/rash,keyword,low
Bike crash on the highway from evening and not eating well,25,female,0,,,,,,Major trauma,paraphrase,critical
Heard a crack in the wrist and it is swollen since last night,57,male,0,,,,,8,Fracture,paraphrase,high
Mild wheeze after climbing stairs,35,male,0,99.2,79,95,136,4,Asthma attack (mild),paraphrase,medium
Low grade temperature and body pains,35,male,0,,,,,5,Mild fever,paraphrase,low
Head is pounding and light hurts the eyes,45,female,0,,,,,,Severe migraine/headache,paraphrase,medium
"Patient complains of follow-up suddenly, not unconscious",54,female,0,97.6,95,96,121,,Routine check-up,keyword,low
Having blocked nose and mild cough for two days,35,male,0,97.3,89,98,144,,Cold & cough,paraphrase,low
Continuous vomiting and very thirsty suddenly and feeling tired,39,female,0,98.0,83,95,141,,Persistent vomiting,paraphrase,medium
"Burning with fever for one week, poor sleep",46,female,0,,,,,,High fever (>102°F),keyword,high
Patient complains of head hit the road hard and vomiting since last night,66,male,0,99.4,96,98,138,,Major trauma,paraphrase,critical
Having chest infection suddenly,32,female,0,,,,,,Chest infection,keyword,medium
Routine and mild cough,50,male,0,98.8,78,97,114,4,Routine check-up,keyword,low
Having check-up for two days,25,male,0,100.1,95,99,101,,Routine check-up,keyword,low
Having caught fire for two days,40,female,1,,,,,,Severe burns / electric shock,keyword,critical
"Patient complains of sleep problems for two days, no fever",52,male,0,99.7,81,96,155,,Unclassified complaint,unclassified,low
My mother has vomiting from evening,49,male,0,99.0,86,94,121,,Stomach pain (mild),keyword,low
Throbbing pain on one side of the head with vomiting,29,female,0,99.2,74,98,117,,Severe migraine/headache,paraphrase,medium
"My chest feels heavy and I am sweating for one week, slight headache",52,male,0,,,,,,Chest pain / suspected heart attack,paraphrase,critical
Patient complains of gasping for air for one week,19,male,0,99.0,84,96,127,9,Breathing difficulty,paraphrase,critical
My grandmother has vomiting diarrhea for one week,62,female,0,98.9,82,98,96,,Persistent vomiting,keyword,medium
My grandmother has stiff back since morning,20,female,0,,,,,1,Back pain,paraphrase,low
Blocked nose and mild cough for two days,51,male,0,,,,,,Cold & cough,paraphrase,low
High fever for one week and mild cough,22,female,0,102.9,84,97,121,,High fever (>102°F),keyword,high
Having loose stools since morning since morning,87,male,0,,,,,,Stomach pain (mild),paraphrase,low
Came with rash since yesterday,32,female,0,98.2,94,99,115,,Skin allergy/rash,keyword,low
Patient complains of hot oil fell on the chest and arms since last night,34,female,0,99.3,85,98,121,,Severe burns / electric shock,paraphrase,critical
"Vomiting diarrhea , slight headache, no chest pain",51,female,0,,,,,,Persistent vomiting,keyword,medium
Came with fever shivering,62,male,0,103.7,89,85,127,5,High fever (>102°F),keyword,critical
Runny nose and sneezing since two days since last night and a little nausea,54,male,0,98.5,89,98,151,,Cold & cough,paraphrase,low
"Prescription since morning, body pains, no bleeding",64,female,0,100.1,74,99,117,,Routine check-up,keyword,low
Rolling on the floor with belly pain,1,male,0,99.2,97,96,154,,Severe abdominal pain,paraphrase,high
"Inhaler since morning and not eating well, not unconscious",71,female,0,99.0,82,97,121,,Asthma attack (mild),keyword,low
My grandmother has tonsil for three days,41,female,0,99.6,75,100,125,,Sore throat,keyword,low
"Very hot to touch and rigors at night since morning, poor sleep",41,female,0,103.3,95,96,97,,High fever (>102°F),paraphrase,high
"Intense abdominal for three days, mild cough",48,female,0,,,,,,Severe abdominal pain,keyword,high
"Stomach is rock hard and paining terribly , a little nausea",26,male,0,98.5,84,96,190,,Severe abdominal pain,paraphrase,high
Having need a fitness certificate for two days,38,female,0,,,,,,Routine check-up,paraphrase,low
"My daughter has cough with yellow sputum and fever since an hour, no chest pain",55,female,0,,,,,,Chest infection,paraphrase,medium
Fits for one week,15,female,0,,,,,7,Seizure,keyword,critical
My father has very hot to touch and rigors at night since morning,25,male,0,,,,,,High fever (>102°F),paraphrase,high
Bronchitis,33,female,0,98.5,83,99,125,,Chest infection,keyword,medium
Patient complains of mild ache in the tummy after food since an hour,24,female,0,98.4,114,96,140,,Stomach pain (mild),paraphrase,medium
Having pain in throat for one week,68,female,0,98.4,85,96,121,,Sore throat,keyword,low
Having got current from the electric line for two days,34,female,0,98.8,98,87,120,,Severe burns / electric shock,paraphrase,critical
Need to collect my monthly medicines since morning and a little nausea,39,female,0,99.2,67,98,125,,Routine check-up,paraphrase,low
"Splitting headache suddenly, mild cough",34,male,0,99.0,53,97,127,4,Severe migraine/headache,keyword,medium
Back is aching while bending,21,male,0,98.3,83,97,121,,Back pain,paraphrase,low
Child pulling at the ear and crying,27,female,0,,,,,4,Ear pain,paraphrase,low
"Back is aching while bending since morning, poor sleep, no chest pain",25,male,0,98.5,103,96,138,,Back pain,paraphrase,low
Feverish suddenly and feeling tired,40,male,0,100.8,85,95,124,3,Mild fever,keyword,low
"Very hot to touch and rigors at night since last night, a little nausea",50,female,0,102.8,75,100,125,6,High fever (>102°F),paraphrase,high
Patient complains of snake bitten since last night,19,female,0,98.2,95,99,118,8,Poisoning / bite / overdose,keyword,critical
Patient complains of stab wound since last night,44,male,0,98.8,87,96,142,7,Major trauma,keyword,critical
Having mild wheeze after climbing stairs for three days,64,female,0,,,,,,Asthma attack (mild),paraphrase,medium
Rolling on the floor with belly pain for two days and body pains,64,female,0,,,,,,Severe abdominal pain,paraphrase,high
Came with vomited ten times since morning since morning,39,female,0,99.4,87,97,128,6,Persistent vomiting,paraphrase,medium
Severe abdominal pain for two days,54,male,0,,,,,,Severe abdominal pain,keyword,high
Having runny nose and sneezing since two days since an hour,1,male,0,98.5,87,98,117,,Cold & cough,paraphrase,low
"Fever touching 104 since yesterday since morning, body pains",45,male,0,102.6,99,97,87,,High fever (>102°F),paraphrase,critical
"Intense abdominal since an hour, no vomiting",69,female,0,,,,,,Severe abdominal pain,keyword,high
Severe abdomen,63,female,0,97.9,75,98,113,9,Severe abdominal pain,keyword,high
My mother has pain while swallowing food from evening,31,male,0,,,,,,Sore throat,paraphrase,low
Patient complains of upset stomach and gas since an hour,1,female,0,98.4,67,98,116,,Stomach pain (mild),paraphrase,low
Stomach unbearable suddenly,48,female,0,,,,,,Severe abdominal pain,keyword,high
Broken wrist,61,female,0,,,,,,Fracture,keyword,high
Came with cannot move my arm for three days,55,male,0,,,,,5,Fracture,keyword,high
Having wheezing since last night,30,male,0,98.8,99,98,121,,Asthma attack (mild),keyword,medium
"Phlegm suddenly, not unconscious",92,male,0,,,,,6,Chest infection,keyword,medium
Came with difficulty swallowing suddenly,42,female,0,,,,,,Sore throat,keyword,low
"Tonsil since yesterday, a little nausea",1,male,0,99.7,93,98,129,,Sore throat,keyword,low
"Came with general weakness suddenly, no vomiting",32,female,0,,,,,,Unclassified complaint,unclassified,low
My daughter has earache since an hour,1,female,0,,,,,,Ear pain,keyword,low
My daughter has face puffed up and breathing noisy after an injection since morning,85,female,0,97.9,45,97,97,,Severe allergic reaction,paraphrase,critical
"Pneumonia since last night, slight headache",75,male,0,99.3,90,98,123,,Chest infection,keyword,medium
Productive cough for three days,58,male,0,,,,,,Chest infection,keyword,medium
Patient complains of burning hot body and shivering since two days since an hour,58,male,0,,,,,,High fever (>102°F),paraphrase,high
"Chest tightness since yesterday, feeling tired",27,female,0,99.1,79,96,75,,Chest pain / suspected heart attack,keyword,critical
Patient complains of head is pounding and light hurts the eyes since an hour,26,female,0,97.2,94,97,106,,Severe migraine/headache,paraphrase,medium
Continuous vomiting and very thirsty for two days,74,male,0,97.9,81,99,128,,Persistent vomiting,paraphrase,medium
"Feeling tired and weak, no fever",58,male,0,98.1,82,96,106,,Unclassified complaint,unclassified,low
"Stiff back since morning since an hour, not eating well",18,female,0,98.4,50,97,116,,Back pain,paraphrase,low
"Wheezing since an hour, body pains",35,male,0,99.2,79,98,115,,Asthma attack (mild),keyword,medium
Having ear is aching for one week,9,female,0,99.1,74,97,122,3,Ear pain,paraphrase,low
Need to collect my monthly medicines,65,female,0,98.5,87,99,135,,Routine check-up,paraphrase,low
"Burning hot body and shivering since two days since morning, feeling tired",61,female,0,103.4,87,98,115,,High fever (>102°F),paraphrase,high
Mild ache in the tummy after food since yesterday,36,female,0,,,,,3,Stomach pain (mild),paraphrase,low
"Worst headache since an hour and not eating well, not unconscious",24,female,0,,,,,,Severe migraine/headache,keyword,medium
Having mouth drooping since an hour,31,female,0,,,,,8,Stroke signs,keyword,critical
My daughter has heard a crack in the wrist and it is swollen since yesterday,9,male,0,,,,,,Fracture,paraphrase,high
Bitten by a cobra in the field from evening and mild cough,53,male,0,98.7,64,97,145,,Poisoning / bite / overdose,paraphrase,critical
Back pain,36,female,1,98.4,82,95,120,,Back pain,keyword,low
"Chesty cough for a week since yesterday, not unconscious",22,male,0,97.6,91,97,138,6,Chest infection,paraphrase,medium
Red patches on the back,66,male,0,98.5,78,98,126,2,Skin allergy/rash,paraphrase,low
Mild wheeze after climbing stairs since morning,92,female,0,,,,,,Asthma attack (mild),paraphrase,medium
Came with pain in my ear from evening,42,female,1,98.6,73,97,110,1,Ear pain,keyword,low
Came with stomachache since morning,47,male,0,98.2,74,95,136,2,Stomach pain (mild),keyword,low
Patient complains of loss of appetite for two days,38,female,0,99.3,91,98,110,,Unclassified complaint,unclassified,low
Patient complains of cough since last night,29,male,0,99.2,97,96,138,,Cold & cough,keyword,low
Rolling on the floor with belly pain,21,female,1,99.7,97,98,126,9,Severe abdominal pain,paraphrase,high
Patient complains of very hot to touch and rigors at night,32,female,0,104.5,86,97,124,,High fever (>102°F),paraphrase,high
Patient complains of throbbing pain on one side of the head with vomiting suddenly,67,female,0,,,,,,Severe migraine/headache,paraphrase,medium
"Blood pressure check since last night, body pains",36,female,0,97.9,82,97,144,,Routine check-up,keyword,low
Came with back ache since an hour,41,female,0,,,,,,Back pain,keyword,low
"Used the puffer twice, still a bit tight since last night, not eating well",75,male,0,98.2,75,98,122,,Asthma attack (mild),paraphrase,medium
Broken bone,1,male,0,100.6,92,96,126,,Fracture,keyword,high
Heard a crack in the wrist and it is swollen since last night,32,male,0,,,,,,Fracture,paraphrase,high
"Vomited ten times since morning from evening, not eating well",66,female,0,98.9,81,97,96,4,Persistent vomiting,paraphrase,medium
Sneezing since morning and slight headache,42,male,0,98.2,64,96,119,,Cold & cough,keyword,low
My son has continuous vomiting and very thirsty from evening,33,female,0,98.9,90,97,113,,Persistent vomiting,paraphrase,medium
Patient complains of ear pain since an hour,3,male,0,98.5,92,95,91,5,Ear pain,keyword,low
"Loose stools since morning since an hour, feeling tired",54,male,0,99.8,100,96,121,5,Stomach pain (mild),paraphrase,low
Patient complains of gasping for air since morning,41,male,0,99.5,85,90,133,,Breathing difficulty,paraphrase,critical
Cough bringing up green mucus,23,male,0,,,,,,Chest infection,paraphrase,medium
"Cannot put weight on the ankle after twisting it for three days, poor sleep, no chest pain",44,female,0,,,,,,Fracture,paraphrase,high
"Knife injury to the stomach, no vomiting",25,female,0,99.1,94,96,108,7,Major trauma,paraphrase,critical
Patient complains of throbbing pain on one side of the head with vomiting from evening,20,male,0,98.1,91,99,113,,Severe migraine/headache,paraphrase,medium
Patient complains of feeling tired and weak suddenly,44,female,0,99.0,99,96,140,1,Unclassified complaint,unclassified,low
Patient complains of pain in ear suddenly,10,female,0,,,,,,Ear pain,keyword,low
Worst head pain of my life,1,male,0,97.5,149,98,120,,Severe migraine/headache,paraphrase,critical
Bronchitis since an hour and poor sleep,23,male,0,98.8,91,96,119,7,Chest infection,keyword,medium
My son has follow-up for two days,54,female,0,,,,,,Routine check-up,keyword,low
Acute abdomen for one week and not eating well,56,female,0,,,,,10,Severe abdominal pain,keyword,high
"Vomiting diarrhea suddenly, feeling tired",72,male,0,,,,,5,Persistent vomiting,keyword,medium
Broken arm since yesterday,50,female,0,98.3,88,95,97,10,Fracture,keyword,high
My son has blocked nose for three days,57,male,0,98.7,59,96,120,3,Cold & cough,keyword,low
"Throwing up everything I eat since yesterday for three days, slight headache",47,female,0,,,,,,Persistent vomiting,paraphrase,medium
Severe stomach pain since an hour and mild cough,1,female,0,98.8,69,98,128,10,Severe abdominal pain,keyword,high
My daughter has stiff back since morning since an hour,22,male,0,98.3,84,97,108,,Back pain,paraphrase,low
Patient complains of vomited ten times since morning for one week,45,female,0,,,,,,Persistent vomiting,paraphrase,medium
"Came with cough bringing up green mucus for one week, no chest pain",26,male,0,,,,,,Chest infection,paraphrase,medium
Ear infection since an hour,51,female,0,,,,,,Ear pain,keyword,low
My mother has drank floor cleaner for three days,63,male,0,,,,,,Poisoning / bite / overdose,paraphrase,critical
Having feverish since an hour,27,female,0,99.6,62,98,102,,Mild fever,keyword,low
"Having asthma since last night, no breathing difficulty",56,male,0,,,,,7,Asthma attack (mild),keyword,medium
Patient complains of feverish for one week,56,male,0,99.8,86,97,145,,Mild fever,keyword,low
Review visit suddenly,31,female,0,,,,,,Routine check-up,keyword,low
Pain in the leg muscles from evening and body pains,37,male,0,,,,,1,Unclassified complaint,unclassified,low
Patient complains of tonsil since morning,27,male,0,98.1,99,97,104,5,Sore throat,keyword,low
Patient complains of bad headache for three days,30,female,0,,,,,7,Severe migraine/headache,keyword,medium
"Throwing up everything I eat since yesterday, no fever",35,female,0,99.0,89,95,134,,Persistent vomiting,paraphrase,medium
Tonsil for one week,63,female,0,98.7,93,98,92,,Sore throat,keyword,low
Had a fit and bit the tongue for three days,28,male,0,98.5,88,98,73,7,Seizure,paraphrase,critical
Patient complains of cough bringing up green mucus suddenly,26,male,0,,,,,,Chest infection,paraphrase,medium
Upset stomach and gas,28,male,0,,,,,2,Stomach pain (mild),paraphrase,low
My mother has keeps vomiting since an hour,28,female,0,,,,,,Persistent vomiting,keyword,medium
Having feeling feverish since evening since an hour,64,male,0,100.0,91,98,94,4,Mild fever,paraphrase,low
Patient complains of broken ankle for two days,35,female,0,99.1,82,97,134,,Fracture,keyword,high
"Pulsating headache with nausea since morning, not unconscious",51,male,0,,,,,3,Severe migraine/headache,paraphrase,medium
Came with pulsating headache with nausea since morning suddenly,22,female,0,98.5,74,97,181,8,Severe migraine/headache,paraphrase,high
Having burning in the stomach after spicy food for three days,84,male,0,99.4,86,96,122,4,Stomach pain (mild),paraphrase,low
"Came with abdominal pain suddenly, no chest pain",40,male,0,97.6,88,98,106,,Stomach pain (mild),keyword,low
Having skin is itching after using a new soap since yesterday,7,male,0,98.7,76,95,117,5,Skin allergy/rash,paraphrase,low
Having chest squeezing for three days,42,female,0,,,,,9,Chest pain / suspected heart attack,keyword,critical
Chesty cough for a week from evening,34,male,0,98.8,80,97,84,8,Chest infection,paraphrase,critical
Patient complains of cough with yellow sputum and fever for two days,19,female,0,,,,,,Chest infection,paraphrase,medium
Patient complains of prescription since last night,29,female,1,,,,,4,Routine check-up,keyword,low
Pain while swallowing food for three days and poor sleep,50,female,0,,,,,3,Sore throat,paraphrase,low
Stomach is rock hard and paining terribly for two days and not eating well,33,male,0,97.7,84,99,109,,Severe abdominal pain,paraphrase,medium
Having body ache since yesterday,16,male,0,,,,,,Mild fever,keyword,low
Came with unconscious suddenly,33,male,0,98.3,63,97,124,,Unconscious / collapsed,keyword,critical
My wife has stomach upset from evening,57,male,0,,,,,,Stomach pain (mild),keyword,low
Temperature 103 with chills,46,male,0,103.7,86,98,148,,High fever (>102°F),paraphrase,high
"Vomiting many times since yesterday, slight headache",92,female,0,,,,,,Persistent vomiting,keyword,medium
Red spots on the arms that itch since yesterday and feeling tired,41,female,0,,,,,,Skin allergy/rash,paraphrase,low
Patient complains of blocked nose and mild cough since an hour,40,female,0,,,,,,Cold & cough,paraphrase,low
My daughter has back is aching while bending suddenly,1,male,0,99.1,87,96,134,2,Back pain,paraphrase,low
Inhaler and slight headache,50,female,0,99.7,73,94,128,,Asthma attack (mild),keyword,medium
Ear infection,46,female,0,98.8,90,99,122,4,Ear pain,keyword,low
Cannot put weight on the ankle after twisting it,33,female,0,,,,,,Fracture,paraphrase,high
Having indigestion,1,male,0,,,,,,Stomach pain (mild),keyword,low
Earache,46,female,0,,,,,,Ear pain,keyword,low
Came with red spots on the arms that itch suddenly,51,male,0,,,,,,Skin allergy/rash,paraphrase,low
"Excruciating pain in the abdomen since night for three days, not eating well",31,female,1,,,,,10,Severe abdominal pain,paraphrase,high
Follow up visit for blood pressure,65,female,0,99.5,96,97,135,,Routine check-up,paraphrase,low
My father has feeling feverish since evening for two days,59,female,0,99.9,98,97,137,3,Mild fever,paraphrase,low
"Swallowed many sleeping pills for one week, not eating well",34,male,0,98.8,81,97,142,8,Poisoning / bite / overdose,paraphrase,critical
"Patient complains of keep vomiting since an hour, no chest pain",35,female,0,,,,,7,Persistent vomiting,keyword,medium
"Pain while swallowing food, no fever",48,male,0,,,,,,Sore throat,paraphrase,low
My daughter has ear pain for two days,10,female,0,98.6,77,97,122,1,Ear pain,keyword,low
Road accident,48,female,0,99.0,91,92,131,,Major trauma,keyword,critical
My wife has stiff back since morning for one week,34,female,1,98.4,67,97,120,,Back pain,paraphrase,low
Temperature,31,male,0,,,,,,Mild fever,keyword,low
My grandmother has pain inside the ear and blocked feeling since last night,17,female,0,,,,,,Ear pain,paraphrase,low
Having arm looks deformed after falling from the bike,42,female,0,99.3,99,96,110,,Fracture,paraphrase,high
"Unbearable abdominal from evening, a little nausea",81,male,0,98.2,88,98,96,,Severe abdominal pain,keyword,high
Having burning hot body and shivering since two days since yesterday,78,female,0,104.2,34,98,120,7,High fever (>102°F),paraphrase,critical
Blocked nose since morning,1,male,0,,,,,,Cold & cough,keyword,low
"Upset stomach and gas , body pains",38,female,0,97.9,75,97,138,,Stomach pain (mild),paraphrase,low
Came with throat irritation and cold suddenly,28,female,0,,,,,5,Cold & cough,paraphrase,low
Patient complains of burning hot body and shivering since two days for one week,17,male,0,103.9,83,98,145,,High fever (>102°F),paraphrase,high
My neighbour has upset stomach and gas for two days,36,female,0,99.0,72,97,125,1,Stomach pain (mild),paraphrase,low
Came with keeps vomiting for three days,53,female,0,,,,,,Persistent vomiting,keyword,medium
Came with severe head pain since morning,46,female,0,99.0,101,95,100,,Severe migraine/headache,keyword,medium
"Back is aching while bending for three days, a little nausea",73,male,0,98.1,83,98,143,1,Back pain,paraphrase,low
Vomited ten times since morning for two days and a little nausea,56,male,0,,,,,,Persistent vomiting,paraphrase,medium
Cough with yellow sputum and fever since an hour,28,male,0,97.4,94,98,110,,Chest infection,paraphrase,medium
Having pain in my ear since last night,59,female,0,99.1,75,98,127,,Ear pain,keyword,low
Stomach is rock hard and paining terribly for one week and feeling tired,40,male,0,,,,,8,Severe abdominal pain,paraphrase,medium
"Can't catch breath while sitting from evening, poor sleep",43,male,0,,,,,8,Breathing difficulty,paraphrase,critical
Having eczema for one week,55,male,0,,,,,,Skin allergy/rash,keyword,low
Having runny nose and sneezing since two days for one week,4,female,0,,,,,,Cold & cough,paraphrase,low
Came with kaichal since morning,72,female,0,100.2,80,97,114,,Mild fever,keyword,low
Came with general weakness for two days,28,female,0,98.8,73,98,112,2,Unclassified complaint,unclassified,low
My son has throwing up everything I eat since yesterday for three days,18,male,0,98.8,65,99,127,4,Persistent vomiting,paraphrase,medium
"Having very high fever for one week, no breathing difficulty",68,male,0,,,,,9,High fever (>102°F),keyword,high
My mother has excruciating pain in the abdomen since night since morning,51,male,0,98.5,104,100,131,,Severe abdominal pain,paraphrase,high
Keep vomiting and not eating well,80,female,0,98.1,90,97,149,,Persistent vomiting,keyword,medium
Having need to collect my monthly medicines since yesterday,38,male,0,,,,,3,Routine check-up,paraphrase,low
"Fever shivering since yesterday, a little nausea",21,male,0,104.4,89,96,143,,High fever (>102°F),keyword,high
Came with chest congestion for two days,7,female,0,98.5,80,97,124,8,Chest infection,keyword,medium
Came with breathing very fast and wheezing badly lips look dark since an hour,37,male,0,99.2,116,96,125,,Breathing difficulty,paraphrase,critical
Came with very high fever for three days,42,male,0,103.5,73,96,111,7,High fever (>102°F),keyword,high
Cough bringing up green mucus since last night and slight headache,32,female,0,,,,,5,Chest infection,paraphrase,medium
Temperature 103 with chills for one week and feeling tired,68,female,0,,,,,,High fever (>102°F),paraphrase,high
"Backache from evening, poor sleep",63,female,0,,,,,,Back pain,keyword,low
"Throwing up everything I eat since yesterday since an hour, poor sleep",46,female,0,,,,,8,Persistent vomiting,paraphrase,medium
My father has unbearable pain in the lower right side of the tummy from evening,53,female,0,,,,,,Severe abdominal pain,paraphrase,high
Persistent vomiting,45,female,0,99.2,141,97,113,,Persistent vomiting,keyword,critical
Came with very bad stomach pain from evening,45,male,0,98.6,33,96,145,,Severe abdominal pain,keyword,critical
Throwing up everything I eat since yesterday,81,female,0,,,,,8,Persistent vomiting,paraphrase,medium
Having face puffed up and breathing noisy after an injection since last night,43,male,0,,,,,9,Severe allergic reaction,paraphrase,critical
Need to collect my monthly medicines,54,male,0,97.6,82,96,128,,Routine check-up,paraphrase,low
Pneumonia from evening,62,male,0,98.2,71,96,137,,Chest infection,keyword,medium
My grandmother has pneumonia since an hour,20,female,0,,,,,,Chest infection,keyword,medium
Patient complains of chest tight and whistling sound when breathing from evening,25,female,0,,,,,,Asthma attack (mild),paraphrase,medium
Patient complains of cannot keep even water down from evening,69,male,0,,,,,3,Persistent vomiting,paraphrase,medium
My grandmother has high temperature since yesterday,12,female,0,,,,,,High fever (>102°F),keyword,high
Having sudden weakness in right arm and leg from evening,28,male,0,99.5,157,96,101,,Stroke signs,paraphrase,critical
"Came with pain in the lower spine after lifting for two days, no breathing difficulty",33,female,0,,,,,4,Back pain,paraphrase,low
Stomach ache,35,male,0,98.7,93,95,114,,Stomach pain (mild),keyword,low
Having need to collect my monthly medicines since last night,50,male,0,97.1,67,97,121,,Routine check-up,paraphrase,low
Having rolling on the floor with belly pain for three days,36,female,0,,,,,,Severe abdominal pain,paraphrase,high
Chest tight and whistling sound when breathing for two days and body pains,20,male,0,99.0,77,96,117,,Asthma attack (mild),paraphrase,medium
Medical certificate for three days,20,female,0,98.0,87,98,115,,Routine check-up,keyword,low
Came with fever touching 104 since yesterday since last night,60,female,0,102.9,88,97,141,6,High fever (>102°F),paraphrase,high
Came with inhaler for two days,59,female,0,99.0,71,95,119,,Asthma attack (mild),keyword,medium
Feeling tired and weak,26,female,0,,,,,,Unclassified complaint,unclassified,low
My son has chest tight and whistling sound when breathing since last night,55,female,0,98.3,87,97,123,,Asthma attack (mild),paraphrase,medium
Came with asthma suddenly,38,male,0,99.4,67,97,113,,Asthma attack (mild),keyword,medium
"High temperature suddenly, a little nausea",45,male,0,103.6,67,96,113,9,High fever (>102°F),keyword,high
Stiff back since morning,21,female,0,97.4,92,98,145,,Back pain,paraphrase,low
My mother has bone is bent after the fall since morning,73,male,0,,,,,,Fracture,paraphrase,high
Checkup since an hour,58,female,0,,,,,,Routine check-up,keyword,low
Came with bitten by a cobra in the field for one week,44,female,0,99.1,91,92,127,8,Poisoning / bite / overdose,paraphrase,critical
Patient complains of follow up visit for blood pressure since morning,22,male,0,99.6,75,93,119,,Routine check-up,paraphrase,high
Patient complains of earache suddenly,2,male,0,,,,,,Ear pain,keyword,low
Pain in ear for one week and feeling tired,52,female,0,,,,,,Ear pain,keyword,low
Having not breathing for one week,51,male,0,98.1,72,98,130,,Unconscious / collapsed,keyword,critical
Severe tummy since last night and feeling tired,17,female,0,,,,,9,Severe abdominal pain,keyword,high
"Having used the puffer twice, still a bit tight since last night",42,male,0,98.7,138,96,140,7,Asthma attack (mild),paraphrase,critical
Chest pressure since last night,46,male,0,99.1,64,88,115,,Chest pain / suspected heart attack,keyword,critical
Throat is raw since yesterday from evening,1,female,0,99.5,75,100,110,,Sore throat,paraphrase,low
"Broken wrist from evening and not eating well, no breathing difficulty",24,female,0,,,,,8,Fracture,keyword,high
Patient complains of asthma since yesterday,55,female,0,,,,,,Asthma attack (mild),keyword,medium
Patient complains of came for regular sugar test for two days,43,male,0,98.0,98,97,129,,Routine check-up,paraphrase,low
Mild ache in the tummy after food and poor sleep,64,female,0,98.9,73,96,104,,Stomach pain (mild),paraphrase,low
Came with broken leg for three days,52,male,0,97.7,77,98,96,10,Fracture,keyword,high
Whole body was shaking and jerking from evening,75,female,0,98.7,72,96,134,,Seizure,paraphrase,critical
"Broken bone for two days, a little nausea",36,male,0,,,,,8,Fracture,keyword,high
Patient complains of pain inside the ear and blocked feeling since morning,11,female,0,99.1,77,100,145,4,Ear pain,paraphrase,low
My mother has bukhar from evening,18,male,0,100.7,74,95,101,3,Mild fever,keyword,low
"Patient complains of need a fitness certificate since morning, not unconscious",18,male,0,,,,,,Routine check-up,paraphrase,low
"Upset stomach and gas since yesterday, body pains, no fever",43,female,0,,,,,4,Stomach pain (mild),paraphrase,low
Having feels like an elephant sitting on my chest since an hour,81,male,0,99.8,141,96,119,,Chest pain / suspected heart attack,paraphrase,critical
Having check-up for one week,49,male,0,98.5,92,97,141,,Routine check-up,keyword,low
Throat is raw since yesterday since yesterday,44,male,0,98.2,85,97,147,,Sore throat,paraphrase,low
Acidity,12,male,0,99.1,87,96,91,,Stomach pain (mild),keyword,low
Dizziness on standing,42,female,0,,,,,2,Unclassified complaint,unclassified,medium
"Slightly warm body and tired since an hour, body pains",46,female,0,99.6,84,99,95,1,Mild fever,paraphrase,low
Whole body was shaking and jerking,24,male,0,98.6,32,96,143,6,Seizure,paraphrase,critical
"Very hot to touch and rigors at night since morning, a little nausea",43,male,0,,,,,,High fever (>102°F),paraphrase,medium
My husband has heard a crack in the wrist and it is swollen from evening,25,male,0,97.7,60,97,126,,Fracture,paraphrase,high
Pain while swallowing food and feeling tired,41,male,0,99.3,91,98,136,,Sore throat,paraphrase,low
Phlegm for one week and slight headache,92,male,0,,,,,,Chest infection,keyword,medium
"Chest is burning and left arm feels numb, no vomiting",51,female,0,99.6,82,88,138,,Chest pain / suspected heart attack,paraphrase,critical
"Chesty cough for a week for two days, mild cough, no chest pain",49,female,0,99.1,72,97,131,8,Chest infection,paraphrase,medium
Patient complains of hot oil fell on the chest and arms since yesterday,12,male,0,98.3,44,98,115,9,Severe burns / electric shock,paraphrase,critical
Patient complains of low grade temperature and body pains for three days,40,male,0,99.7,90,99,134,2,Mild fever,paraphrase,low
"Patient complains of throat is raw since yesterday suddenly, no vomiting",54,female,0,,,,,,Sore throat,paraphrase,low
Patient complains of found lying on the floor not answering since an hour,71,female,0,98.0,85,78,97,8,Unconscious / collapsed,paraphrase,critical
My daughter has bone is bent after the fall for one week,31,female,0,99.6,74,97,97,,Fracture,paraphrase,high
Patient complains of cough with sputum from evening,16,female,0,98.1,100,96,88,5,Chest infection,keyword,critical
Patient complains of mild ache in the tummy after food since yesterday,27,female,0,97.8,91,98,111,3,Stomach pain (mild),paraphrase,low
Inhaler for one week,52,male,0,99.6,83,97,122,6,Asthma attack (mild),keyword,medium
Severe stomach pain since an hour and feeling tired,50,female,0,98.0,101,96,90,5,Severe abdominal pain,keyword,high
Pulsating headache with nausea since morning from evening,80,female,0,97.6,87,98,110,,Severe migraine/headache,paraphrase,medium
Came with mild wheeze after climbing stairs for three days,11,female,0,,,,,,Asthma attack (mild),paraphrase,medium
"Used the puffer twice, still a bit tight since morning and a little nausea",58,female,0,,,,,,Asthma attack (mild),paraphrase,medium
Runny nose for three days and body pains,9,female,0,,,,,,Cold & cough,keyword,low
Having upset stomach and gas since an hour,88,male,0,,,,,,Stomach pain (mild),paraphrase,low
Having not responding to calls since an hour,26,female,0,98.0,45,97,123,6,Unconscious / collapsed,paraphrase,critical
Came for regular sugar test,36,female,0,98.1,88,97,133,2,Routine check-up,paraphrase,low
"Itchy, no breathing difficulty",54,female,0,100.0,77,95,119,4,Skin allergy/rash,keyword,low
My daughter has severe tummy for two days,45,male,0,99.0,78,99,120,,Severe abdominal pain,keyword,medium
My grandmother has ear is aching for two days,6,female,0,98.4,92,98,117,1,Ear pain,paraphrase,low
"Fever touching 104 since yesterday since last night and poor sleep, no fever",37,female,0,,,,,,High fever (>102°F),paraphrase,high
Having earache since morning,25,female,0,98.6,63,96,120,,Ear pain,keyword,low
Runny nose and sneezing since two days for one week,44,male,0,98.2,75,96,130,,Cold & cough,paraphrase,medium
Having severe headache for one week,64,female,0,,,,,3,Severe migraine/headache,keyword,medium
"Having not responding to calls since morning, no breathing difficulty",62,male,0,98.1,91,96,136,,Unconscious / collapsed,paraphrase,critical
"Dizziness on standing for two days, feeling tired",7,male,0,99.4,77,97,114,1,Unclassified complaint,unclassified,low
Came with cough with yellow sputum and fever for two days,46,female,0,,,,,,Chest infection,paraphrase,medium
My father has loss of appetite since yesterday,23,male,0,,,,,,Unclassified complaint,unclassified,low
"Used the puffer twice, still a bit tight",62,male,0,97.3,65,96,130,,Asthma attack (mild),paraphrase,medium
Having chest tight and whistling sound when breathing from evening,28,female,1,99.0,77,96,121,,Asthma attack (mild),paraphrase,medium
"Itching for two days, slight headache, no fever",72,female,0,,,,,2,Skin allergy/rash,keyword,low
Pain in the lower spine after lifting,37,female,0,97.4,69,96,113,,Back pain,paraphrase,low
Pain inside the ear and blocked feeling suddenly and feeling tired,4,male,0,98.7,86,95,129,,Ear pain,paraphrase,low
Ear is aching suddenly,12,female,0,99.5,89,97,128,,Ear pain,paraphrase,low
Pain while swallowing food from evening and not eating well,72,female,0,98.6,95,98,134,1,Sore throat,paraphrase,low
My father has high temperature since an hour,46,male,0,103.0,72,98,112,,High fever (>102°F),keyword,high
"Vomiting diarrhea for three days, mild cough",43,male,0,98.7,73,98,148,6,Persistent vomiting,keyword,medium
Very hot to touch and rigors at night,51,male,0,,,,,,High fever (>102°F),paraphrase,high
"My grandmother has rolling on the floor with belly pain since yesterday, no chest pain",41,male,0,,,,,,Severe abdominal pain,paraphrase,high
Sudden confusion since morning,54,male,0,,,,,,Stroke signs,keyword,critical
Red patches on the back,92,female,0,99.3,73,95,123,2,Skin allergy/rash,paraphrase,low
Itchy since morning,40,female,0,99.3,83,98,137,,Skin allergy/rash,keyword,low
Skin is itching after using a new soap from evening and feeling tired,1,female,0,,,,,,Skin allergy/rash,paraphrase,low
"Came with asthma since morning, no breathing difficulty",68,male,0,98.8,84,97,111,7,Asthma attack (mild),keyword,medium
Having bukhar suddenly,50,female,0,100.3,82,98,120,4,Mild fever,keyword,low
Patient complains of electric shock since last night,34,female,0,98.0,88,96,121,,Severe burns / electric shock,keyword,critical
My father has sneezing since yesterday,65,male,0,,,,,,Cold & cough,keyword,low
"Used the puffer twice, still a bit tight for three days, not eating well",67,female,0,98.5,82,96,131,,Asthma attack (mild),paraphrase,medium
My husband has vomited ten times since morning suddenly,10,male,0,,,,,,Persistent vomiting,paraphrase,medium
Patient complains of lower back since yesterday,47,male,0,97.3,84,96,151,5,Back pain,keyword,low
Having check-up since morning,66,female,0,,,,,5,Routine check-up,keyword,low
Having keep vomiting,52,female,0,99.0,88,96,137,,Persistent vomiting,keyword,medium
Having cough with yellow sputum and fever since yesterday,41,female,1,98.9,85,98,121,3,Chest infection,paraphrase,medium
"General weakness suddenly, body pains",57,male,0,,,,,3,Unclassified complaint,unclassified,low
Patient complains of severe abdomen for three days,55,female,0,,,,,,Severe abdominal pain,keyword,high
Rolling on the floor with belly pain for two days and poor sleep,42,male,0,,,,,9,Severe abdominal pain,paraphrase,high
Lips and eyes swelled up after eating prawns since an hour,38,female,0,98.4,94,98,114,,Severe allergic reaction,paraphrase,critical
My husband has chest tight and whistling sound when breathing since yesterday,43,female,0,97.1,83,96,128,,Asthma attack (mild),paraphrase,medium
Excruciating pain in the abdomen since night suddenly,44,female,0,,,,,5,Severe abdominal pain,paraphrase,high
"Heart is hurting badly from evening, a little nausea, no breathing difficulty",28,female,0,98.4,88,97,109,8,Chest pain / suspected heart attack,paraphrase,critical
"Vomited ten times since morning for three days, not eating well",73,female,0,,,,,,Persistent vomiting,paraphrase,medium
"Jerking movements and foam from mouth for three days, a little nausea",35,male,0,98.1,38,97,125,,Seizure,paraphrase,critical
Having migraine since an hour,1,male,0,,,,,,Severe migraine/headache,keyword,medium
Back is aching while bending,43,female,0,,,,,3,Back pain,paraphrase,low
Cough with yellow sputum and fever,74,female,0,,,,,,Chest infection,paraphrase,medium
Came with stiff back since morning since an hour,14,male,0,99.2,82,97,110,,Back pain,paraphrase,low
Came with throwing up everything I eat since yesterday since yesterday,31,male,0,,,,,7,Persistent vomiting,paraphrase,medium
Came with cant breathe since last night,25,male,0,98.2,78,97,106,,Breathing difficulty,keyword,critical
Came with chest tight and whistling sound when breathing since morning,29,female,0,,,,,,Asthma attack (mild),paraphrase,medium
Not responding to calls suddenly,44,male,0,99.3,71,93,124,10,Unconscious / collapsed,paraphrase,critical
Came with ear is aching since morning,10,male,0,99.0,88,98,113,,Ear pain,paraphrase,low
My wife has stomach is rock hard and paining terribly from evening,73,male,0,,,,,7,Severe abdominal pain,paraphrase,high
My mother has low grade temperature and body pains for two days,55,male,0,,,,,,Mild fever,paraphrase,low
Face drooping,58,male,0,97.8,70,98,152,,Stroke signs,keyword,critical
Bronchitis from evening,36,female,0,98.4,86,95,127,,Chest infection,keyword,medium
Patient complains of lips and eyes swelled up after eating prawns suddenly,47,male,0,,,,,,Severe allergic reaction,paraphrase,critical
Need to collect my monthly medicines since yesterday,40,female,1,,,,,2,Routine check-up,paraphrase,low
Having asthma suddenly,66,male,0,99.3,75,99,103,,Asthma attack (mild),keyword,medium
High fever since morning and a little nausea,68,male,0,103.3,92,97,132,,High fever (>102°F),keyword,high
Patient complains of neck pain for two days,18,male,0,,,,,2,Back pain,keyword,low
Need a fitness certificate,57,female,0,,,,,1,Routine check-up,paraphrase,low
"Broken wrist , slight headache",32,male,0,99.1,157,97,128,,Fracture,keyword,critical
Loss of appetite from evening and body pains,33,male,0,98.5,71,96,148,,Unclassified complaint,unclassified,low
"Asthma for two days, not eating well",20,female,0,,,,,,Asthma attack (mild),keyword,medium
Seizure,34,female,1,99.4,74,96,120,,Seizure,keyword,critical
"Bukhar for three days and body pains, no vomiting",82,male,0,99.7,96,96,110,4,Mild fever,keyword,low
Temperature for three days and poor sleep,47,female,0,,,,,3,Mild fever,keyword,low
Migraine suddenly,60,female,0,98.9,87,98,114,,Severe migraine/headache,keyword,medium
Chest pain,81,female,0,99.0,90,96,128,8,Chest pain / suspected heart attack,keyword,critical
Having broken bone for three days,31,male,0,,,,,,Fracture,keyword,high
My neighbour has backache for one week,46,female,0,98.7,81,98,134,,Back pain,keyword,low
My wife has stomach paining a lot since an hour,36,female,0,98.5,49,98,128,,Severe abdominal pain,keyword,high
My grandmother has red spots on the arms that itch for three days,33,male,0,98.5,71,97,123,3,Skin allergy/rash,paraphrase,low
"Pain inside the ear and blocked feeling, no fever",42,male,0,,,,,,Ear pain,paraphrase,medium
Came with broken leg since last night,35,female,0,,,,,6,Fracture,keyword,high
Having medical certificate for one week,51,female,0,98.3,79,98,134,,Routine check-up,keyword,low
Having pain in the lower spine after lifting since morning,70,male,0,,,,,4,Back pain,paraphrase,low
Chest tight and whistling sound when breathing since morning and a little nausea,33,female,0,,,,,,Asthma attack (mild),paraphrase,medium
"Stomach unbearable for two days, slight headache",53,male,0,,,,,,Severe abdominal pain,keyword,high
"Follow up visit for blood pressure since last night, feeling tired",56,female,0,99.3,84,97,133,1,Routine check-up,paraphrase,low
Having came for regular sugar test from evening,23,female,0,98.4,78,96,115,,Routine check-up,paraphrase,low
"Worst headache for two days and poor sleep, no bleeding",75,female,0,98.3,81,97,117,4,Severe migraine/headache,keyword,medium
Having feeling feverish since evening since last night,49,female,0,99.9,67,96,104,,Mild fever,paraphrase,low
"Having itching for one week, no chest pain",33,male,0,,,,,,Skin allergy/rash,keyword,low
"Follow up visit for blood pressure since last night, feeling tired",55,female,0,,,,,,Routine check-up,paraphrase,low
Having throat pain for one week,81,male,0,,,,,,Sore throat,keyword,low
Suicide attempt,20,male,0,98.3,83,98,153,,Poisoning / bite / overdose,keyword,critical
My daughter has slightly warm body and tired since last night,78,male,0,99.7,103,96,106,,Mild fever,paraphrase,low
Came with need a fitness certificate since last night,78,male,0,97.4,89,95,101,2,Routine check-up,paraphrase,low
Severe abdomen,51,female,0,97.5,76,98,117,,Severe abdominal pain,keyword,high
Patient complains of chesty cough for a week since morning,42,female,0,,,,,,Chest infection,paraphrase,medium
Continuous vomiting and very thirsty since last night and mild cough,44,female,0,97.8,84,98,99,8,Persistent vomiting,paraphrase,medium
My mother has fell off a ladder from the second floor for two days,43,female,0,99.7,62,98,121,8,Major trauma,paraphrase,critical
"Child pulling at the ear and crying , feeling tired",32,male,0,99.7,88,98,109,2,Ear pain,paraphrase,low
My wife has fracture suddenly,54,male,0,97.4,77,95,111,,Fracture,keyword,high
My son has chest tight and whistling sound when breathing since last night,55,female,0,99.5,68,96,113,,Asthma attack (mild),paraphrase,medium
Stomach is rock hard and paining terribly since an hour,65,female,0,99.4,91,97,104,,Severe abdominal pain,paraphrase,high
Came with eczema for three days,75,male,0,98.3,78,99,121,,Skin allergy/rash,keyword,low
"Patient complains of stomachache for three days, no chest pain",31,female,0,,,,,,Stomach pain (mild),keyword,low
Excruciating pain in the abdomen since night since last night,20,female,0,98.8,70,97,127,,Severe abdominal pain,paraphrase,high
High temperature from evening,44,male,0,103.5,91,97,116,7,High fever (>102°F),keyword,high
Having slightly warm body and tired from evening,10,female,0,100.8,77,96,102,,Mild fever,paraphrase,low
My wife has very hot to touch and rigors at night for two days,72,male,0,103.1,87,97,101,,High fever (>102°F),paraphrase,high
"Burning in the stomach after spicy food for one week, not unconscious",24,male,0,,,,,4,Stomach pain (mild),paraphrase,low
My wife has very high fever for three days,15,male,0,102.6,77,96,124,,High fever (>102°F),keyword,high
Patient complains of severe headache for one week,60,female,0,,,,,,Severe migraine/headache,keyword,medium
My neighbour has severe allergic,52,female,0,,,,,,Severe allergic reaction,keyword,critical
"Patient complains of low grade temperature and body pains for three days, not unconscious",49,female,0,100.6,86,98,123,,Mild fever,paraphrase,low
"Hot oil fell on the chest and arms since yesterday, body pains",61,female,0,98.9,104,98,82,,Severe burns / electric shock,paraphrase,critical
Having follow-up for one week,53,male,0,98.0,92,96,100,,Routine check-up,keyword,low
Having productive cough since morning,1,female,0,,,,,,Chest infection,keyword,medium
Having fever touching 104 since yesterday for two days,59,female,0,104.5,91,97,116,6,High fever (>102°F),paraphrase,high
"Chest tight and whistling sound when breathing for one week, mild cough",27,male,0,99.7,91,97,104,,Asthma attack (mild),paraphrase,medium
Unconscious for two days and a little nausea,51,male,0,97.8,133,98,133,,Unconscious / collapsed,keyword,critical
Patient complains of pain in the leg muscles,37,female,0,97.8,90,100,119,,Unclassified complaint,unclassified,low
Backache,77,female,0,,,,,,Back pain,keyword,low
Chest infection suddenly and a little nausea,21,male,0,,,,,5,Chest infection,keyword,medium
Having stomach very severe for one week,60,male,0,100.4,75,95,123,8,Severe abdominal pain,keyword,high
"Having acid attack from evening, no fever",61,female,0,,,,,7,Severe burns / electric shock,keyword,critical
"Back pain from evening, body pains",30,female,0,,,,,,Back pain,keyword,low
Having severe headache for two days,48,female,0,,,,,,Severe migraine/headache,keyword,medium
"Jerking movements and foam from mouth from evening, slight headache",20,male,0,99.0,88,90,131,10,Seizure,paraphrase,critical
"Snake bitten since morning, mild cough",34,male,0,98.7,77,98,129,9,Poisoning / bite / overdose,keyword,critical
My father has mild wheeze after climbing stairs for two days,48,male,0,98.4,89,98,127,,Asthma attack (mild),paraphrase,medium
My son has pain while swallowing food from evening,57,male,0,98.5,85,97,111,,Sore throat,paraphrase,low
Blood pressure check for one week and mild cough,58,female,0,98.3,130,97,140,2,Routine check-up,keyword,critical
Bukhar for three days and poor sleep,62,female,0,,,,,,Mild fever,keyword,low
Patient complains of migraine for two days,23,male,0,98.5,73,97,131,3,Severe migraine/headache,keyword,medium
My husband has tonsillitis suddenly,51,female,0,98.4,88,96,118,,Sore throat,keyword,low
Came with need a fitness certificate for two days,52,female,0,,,,,,Routine check-up,paraphrase,low
Having bone is bent after the fall since yesterday,51,male,0,98.7,46,95,137,,Fracture,paraphrase,high
Having stiff back since morning since last night,31,female,0,,,,,,Back pain,paraphrase,low
Having mild wheeze after climbing stairs for one week,46,female,0,98.4,88,95,123,,Asthma attack (mild),paraphrase,medium
Having pain in the leg muscles since last night,1,female,0,,,,,4,Unclassified complaint,unclassified,low
Dislocated shoulder,30,male,0,98.5,87,96,81,,Fracture,keyword,critical
Patient complains of heard a crack in the wrist and it is swollen suddenly,32,male,0,99.5,92,99,148,,Fracture,paraphrase,high
My daughter has ear is aching for two days,3,male,0,98.9,88,97,115,,Ear pain,paraphrase,low
Came with severe tummy suddenly,22,male,0,98.0,125,97,121,,Severe abdominal pain,keyword,high
Back ache for three days and a little nausea,64,female,0,99.8,92,79,137,,Back pain,keyword,critical
Having feverish from evening,62,male,0,100.8,73,98,150,,Mild fever,keyword,low
Came with ear is aching since an hour,29,male,0,99.0,89,95,119,2,Ear pain,paraphrase,low
Having low grade temperature and body pains since last night,39,male,0,101.1,87,96,118,3,Mild fever,paraphrase,low
My grandmother has back pain since morning,51,female,0,98.7,86,96,124,1,Back pain,keyword,low
Patient complains of cannot put weight on the ankle after twisting it,1,male,0,,,,,,Fracture,paraphrase,high
Continuous vomiting and very thirsty since yesterday and poor sleep,32,male,0,,,,,8,Persistent vomiting,paraphrase,medium
Patient complains of sore throat since yesterday,52,male,0,98.6,83,98,125,,Sore throat,keyword,low
Came with wheezing for one week,28,female,0,,,,,8,Asthma attack (mild),keyword,medium
My husband has dizziness on standing since yesterday,62,male,0,97.6,64,96,96,,Unclassified complaint,unclassified,low
Fever touching 104 since yesterday,50,male,0,,,,,,High fever (>102°F),paraphrase,high
Having itchy since morning,43,female,0,,,,,,Skin allergy/rash,keyword,low
Patient complains of earache since an hour,42,male,0,,,,,,Ear pain,keyword,low
Sugar check,37,male,0,98.7,86,97,134,,Routine check-up,keyword,low
Came with can't catch breath while sitting since last night,31,male,0,98.1,123,97,117,9,Breathing difficulty,paraphrase,critical
Having tonsillitis suddenly,51,female,0,,,,,1,Sore throat,keyword,low
Follow up visit for blood pressure from evening and mild cough,23,male,0,,,,,,Routine check-up,paraphrase,low
My daughter has very hot to touch and rigors at night since an hour,1,male,0,,,,,,High fever (>102°F),paraphrase,high
Feeling feverish since evening,56,male,0,99.8,97,98,112,,Mild fever,paraphrase,low
Patient complains of head hit the road hard and vomiting for two days,55,female,0,98.3,89,98,133,,Major trauma,paraphrase,critical
Review visit since an hour and slight headache,57,male,0,98.6,86,96,97,,Routine check-up,keyword,low
Patient complains of scratchy throat and painful to swallow suddenly,1,male,0,,,,,,Sore throat,paraphrase,low
Having pain in the lower spine after lifting since an hour,32,male,0,,,,,,Back pain,paraphrase,low
Bukhar from evening and a little nausea,77,male,0,100.3,89,98,116,,Mild fever,keyword,low
"Having throat is raw since yesterday , no bleeding",38,male,0,99.8,88,96,140,,Sore throat,paraphrase,low
"Sleep problems since yesterday, no bleeding",13,male,0,98.4,120,97,128,4,Unclassified complaint,unclassified,medium
Came with follow-up,23,female,0,97.7,84,96,136,,Routine check-up,keyword,low
Cough with yellow sputum and fever from evening,86,female,0,,,,,3,Chest infection,paraphrase,medium
"Can't stop vomiting for two days, mild cough",39,male,0,98.5,76,97,110,3,Persistent vomiting,keyword,medium
Came with splitting headache,35,male,0,,,,,7,Severe migraine/headache,keyword,medium
Patient complains of severe belly,62,male,0,100.1,96,96,123,,Severe abdominal pain,keyword,critical
My daughter has rolling on the floor with belly pain for three days,43,female,0,99.2,76,98,131,,Severe abdominal pain,paraphrase,high
Came with splitting headache for two days,28,male,0,,,,,,Severe migraine/headache,keyword,medium
Pain in the lower spine after lifting since last night,56,male,0,99.1,97,97,151,,Back pain,paraphrase,low
Difficulty in breathing,23,female,0,98.9,76,95,131,,Breathing difficulty,keyword,critical
Having arm looks deformed after falling from the bike since morning,7,female,0,,,,,,Fracture,paraphrase,high
Runny nose,38,male,0,100.2,79,99,129,2,Cold & cough,keyword,low
Having breathing very fast and wheezing badly lips look dark for two days,54,female,0,98.6,148,98,129,10,Breathing difficulty,paraphrase,critical
"Patient complains of used the puffer twice, still a bit tight for two days",40,male,0,,,,,,Asthma attack (mild),paraphrase,medium
Burning hot body and shivering since two days since last night,20,male,0,103.3,95,96,116,,High fever (>102°F),paraphrase,high
"Pain in the lower spine after lifting since an hour, body pains, no breathing difficulty",19,male,0,98.4,79,96,110,5,Back pain,paraphrase,low
Ear is aching from evening,28,female,0,98.1,55,97,136,,Ear pain,paraphrase,low
Overdose,64,female,0,98.3,63,98,116,,Poisoning / bite / overdose,keyword,critical
My husband has stomach ache for one week,49,female,0,,,,,1,Stomach pain (mild),keyword,low
Patient complains of kaichal suddenly,15,male,0,100.5,66,98,126,5,Mild fever,keyword,low
"Pneumonia for one week, mild cough",45,female,0,,,,,,Chest infection,keyword,medium
"Checkup since yesterday, slight headache",51,female,0,99.4,80,98,118,,Routine check-up,keyword,low
My daughter has unbearable pain in the lower right side of the tummy,51,female,0,98.3,89,96,130,,Severe abdominal pain,paraphrase,high
"Throat is raw since yesterday suddenly, slight headache",38,male,0,98.2,91,96,143,3,Sore throat,paraphrase,low
Worst head pain of my life,20,female,0,,,,,7,Severe migraine/headache,paraphrase,medium
Having fever touching 104 since yesterday since an hour,45,female,0,103.5,78,98,131,,High fever (>102°F),paraphrase,high
Runny nose and sneezing since two days since yesterday and a little nausea,48,female,0,,,,,2,Cold & cough,paraphrase,low
Medical certificate for two days and slight headache,23,female,0,98.6,90,98,108,,Routine check-up,keyword,low
Wheezing,22,female,0,,,,,,Asthma attack (mild),keyword,high
Mild wheeze after climbing stairs from evening and not eating well,55,male,0,99.1,84,96,157,5,Asthma attack (mild),paraphrase,medium
Came with continuous vomiting and very thirsty since last night,29,female,1,98.4,69,96,133,,Persistent vomiting,paraphrase,medium
Blocked nose,72,female,0,98.8,86,97,132,1,Cold & cough,keyword,low
Patient complains of pulsating headache with nausea since morning since an hour,49,male,0,,,,,7,Severe migraine/headache,paraphrase,medium
My son has slurred speech for two days,31,male,0,,,,,,Stroke signs,keyword,critical
Patient complains of back is aching while bending for two days,48,male,0,98.9,86,98,137,1,Back pain,paraphrase,low
Scratchy throat and painful to swallow since an hour,52,male,0,100.4,78,95,123,3,Sore throat,paraphrase,low
Patient complains of scratchy throat and painful to swallow suddenly,15,female,0,97.9,49,98,106,4,Sore throat,paraphrase,low
Whole body was shaking and jerking since last night,55,female,0,97.8,70,96,143,10,Seizure,paraphrase,critical
Slightly warm body and tired and mild cough,39,male,0,100.4,82,99,143,5,Mild fever,paraphrase,low
"My neighbour has need a fitness certificate since yesterday, no fever",52,female,0,100.0,92,97,125,2,Routine check-up,paraphrase,low
Came with inhaler suddenly,35,female,0,,,,,,Asthma attack (mild),keyword,medium
"Came with skin peeled off after boiling water spilled for one week, no breathing difficulty",52,female,0,98.8,106,97,127,,Severe burns / electric shock,paraphrase,critical
Patient complains of can't stop vomiting since yesterday,23,male,0,,,,,,Persistent vomiting,keyword,medium
Came with stab wound suddenly,58,male,0,97.9,89,99,121,,Major trauma,keyword,critical
Came with not waking up since an hour,37,female,0,,,,,9,Unconscious / collapsed,keyword,critical
Having chest tight and whistling sound when breathing since last night,12,female,0,,,,,,Asthma attack (mild),paraphrase,medium
"Having ear pain suddenly, no chest pain",3,female,0,99.1,91,98,158,,Ear pain,keyword,low
Arm looks deformed after falling from the bike,66,female,0,,,,,,Fracture,paraphrase,high
Came with feels like suffocating for one week,34,female,0,99.1,74,97,119,6,Breathing difficulty,paraphrase,critical
Having facial droop for one week,65,female,0,100.3,115,97,130,,Stroke signs,keyword,critical
Ear pain for three days,7,male,0,99.2,108,96,133,,Ear pain,keyword,low
My daughter has arm looks deformed after falling from the bike for three days,25,male,0,100.2,48,98,109,,Fracture,paraphrase,high
My daughter has chest tight and whistling sound when breathing for two days,40,male,0,99.1,82,96,98,3,Asthma attack (mild),paraphrase,medium
Came with arm looks deformed after falling from the bike for three days,43,female,0,,,,,,Fracture,paraphrase,high
Scratchy throat and painful to swallow since last night,53,male,0,,,,,,Sore throat,paraphrase,low
"Cough bringing up green mucus from evening, slight headache",46,female,0,97.7,79,98,120,,Chest infection,paraphrase,medium
My wife has vomited ten times since morning since last night,19,male,0,97.4,102,94,127,,Persistent vomiting,paraphrase,medium
Bone is bent after the fall,45,male,0,98.6,86,97,123,,Fracture,paraphrase,high
Throat infection since yesterday,46,male,0,,,,,5,Sore throat,keyword,low
Patient complains of chest congestion for three days,58,female,0,99.0,87,97,132,6,Chest infection,keyword,medium
Having feeling feverish since evening since yesterday,12,male,0,100.2,83,97,123,,Mild fever,paraphrase,low
Having crushing chest since morning,41,female,0,98.8,94,88,139,,Chest pain / suspected heart attack,keyword,critical
Patient complains of pain inside the ear and blocked feeling suddenly,18,female,0,99.4,94,97,120,,Ear pain,paraphrase,low
Skin is itching after using a new soap since an hour and not eating well,28,male,0,98.2,100,99,127,,Skin allergy/rash,paraphrase,low
Severe headache suddenly,31,female,0,,,,,,Severe migraine/headache,keyword,medium
Wheezing since yesterday,34,female,0,98.6,81,96,139,,Asthma attack (mild),keyword,medium
Patient complains of heavy bleeding since yesterday,39,female,0,99.5,73,97,187,,Severe bleeding,keyword,critical
Patient complains of loose stools since morning for two days,57,male,0,99.3,73,96,134,,Stomach pain (mild),paraphrase,low
Skin allergy suddenly,56,female,0,98.3,80,97,102,,Skin allergy/rash,keyword,low
"Neck pain, not unconscious",9,male,0,99.4,98,98,108,,Back pain,keyword,low
Pain in the leg muscles,28,female,0,98.1,76,97,118,,Unclassified complaint,unclassified,low
My wife has blocked nose and mild cough from evening,39,male,0,97.7,75,98,113,3,Cold & cough,paraphrase,low
Severe allergic for three days,42,male,0,,,,,,Severe allergic reaction,keyword,critical
My husband has hit by a lorry for two days,21,female,0,98.9,82,79,123,,Major trauma,paraphrase,critical
Mild ache in the tummy after food since morning,14,female,0,,,,,5,Stomach pain (mild),paraphrase,low
Chest is burning and left arm feels numb,48,male,0,,,,,7,Chest pain / suspected heart attack,paraphrase,critical
Came with hives all over and voice became hoarse since last night,21,female,0,,,,,,Severe allergic reaction,paraphrase,critical
Stomach pain,40,female,0,97.7,97,97,107,4,Stomach pain (mild),keyword,low
Came with slightly warm body and tired,49,male,0,99.6,79,98,129,,Mild fever,paraphrase,low
Came with worst head pain of my life since last night,59,male,0,98.9,77,96,118,,Severe migraine/headache,paraphrase,medium
Having mild wheeze after climbing stairs for one week,30,male,0,98.9,113,98,166,,Asthma attack (mild),paraphrase,medium
Pneumonia,54,female,0,99.3,85,95,107,3,Chest infection,keyword,medium
Severe burn since yesterday,17,female,0,,,,,,Severe burns / electric shock,keyword,critical
Stomach very severe,92,male,0,,,,,,Severe abdominal pain,keyword,high
Acute abdomen for two days,35,male,0,98.8,93,96,121,8,Severe abdominal pain,keyword,high
Came with sharp pain near the heart with sweating since morning,29,female,0,,,,,,Chest pain / suspected heart attack,paraphrase,critical
My wife has fever shivering from evening,42,female,1,104.2,95,97,120,,High fever (>102°F),keyword,critical
Stabbed since last night and a little nausea,22,male,0,98.8,71,96,139,9,Major trauma,keyword,critical
Excruciating pain in the abdomen since night since yesterday,50,female,0,98.7,79,98,141,,Severe abdominal pain,paraphrase,high
Spine pain,48,male,0,98.5,86,94,139,,Back pain,keyword,low
Follow up visit for blood pressure,29,female,0,,,,,4,Routine check-up,paraphrase,low
Patient complains of severe head pain since an hour,54,male,0,98.6,95,96,115,3,Severe migraine/headache,keyword,medium
"My chest feels heavy and I am sweating since an hour, feeling tired",3,female,0,99.4,85,95,105,7,Chest pain / suspected heart attack,paraphrase,critical
Feeling feverish since evening,84,male,0,100.3,87,97,144,,Mild fever,paraphrase,low
Having loose stools since morning for three days,34,female,0,,,,,,Stomach pain (mild),paraphrase,low
Having found lying on the floor not answering from evening,10,male,0,98.6,77,90,118,,Unconscious / collapsed,paraphrase,critical
"Very hot to touch and rigors at night since yesterday and body pains, no bleeding",21,female,0,,,,,9,High fever (>102°F),paraphrase,high
Patient complains of back is aching while bending for three days,63,male,0,,,,,3,Back pain,paraphrase,low
Allergy and mild cough,46,male,0,,,,,,Skin allergy/rash,keyword,low
My neighbour has head is pounding and light hurts the eyes since an hour,70,male,0,98.7,68,97,148,4,Severe migraine/headache,paraphrase,medium
"Eczema since yesterday, poor sleep",73,male,0,,,,,,Skin allergy/rash,keyword,low
"Tummy pain for three days, not unconscious",67,male,0,99.0,59,97,122,,Stomach pain (mild),keyword,low
Patient complains of pain inside the ear and blocked feeling since last night,12,male,0,97.8,100,99,123,,Ear pain,paraphrase,low
Jerking movements and foam from mouth since an hour and slight headache,15,female,0,,,,,9,Seizure,paraphrase,critical
Child pulling at the ear and crying for two days,60,female,0,,,,,,Ear pain,paraphrase,low
Ear is aching,10,male,0,,,,,,Ear pain,paraphrase,low
Came with sneezing for one week,59,male,0,,,,,3,Cold & cough,keyword,low
Patient complains of cold suddenly,57,female,0,,,,,,Cold & cough,keyword,low
Having stomach pain suddenly,29,male,0,,,,,3,Stomach pain (mild),keyword,low
"Patient complains of very hot to touch and rigors at night for two days, no breathing difficulty",51,male,0,,,,,,High fever (>102°F),paraphrase,high
Asthma for three days and not eating well,37,female,0,,,,,,Asthma attack (mild),keyword,medium
Throat is raw since yesterday,21,female,0,99.4,83,97,124,,Sore throat,paraphrase,low
My neighbour has scratchy throat and painful to swallow from evening,61,male,0,97.6,86,95,131,,Sore throat,paraphrase,low
"Loose stools since morning from evening, mild cough",46,male,0,99.6,85,97,122,,Stomach pain (mild),paraphrase,low
Skin is itching after using a new soap,34,male,0,98.9,82,99,127,,Skin allergy/rash,paraphrase,low
My husband has feeling feverish since evening for one week,48,male,0,,,,,3,Mild fever,paraphrase,low
My son has general weakness since morning,49,female,0,,,,,4,Unclassified complaint,unclassified,low
Patient complains of pneumonia,23,male,0,98.6,96,98,135,,Chest infection,keyword,medium
Having child pulling at the ear and crying since yesterday,47,female,0,99.3,72,94,123,5,Ear pain,paraphrase,low
Repeated vomiting for one week,9,male,0,,,,,,Persistent vomiting,keyword,medium
Came with skin allergy for two days,7,male,0,98.7,86,97,108,,Skin allergy/rash,keyword,low
Broken bone since morning,7,female,0,,,,,5,Fracture,keyword,high
Cannot keep even water down for three days,42,female,0,99.4,87,97,105,,Persistent vomiting,paraphrase,medium
"Throwing up everything I eat since yesterday suddenly, a little nausea, no chest pain",34,female,0,97.9,81,93,121,,Persistent vomiting,paraphrase,high
Came for regular sugar test since morning and a little nausea,60,male,0,99.3,86,95,122,,Routine check-up,paraphrase,low
Came with vomiting diarrhoea since morning,28,female,0,99.8,84,97,98,,Persistent vomiting,keyword,medium
My grandmother has very high fever since yesterday,64,female,0,,,,,,High fever (>102°F),keyword,high
Came with cough bringing up green mucus since morning,64,female,0,98.4,75,96,122,,Chest infection,paraphrase,medium
Bone is bent after the fall from evening and a little nausea,42,male,0,,,,,,Fracture,paraphrase,high
Severe head pain,72,male,0,98.6,84,97,114,,Severe migraine/headache,keyword,medium
Stomach is rock hard and paining terribly,52,female,0,,,,,5,Severe abdominal pain,paraphrase,high
"Patient complains of scratchy throat and painful to swallow suddenly, no vomiting",33,male,0,97.8,86,96,134,4,Sore throat,paraphrase,low
My father has stiff back since morning since morning,46,female,0,99.0,75,98,103,,Back pain,paraphrase,low
Came with vomiting diarrhea for one week,58,female,0,98.0,82,97,118,,Persistent vomiting,keyword,low
My husband has very high fever for three days,45,female,0,103.0,80,89,137,6,High fever (>102°F),keyword,critical
"Inhaler suddenly, mild cough",68,female,0,,,,,,Asthma attack (mild),keyword,medium
Throbbing pain on one side of the head with vomiting,81,male,0,,,,,8,Severe migraine/headache,paraphrase,medium
Patient complains of fall from height since an hour,35,male,0,98.5,84,83,120,,Major trauma,keyword,critical
Stiff back since morning,79,male,0,98.1,90,98,134,,Back pain,paraphrase,low
Cough bringing up green mucus from evening,30,male,0,99.2,76,98,121,,Chest infection,paraphrase,medium
"Came with broken wrist for one week, not unconscious",37,male,0,98.8,71,97,116,6,Fracture,keyword,high
Chest tight and whistling sound when breathing,68,male,0,,,,,5,Asthma attack (mild),paraphrase,medium
Having vomiting diarrhoea for three days,33,female,0,98.9,82,96,102,5,Persistent vomiting,keyword,medium
"Rolling on the floor with belly pain since morning, no bleeding",19,male,0,,,,,,Severe abdominal pain,paraphrase,high
"Head is pounding and light hurts the eyes since an hour, body pains",1,female,0,,,,,,Severe migraine/headache,paraphrase,medium
My wife has general weakness since last night,35,female,0,,,,,,Unclassified complaint,unclassified,low
"Bad headache, no vomiting",22,female,0,97.5,86,97,137,,Severe migraine/headache,keyword,medium
Pneumonia since last night and slight headache,40,female,0,98.4,101,98,122,,Chest infection,keyword,medium
Patient complains of rash for three days,41,male,0,98.3,77,97,123,,Skin allergy/rash,keyword,low
My neighbour has bone is bent after the fall for two days,24,female,0,,,,,,Fracture,paraphrase,high
Patient complains of vomiting since from evening,43,male,0,97.8,79,98,116,,Persistent vomiting,keyword,medium
Cannot put weight on the ankle after twisting it,22,male,0,,,,,9,Fracture,paraphrase,high
Having runny nose and sneezing since two days from evening,29,female,0,99.1,102,94,118,,Cold & cough,paraphrase,low
Ear infection,35,male,0,,,,,,Ear pain,keyword,low
Cough with yellow sputum and fever since yesterday,48,male,0,98.1,133,100,104,6,Chest infection,paraphrase,critical
Patient complains of ear ache since morning,33,female,0,,,,,,Ear pain,keyword,low
Came with cannot move my leg since morning,43,male,0,,,,,,Fracture,keyword,high
Having sudden weakness in right arm and leg from evening,51,male,0,99.7,79,99,125,,Stroke signs,paraphrase,critical
Came with sneezing since morning,10,female,0,97.7,83,98,134,,Cold & cough,keyword,low
My father has throat is raw since yesterday since last night,33,male,0,,,,,,Sore throat,paraphrase,low
"Cough for three days, feeling tired",58,female,0,,,,,4,Cold & cough,keyword,low
Phlegm,21,female,0,99.0,97,95,73,,Chest infection,keyword,critical
Having electrocuted since an hour,44,male,0,,,,,,Severe burns / electric shock,keyword,critical
Bitten by a cobra in the field,19,female,0,99.0,88,96,95,,Poisoning / bite / overdose,paraphrase,critical
Patient complains of routine for two days,48,female,0,98.4,77,96,128,,Routine check-up,keyword,low
My neighbour has vomiting for two days,51,male,0,,,,,,Stomach pain (mild),keyword,low
Sneezing for one week,73,male,0,98.8,93,98,100,1,Cold & cough,keyword,low
Patient complains of stiff back since morning since last night,68,female,0,98.3,83,99,117,1,Back pain,paraphrase,low
"Head injury for three days, poor sleep",25,male,0,,,,,,Major trauma,keyword,critical
Having skin allergy for two days,73,male,0,99.7,73,97,94,3,Skin allergy/rash,keyword,low
Patient complains of severe head pain since an hour,38,male,0,98.7,95,96,130,,Severe migraine/headache,keyword,medium
Came with migraine for one week,13,female,0,,,,,4,Severe migraine/headache,keyword,medium
Hit by a lorry since last night and feeling tired,41,male,0,99.9,76,98,130,,Major trauma,paraphrase,critical
"Need to collect my monthly medicines since an hour, mild cough",31,female,0,98.6,69,98,121,,Routine check-up,paraphrase,low
Patient complains of stomach is rock hard and paining terribly from evening,18,male,0,98.5,89,99,121,5,Severe abdominal pain,paraphrase,high
Patient complains of inhaler since last night,46,male,0,,,,,5,Asthma attack (mild),keyword,medium
Came with unbearable pain in the lower right side of the tummy suddenly,1,female,0,,,,,,Severe abdominal pain,paraphrase,high
Spine pain since an hour,31,female,0,,,,,,Back pain,keyword,low
Child pulling at the ear and crying,4,male,0,97.7,77,98,141,,Ear pain,paraphrase,low
Came with migraine suddenly,38,male,0,,,,,8,Severe migraine/headache,keyword,medium
Diarrhea suddenly and slight headache,31,female,0,98.7,96,96,136,,Stomach pain (mild),keyword,low
Child pulling at the ear and crying since last night and mild cough,25,male,0,97.9,81,98,126,1,Ear pain,paraphrase,low
Very hot to touch and rigors at night since morning and slight headache,26,male,0,,,,,9,High fever (>102°F),paraphrase,high
My grandmother has cough with yellow sputum and fever suddenly,27,female,0,98.3,86,98,111,5,Chest infection,paraphrase,medium
Ear ache suddenly,5,male,0,99.2,75,97,114,5,Ear pain,keyword,low
Patient complains of broken ankle for three days,57,female,0,,,,,10,Fracture,keyword,high
Having follow up visit for blood pressure since an hour,66,female,0,98.0,86,95,134,3,Routine check-up,paraphrase,low
Migraine,7,male,0,99.3,101,96,139,,Severe migraine/headache,keyword,medium
"Lower back since an hour and mild cough, no vomiting",66,female,0,98.5,93,97,113,,Back pain,keyword,low
"Chesty cough for a week since an hour, a little nausea",30,male,0,,,,,,Chest infection,paraphrase,medium
Kaichal suddenly,62,female,0,99.5,92,97,121,,Mild fever,keyword,low
Sore throat from evening and poor sleep,19,male,0,99.1,76,97,138,,Sore throat,keyword,low
"Inhaler since an hour, not eating well",53,male,0,98.5,90,96,114,,Asthma attack (mild),keyword,medium
Patient complains of vaccination,45,female,0,,,,,,Routine check-up,keyword,low
Stomach very severe,30,female,0,98.7,86,96,128,5,Severe abdominal pain,keyword,high
"Chest is burning and left arm feels numb since last night and slight headache, no fever",13,female,0,,,,,,Chest pain / suspected heart attack,paraphrase,critical
Having fever shivering for three days,45,male,0,102.6,83,97,124,5,High fever (>102°F),keyword,high
Having sneezing since yesterday,65,male,0,,,,,3,Cold & cough,keyword,low
Patient complains of bone broke suddenly,13,female,0,99.0,81,86,98,,Fracture,keyword,critical
My husband has continuous vomiting,33,female,0,,,,,5,Persistent vomiting,keyword,medium
Rash for two days,40,male,0,99.1,78,96,113,,Skin allergy/rash,keyword,low
Patient complains of excruciating pain in the abdomen since night,52,male,0,98.1,49,99,116,5,Severe abdominal pain,paraphrase,high
Came with hives all over and voice became hoarse for two days,14,female,0,98.8,138,94,98,7,Severe allergic reaction,paraphrase,critical
Worst head pain of my life since yesterday and body pains,51,male,0,100.4,79,96,118,,Severe migraine/headache,paraphrase,medium
"Burning hot body and shivering since two days for three days, not eating well",8,male,0,103.9,73,97,112,7,High fever (>102°F),paraphrase,high
Vomited ten times since morning for one week and not eating well,30,male,0,98.4,104,96,125,,Persistent vomiting,paraphrase,medium
Having mild ache in the tummy after food from evening,61,female,0,98.5,71,95,120,,Stomach pain (mild),paraphrase,low
Need to collect my monthly medicines,27,male,0,,,,,,Routine check-up,paraphrase,low
Came with chesty cough for a week since morning,50,female,0,,,,,,Chest infection,paraphrase,medium
Bp check since last night and mild cough,25,male,0,,,,,,Routine check-up,keyword,low
Patient complains of pain inside the ear and blocked feeling since an hour,37,male,0,,,,,3,Ear pain,paraphrase,low
My neighbour has vomiting since since last night,33,female,0,,,,,7,Persistent vomiting,keyword,medium
Can't stop vomiting,70,male,0,98.7,72,97,142,,Persistent vomiting,keyword,medium
"Severe headache since morning, mild cough",37,male,0,,,,,7,Severe migraine/headache,keyword,medium
"Having severe head pain for two days, no vomiting",15,female,0,,,,,4,Severe migraine/headache,keyword,medium
Low grade temperature and body pains for two days,21,male,0,100.4,76,98,127,,Mild fever,paraphrase,low
My husband has severe abdominal from evening,47,female,0,,,,,,Severe abdominal pain,keyword,high
"My daughter has used the puffer twice, still a bit tight since morning",25,female,0,98.2,103,95,113,,Asthma attack (mild),paraphrase,medium
Burnt badly for one week,57,male,0,,,,,,Severe burns / electric shock,keyword,critical
Came with cannot put weight on the ankle after twisting it from evening,23,female,0,,,,,,Fracture,paraphrase,high
Not feeling well since two days,78,female,0,,,,,,Unclassified complaint,unclassified,low
Patient complains of stomach is rock hard and paining terribly since an hour,81,female,0,97.8,77,98,106,7,Severe abdominal pain,paraphrase,high
Severe headache from evening,37,male,0,97.6,104,96,110,,Severe migraine/headache,keyword,medium
Mild wheeze after climbing stairs for one week and feeling tired,54,male,0,98.6,90,98,127,6,Asthma attack (mild),paraphrase,medium
"Patient complains of slightly warm body and tired since last night, no vomiting",38,female,0,101.1,90,98,127,,Mild fever,paraphrase,low
Came with heard a crack in the wrist and it is swollen since an hour,52,male,0,99.1,67,97,133,7,Fracture,paraphrase,high
My husband has heavy vaginal bleeding with dizziness since yesterday,32,female,0,98.9,32,100,125,,Severe bleeding,paraphrase,critical
Itching since last night and feeling tired,74,female,0,97.9,73,95,107,4,Skin allergy/rash,keyword,low
Patient complains of keeps vomiting from evening,43,male,0,,,,,7,Persistent vomiting,keyword,medium
Having severe head pain for two days,83,male,0,,,,,,Severe migraine/headache,keyword,medium
Indigestion from evening and body pains,50,female,0,99.7,91,97,122,,Stomach pain (mild),keyword,low
Came with chesty cough for a week for three days,42,male,0,97.9,80,98,141,,Chest infection,paraphrase,medium
Having hot oil fell on the chest and arms for two days,6,male,0,98.6,76,98,208,8,Severe burns / electric shock,paraphrase,critical
Came with need a fitness certificate from evening,1,female,0,98.5,89,98,126,,Routine check-up,paraphrase,low
"Came with cough with sputum for three days, no fever",55,female,0,,,,,3,Chest infection,keyword,medium
"Fainted , poor sleep",38,male,0,99.8,85,86,133,10,Unconscious / collapsed,keyword,critical
Having chest tight and whistling sound when breathing from evening,54,female,0,99.0,89,98,130,,Asthma attack (mild),paraphrase,medium
"Came for regular sugar test suddenly, feeling tired",12,female,0,,,,,,Routine check-up,paraphrase,low
Excruciating pain in the abdomen since night,88,male,0,,,,,,Severe abdominal pain,paraphrase,high
Came with repeated vomiting,11,female,0,98.7,84,97,121,,Persistent vomiting,keyword,medium
Patient complains of backache since an hour,45,male,0,97.9,79,95,127,,Back pain,keyword,low
"Came with inhaler for three days, no breathing difficulty",70,male,0,99.8,79,98,120,,Asthma attack (mild),keyword,medium
Gasping for air since last night and feeling tired,14,male,0,98.9,90,96,101,,Breathing difficulty,paraphrase,critical
Allergy since an hour,28,female,0,,,,,,Skin allergy/rash,keyword,low
Having slightly warm body and tired,44,male,0,,,,,5,Mild fever,paraphrase,low
Having chest congestion,53,female,0,99.9,78,97,115,,Chest infection,keyword,medium
Chest tightness,29,male,0,,,,,,Chest pain / suspected heart attack,keyword,critical
"Eczema for two days, no chest pain",36,female,0,99.0,87,98,98,,Skin allergy/rash,keyword,low
Having child pulling at the ear and crying since an hour,7,female,0,,,,,,Ear pain,paraphrase,low
Patient complains of swallowed many sleeping pills for three days,9,female,0,98.2,88,97,190,6,Poisoning / bite / overdose,paraphrase,critical
Cannot move my leg from evening,42,female,0,98.3,96,96,207,,Fracture,keyword,high
Having excruciating pain in the abdomen since night since an hour,54,male,0,98.3,84,97,109,,Severe abdominal pain,paraphrase,high
"Very high fever for two days, not eating well",48,male,0,,,,,,High fever (>102°F),keyword,high
Came with broken leg for three days,42,female,0,99.9,88,95,137,,Fracture,keyword,high
Patient complains of pulsating headache with nausea since morning suddenly,21,female,0,,,,,,Severe migraine/headache,paraphrase,medium
Came with throat pain suddenly,26,male,0,98.4,93,100,130,,Sore throat,keyword,low
Low grade temperature and body pains,38,female,0,99.5,86,98,112,3,Mild fever,paraphrase,low
Patient complains of pain in the lower spine after lifting,45,male,0,98.9,80,98,139,4,Back pain,paraphrase,low
My husband has stomachache for three days,40,female,0,,,,,4,Stomach pain (mild),keyword,low
Came with pain while swallowing food since last night,45,female,0,99.4,70,97,128,3,Sore throat,paraphrase,low
"Need a fitness certificate from evening, not unconscious",35,male,0,,,,,4,Routine check-up,paraphrase,low
Speech became unclear suddenly,58,male,0,99.5,155,97,123,6,Stroke signs,paraphrase,critical
"Fever touching 104 since yesterday for three days, poor sleep",43,male,0,,,,,,High fever (>102°F),paraphrase,high
"Came with feeling feverish since evening since last night, no breathing difficulty",34,female,0,100.9,67,93,131,,Mild fever,paraphrase,high
Burning with fever since last night and feeling tired,35,female,0,102.3,86,86,120,8,High fever (>102°F),keyword,critical
Very bad stomach pain,47,male,0,98.2,79,96,113,,Severe abdominal pain,keyword,high
Runny nose and sneezing since two days,49,male,0,,,,,3,Cold & cough,paraphrase,low
Hives all over and voice became hoarse suddenly,19,male,0,,,,,8,Severe allergic reaction,paraphrase,critical
Came with child pulling at the ear and crying suddenly,12,female,0,,,,,,Ear pain,paraphrase,low
My grandmother has productive cough for one week,4,female,0,97.8,107,96,141,4,Chest infection,keyword,low
Lower back suddenly and not eating well,11,male,0,,,,,5,Back pain,keyword,low
"Came for regular sugar test for three days and poor sleep, no breathing difficulty",29,female,0,,,,,4,Routine check-up,paraphrase,low
"Worst headache, no breathing difficulty",42,male,0,,,,,,Severe migraine/headache,keyword,medium
"Having burning hot body and shivering since two days from evening, no bleeding",41,male,0,102.5,71,96,122,10,High fever (>102°F),paraphrase,high
Cannot put weight on the ankle after twisting it since yesterday,39,male,0,99.3,83,98,115,,Fracture,paraphrase,high
Pain inside the ear and blocked feeling suddenly,81,male,0,,,,,2,Ear pain,paraphrase,low
Feeling tired and weak for three days,6,female,0,98.9,90,97,113,,Unclassified complaint,unclassified,low
My father has back is aching while bending since an hour,45,male,0,97.6,93,98,144,2,Back pain,paraphrase,low
Having red patches on the back for one week,39,male,0,,,,,,Skin allergy/rash,paraphrase,low
Came with cold from evening,65,male,0,,,,,,Cold & cough,keyword,low
My husband has follow up visit for blood pressure since morning,1,male,0,98.5,98,96,120,,Routine check-up,paraphrase,low
Patient complains of keep vomiting for two days,44,male,0,,,,,,Persistent vomiting,keyword,medium
"Runny nose and sneezing since two days, not unconscious",34,female,0,,,,,2,Cold & cough,paraphrase,low
Patient complains of throat is raw since yesterday since morning,1,male,0,98.2,90,96,117,3,Sore throat,paraphrase,low
"General weakness for two days and a little nausea, no breathing difficulty",33,male,0,97.1,83,96,131,4,Unclassified complaint,unclassified,low
My daughter has fever shivering for three days,30,female,0,102.2,98,98,133,,High fever (>102°F),keyword,high
My wife has tummy ache since last night,42,female,0,,,,,,Stomach pain (mild),keyword,low
Came with severe belly since yesterday,14,female,0,98.1,94,96,112,7,Severe abdominal pain,keyword,high
Burning in the stomach after spicy food,40,male,0,98.2,86,99,127,,Stomach pain (mild),paraphrase,low
Feeling feverish since evening since morning,46,male,0,,,,,1,Mild fever,paraphrase,low
Having follow up visit for blood pressure for three days,33,male,0,99.0,73,96,125,,Routine check-up,paraphrase,low
"Skin is itching after using a new soap since morning, a little nausea",50,male,0,98.2,70,98,132,,Skin allergy/rash,paraphrase,low
Follow up since an hour and mild cough,38,female,0,,,,,,Routine check-up,keyword,low
Having electric shock since an hour,51,female,0,99.8,34,98,108,,Severe burns / electric shock,keyword,critical
My daughter has bone is bent after the fall since an hour,43,female,0,,,,,,Fracture,paraphrase,high
Patient complains of stiff back since morning for one week,18,female,0,99.0,85,97,125,,Back pain,paraphrase,low
Bone is bent after the fall,38,male,0,,,,,,Fracture,paraphrase,high
Patient complains of wheezing for two days,31,female,0,,,,,,Asthma attack (mild),keyword,medium
Came with runny nose and sneezing since two days for one week,53,female,0,,,,,,Cold & cough,paraphrase,low
Chest pain since last night,44,female,0,98.5,86,85,118,,Chest pain / suspected heart attack,keyword,critical
Unbearable pain in the lower right side of the tummy and mild cough,49,female,0,,,,,,Severe abdominal pain,paraphrase,high
Throat irritation and cold since morning,38,female,0,98.0,100,97,133,,Cold & cough,paraphrase,low
Came with throat irritation and cold for three days,20,female,0,98.8,67,96,129,,Cold & cough,paraphrase,low
Throat infection since morning,48,female,0,97.9,90,97,131,3,Sore throat,keyword,low
"Having pain in throat for one week, no bleeding",30,female,0,,,,,2,Sore throat,keyword,low
"Blocked nose and mild cough since an hour, mild cough",79,male,0,99.1,80,97,117,2,Cold & cough,paraphrase,low
Came with severe head pain suddenly,15,female,0,97.2,90,92,118,4,Severe migraine/headache,keyword,high
My husband has scratchy throat and painful to swallow for one week,34,male,0,98.4,93,96,95,,Sore throat,paraphrase,low
"Having throat irritation and cold for three days, no fever",56,female,0,,,,,,Cold & cough,paraphrase,low
"Kaichal suddenly, poor sleep, no bleeding",58,male,0,99.6,93,98,137,5,Mild fever,keyword,low
Child drank kerosene by mistake for one week and not eating well,92,female,0,,,,,,Poisoning / bite / overdose,paraphrase,critical
"Severe headache for two days and slight headache, no breathing difficulty",62,male,0,,,,,,Severe migraine/headache,keyword,medium
Unconscious since morning and mild cough,32,male,0,,,,,,Unconscious / collapsed,keyword,critical
My husband has need to collect my monthly medicines since yesterday,52,female,0,,,,,3,Routine check-up,paraphrase,low
Ear is aching,10,male,0,98.0,56,96,107,,Ear pain,paraphrase,low
Having child drank kerosene by mistake from evening,31,male,0,98.8,35,96,111,9,Poisoning / bite / overdose,paraphrase,critical
Burning with fever,52,male,0,103.0,92,99,123,7,High fever (>102°F),keyword,high
Patient complains of general weakness suddenly,44,male,0,98.8,77,96,141,2,Unclassified complaint,unclassified,low
Having gastric for one week,41,female,0,98.1,99,99,141,,Stomach pain (mild),keyword,low
"Stomach paining a lot for two days, body pains",41,female,0,,,,,5,Severe abdominal pain,keyword,high
"Blood pressure check for two days, poor sleep",18,female,1,98.7,95,98,144,5,Routine check-up,keyword,low
Cough bringing up green mucus for one week and not eating well,44,female,0,99.0,86,97,118,,Chest infection,paraphrase,medium
My son has bone is bent after the fall from evening,44,female,0,98.7,83,97,132,,Fracture,paraphrase,high
Came with pain in the lower spine after lifting for two days,28,male,0,,,,,,Back pain,paraphrase,low
"Inhaler since yesterday, slight headache",71,male,0,,,,,,Asthma attack (mild),keyword,medium
My neighbour has pain while swallowing food for two days,1,female,0,98.9,87,99,122,4,Sore throat,paraphrase,low
"Tight chest , feeling tired",41,male,0,99.3,81,96,128,7,Chest pain / suspected heart attack,keyword,critical
High fever for one week and slight headache,61,female,0,103.5,85,95,102,,High fever (>102°F),keyword,high
Hives all over and voice became hoarse for two days,55,female,0,98.7,73,98,141,,Severe allergic reaction,paraphrase,critical
Back is aching while bending for two days and slight headache,55,male,0,98.9,103,95,111,,Back pain,paraphrase,low
Came with high temperature,40,female,0,,,,,,High fever (>102°F),keyword,high
Bone is bent after the fall for one week,57,male,0,,,,,,Fracture,paraphrase,high
Having arm looks deformed after falling from the bike,38,female,0,98.9,93,96,137,,Fracture,paraphrase,high
Skin is itching after using a new soap,73,male,0,,,,,,Skin allergy/rash,paraphrase,low
My grandmother has upset stomach and gas from evening,37,female,0,,,,,4,Stomach pain (mild),paraphrase,low
Low grade temperature and body pains for three days,43,female,0,,,,,,Mild fever,paraphrase,low
Came with pain in ear since last night,8,male,0,99.9,93,99,128,,Ear pain,keyword,low
Came with cannot put weight on the ankle after twisting it for two days,1,male,0,98.1,84,95,92,6,Fracture,paraphrase,high
Came with phlegm for three days,47,male,0,,,,,,Chest infection,keyword,medium
Pain inside the ear and blocked feeling since yesterday,31,male,0,,,,,2,Ear pain,paraphrase,low
Lips swelling allergy and slight headache,1,male,0,,,,,6,Severe allergic reaction,keyword,critical
"Came with throwing up everything I eat since yesterday since morning, no chest pain",85,male,0,,,,,,Persistent vomiting,paraphrase,medium
"Cough with sputum, no breathing difficulty",31,female,0,98.4,103,98,133,,Chest infection,keyword,medium
My son has pain in the lower spine after lifting since morning,80,male,0,98.0,85,98,111,4,Back pain,paraphrase,low
My neighbour has need a fitness certificate,1,female,0,98.7,82,95,136,,Routine check-up,paraphrase,low
Patient complains of eczema from evening,54,male,0,100.0,78,96,112,4,Skin allergy/rash,keyword,low
My son has severe belly since an hour,45,male,0,,,,,,Severe abdominal pain,keyword,high
Heard a crack in the wrist and it is swollen since an hour,40,female,0,,,,,6,Fracture,paraphrase,high
Having chesty cough for a week since an hour,92,male,0,99.4,83,93,129,5,Chest infection,paraphrase,high
Having child pulling at the ear and crying,4,male,0,,,,,,Ear pain,paraphrase,low
My mother has pain while swallowing food for three days,26,female,0,,,,,5,Sore throat,paraphrase,low
Patient complains of back ache for two days,26,male,0,,,,,,Back pain,keyword,low
Having arm looks deformed after falling from the bike since morning,61,male,0,,,,,7,Fracture,paraphrase,high
Bukhar,62,male,0,101.2,83,98,121,1,Mild fever,keyword,low
Can't stop vomiting,40,female,0,,,,,7,Persistent vomiting,keyword,medium
Vomiting many times suddenly,60,female,0,100.1,90,98,129,5,Persistent vomiting,keyword,medium
"Came with stiff back since morning since morning, no breathing difficulty",72,female,0,99.0,85,97,135,,Back pain,paraphrase,low
Won't stop bleeding for two days,46,female,0,98.2,86,96,138,,Severe bleeding,keyword,critical
Patient complains of wheezing from evening,42,male,0,99.6,85,88,115,,Asthma attack (mild),keyword,critical
Slightly warm body and tired since yesterday and mild cough,32,male,0,100.7,96,98,87,,Mild fever,paraphrase,critical
Came with wheezing since yesterday,23,male,0,98.9,96,99,119,5,Asthma attack (mild),keyword,medium
"Cannot put weight on the ankle after twisting it, no fever",44,female,0,,,,,5,Fracture,paraphrase,high
Fell off a ladder from the second floor from evening and a little nausea,55,male,0,,,,,8,Major trauma,paraphrase,critical
My neighbour has skin is itching after using a new soap since yesterday,47,male,0,,,,,,Skin allergy/rash,paraphrase,low
Patient complains of can't stop vomiting suddenly,32,male,0,,,,,,Persistent vomiting,keyword,medium
My daughter has my chest feels heavy and I am sweating since morning,39,female,0,99.9,68,97,115,,Chest pain / suspected heart attack,paraphrase,critical
"Migraine for two days, a little nausea",31,male,0,98.6,87,96,135,,Severe migraine/headache,keyword,low
Having back ache for two days,39,male,0,98.7,86,97,123,,Back pain,keyword,medium
"Patient complains of came for regular sugar test since an hour, no breathing difficulty",17,male,0,98.3,95,97,133,,Routine check-up,paraphrase,low
Heard a crack in the wrist and it is swollen,86,female,0,98.5,80,98,116,,Fracture,paraphrase,high
Heart is hurting badly,48,male,0,,,,,7,Chest pain / suspected heart attack,paraphrase,critical
Child pulling at the ear and crying since last night,46,male,0,99.7,99,96,150,,Ear pain,paraphrase,low
"Bike crash on the highway for two days, a little nausea",63,male,0,98.8,77,84,122,,Major trauma,paraphrase,critical
Productive cough since morning,46,male,0,98.5,75,98,116,,Chest infection,keyword,medium
Came with fever touching 104 since yesterday for three days,13,female,0,102.8,80,95,132,,High fever (>102°F),paraphrase,high
"Patient complains of bone is bent after the fall since morning, no chest pain",24,female,0,,,,,,Fracture,paraphrase,high
Burning in the stomach after spicy food,50,female,0,99.7,77,99,134,,Stomach pain (mild),paraphrase,low
Patient complains of pain in throat from evening,42,female,0,,,,,,Sore throat,keyword,low
Having vomiting many times since yesterday,12,female,0,98.4,68,98,117,8,Persistent vomiting,keyword,medium
Chesty cough for a week for two days and feeling tired,48,male,0,98.7,90,95,107,,Chest infection,paraphrase,medium
Check-up and mild cough,31,female,0,98.3,67,96,125,3,Routine check-up,keyword,low
Having cannot keep even water down suddenly,60,male,0,,,,,3,Persistent vomiting,paraphrase,medium
Asthma,43,male,0,99.0,76,99,100,,Asthma attack (mild),keyword,medium
Having vomiting many times since morning,17,male,0,97.4,96,95,115,,Persistent vomiting,keyword,medium
Having bike crash on the highway from evening,55,male,0,98.8,107,98,124,,Major trauma,paraphrase,critical
Head is pounding and light hurts the eyes,48,female,0,98.7,81,99,78,,Severe migraine/headache,paraphrase,critical
Epileptic attack,41,male,0,99.0,88,97,111,8,Seizure,keyword,critical
"Phlegm since last night, mild cough",46,female,0,,,,,,Chest infection,keyword,medium
Patient complains of pain in my ear since yesterday,6,female,0,98.3,75,97,118,,Ear pain,keyword,low
Cough bringing up green mucus for two days and slight headache,27,female,0,,,,,,Chest infection,paraphrase,medium
Came with skin peeled off after boiling water spilled since morning,75,female,0,,,,,,Severe burns / electric shock,paraphrase,critical
Low grade temperature and body pains suddenly,40,female,0,,,,,,Mild fever,paraphrase,low
Chest tight and whistling sound when breathing since yesterday and slight headache,47,female,0,97.5,49,98,105,3,Asthma attack (mild),paraphrase,medium
Came with migraine since morning,25,female,0,99.1,83,98,121,7,Severe migraine/headache,keyword,medium
Chest infection,26,female,0,,,,,7,Chest infection,keyword,medium
"Mild wheeze after climbing stairs from evening, body pains",10,male,0,99.3,77,97,118,,Asthma attack (mild),paraphrase,medium
Skin is itching after using a new soap for one week,53,female,0,,,,,,Skin allergy/rash,paraphrase,low
Came with follow-up since morning,44,female,0,99.4,97,98,115,,Routine check-up,keyword,low
"Having appendicitis , no fever",56,male,0,,,,,,Severe abdominal pain,keyword,high
Child pulling at the ear and crying,10,female,0,98.5,78,98,131,3,Ear pain,paraphrase,low
Came with pain inside the ear and blocked feeling for one week,7,female,0,98.8,97,90,115,,Ear pain,paraphrase,high
Having mild ache in the tummy after food,54,male,0,100.5,79,97,130,,Stomach pain (mild),paraphrase,low
"Patient complains of kaichal from evening, no vomiting",26,male,0,,,,,,Mild fever,keyword,low
Inhaler,22,female,1,97.1,82,97,117,,Asthma attack (mild),keyword,medium
Having child pulling at the ear and crying,17,female,0,97.3,84,97,95,5,Ear pain,paraphrase,low
Having pain inside the ear and blocked feeling suddenly,44,male,0,,,,,,Ear pain,paraphrase,low
Broken wrist since morning,5,male,0,,,,,10,Fracture,keyword,high
Throat is raw since yesterday since an hour and body pains,55,female,0,98.6,64,96,138,1,Sore throat,paraphrase,low
"Ear pain for three days, body pains",6,male,0,97.6,63,99,105,,Ear pain,keyword,low
Hit by car suddenly and slight headache,61,female,0,,,,,,Major trauma,keyword,critical
Review visit for three days,16,male,0,98.9,68,96,112,1,Routine check-up,keyword,low
Unbearable pain in the lower right side of the tummy since morning,15,male,0,98.8,89,98,119,,Severe abdominal pain,paraphrase,high
Cough bringing up green mucus since morning,17,female,0,99.2,86,98,135,,Chest infection,paraphrase,medium
Swollen throat,60,male,0,99.9,75,89,130,,Severe allergic reaction,keyword,critical
Patient complains of difficulty swallowing for one week,38,male,0,,,,,2,Sore throat,keyword,low
Sleep problems,23,female,0,98.1,96,96,87,,Unclassified complaint,unclassified,critical
"Temperature since morning, mild cough",45,male,0,,,,,,Mild fever,keyword,low
Continuous vomiting,71,female,0,97.4,85,98,121,4,Persistent vomiting,keyword,medium
Came with loss of appetite since yesterday,26,female,0,99.2,92,97,135,,Unclassified complaint,unclassified,low
Patient complains of came for regular sugar test for three days,30,female,0,98.7,85,97,93,,Routine check-up,paraphrase,low
Vomited ten times since morning for one week,32,female,0,99.4,80,97,115,,Persistent vomiting,paraphrase,medium
Cannot put weight on the ankle after twisting it since an hour and feeling tired,84,female,0,,,,,,Fracture,paraphrase,high
Having head is pounding and light hurts the eyes for one week,49,male,0,,,,,,Severe migraine/headache,paraphrase,medium
Body ache for three days and not eating well,18,female,0,99.8,53,98,139,,Mild fever,keyword,low
"Pulsating headache with nausea since morning , slight headache",28,female,1,97.2,93,96,89,3,Severe migraine/headache,paraphrase,critical
Scratchy throat and painful to swallow since an hour,26,female,0,97.6,92,98,171,,Sore throat,paraphrase,low
Having vaccination since last night,80,male,0,97.9,68,98,111,5,Routine check-up,keyword,low
Patient complains of back pain since morning,33,female,0,100.4,81,98,129,,Back pain,keyword,low
"Bone is bent after the fall for one week, mild cough",38,female,0,99.1,86,96,102,,Fracture,paraphrase,high
Skin allergy for one week,56,male,0,97.4,70,95,103,,Skin allergy/rash,keyword,low
Stomach is rock hard and paining terribly,27,female,0,98.5,90,95,129,8,Severe abdominal pain,paraphrase,high
Ear pain,51,female,0,98.5,74,97,115,,Ear pain,keyword,medium
"Burning hot body and shivering since two days for two days, body pains, no breathing difficulty",47,male,0,102.9,91,92,141,,High fever (>102°F),paraphrase,high
"My father has blocked nose and mild cough since an hour, not unconscious",22,male,0,98.9,87,97,144,2,Cold & cough,paraphrase,low
Patient complains of not feeling well since two days suddenly,29,male,0,,,,,,Unclassified complaint,unclassified,low
Having loss of appetite for two days,25,male,0,99.1,90,97,121,,Unclassified complaint,unclassified,low
Child pulling at the ear and crying for three days,8,male,0,98.6,77,96,141,,Ear pain,paraphrase,low
Having bike crash on the highway since yesterday,42,female,0,,,,,9,Major trauma,paraphrase,critical
"Need a fitness certificate suddenly, feeling tired",48,female,0,99.7,83,96,133,,Routine check-up,paraphrase,low
Patient complains of suicide attempt for one week,37,female,0,,,,,8,Poisoning / bite / overdose,keyword,critical
My wife has cannot put weight on the ankle after twisting it,26,male,0,98.5,82,98,147,,Fracture,paraphrase,high
Patient complains of inhaler for one week,50,male,0,98.4,86,97,111,,Asthma attack (mild),keyword,medium
Nasal congestion,74,female,0,,,,,,Cold & cough,keyword,low
My daughter has breathless since morning,28,female,0,96.8,38,96,120,,Breathing difficulty,keyword,critical
Low grade temperature and body pains for two days and a little nausea,35,female,0,100.8,78,98,124,,Mild fever,paraphrase,low
"Sneezing since yesterday, a little nausea",68,male,0,98.2,96,96,122,4,Cold & cough,keyword,low
"Upset stomach and gas suddenly, mild cough",32,female,0,98.9,82,96,116,,Stomach pain (mild),paraphrase,low
Pain in ear for three days,19,female,0,98.3,77,100,133,,Ear pain,keyword,low
Cannot put weight on the ankle after twisting it since morning,46,female,0,97.6,116,95,143,10,Fracture,paraphrase,high
Came with fracture since an hour,5,female,0,98.3,79,96,126,,Fracture,keyword,high
Having breathing very fast and wheezing badly lips look dark since an hour,30,female,1,98.4,84,95,106,,Breathing difficulty,paraphrase,critical
Patient complains of fracture for three days,48,female,0,,,,,,Fracture,keyword,high
Head is pounding and light hurts the eyes since an hour,44,male,0,97.7,79,95,158,,Severe migraine/headache,paraphrase,medium
Patient complains of bitten by a snake from evening,62,male,0,98.8,91,98,137,,Poisoning / bite / overdose,keyword,critical
Need to collect my monthly medicines for three days and slight headache,57,female,0,98.8,87,98,126,,Routine check-up,paraphrase,low
Ear infection,73,male,0,,,,,2,Ear pain,keyword,low
"Phlegm for one week, poor sleep",44,female,0,,,,,3,Chest infection,keyword,medium
Patient complains of cannot keep even water down for one week,64,female,0,98.5,79,96,92,,Persistent vomiting,paraphrase,medium
Can't stop vomiting for one week,26,male,0,98.0,62,99,120,8,Persistent vomiting,keyword,medium
Came with mild ache in the tummy after food from evening,26,female,0,98.6,74,97,127,2,Stomach pain (mild),paraphrase,low
Having pulsating headache with nausea since morning for two days,12,male,0,,,,,,Severe migraine/headache,paraphrase,medium
"Hives all over and voice became hoarse from evening, mild cough",35,male,0,99.1,101,99,182,10,Severe allergic reaction,paraphrase,critical
Continuous vomiting since an hour and mild cough,68,female,0,97.3,78,98,135,4,Persistent vomiting,keyword,medium
Patient complains of sudden confusion since morning,14,female,0,,,,,7,Stroke signs,keyword,critical
Whole body was shaking and jerking for two days and poor sleep,35,male,0,99.7,49,99,99,,Seizure,paraphrase,critical
Inhaler,34,male,0,99.7,89,96,113,,Asthma attack (mild),keyword,medium
"Backache since an hour, slight headache",62,female,0,98.7,75,97,115,2,Back pain,keyword,low
Mild wheeze after climbing stairs,21,female,0,97.4,80,98,126,,Asthma attack (mild),paraphrase,medium
Vomiting diarrhoea since an hour,67,female,0,99.0,70,98,111,,Persistent vomiting,keyword,medium
Came with bone broke suddenly,39,male,0,,,,,,Fracture,keyword,high
"Very hot to touch and rigors at night since an hour, no breathing difficulty",37,female,0,,,,,,High fever (>102°F),paraphrase,high
Stomach pain from evening and not eating well,27,female,0,97.1,72,96,122,5,Stomach pain (mild),keyword,low
Bone is bent after the fall,67,male,0,,,,,,Fracture,paraphrase,high
"Came with blocked nose and mild cough since morning, not unconscious",1,female,0,,,,,,Cold & cough,paraphrase,low
Fainting,87,female,0,,,,,6,Unconscious / collapsed,keyword,critical
Having whole body was shaking and jerking from evening,67,female,0,98.1,61,98,123,9,Seizure,paraphrase,critical
Came with follow up visit for blood pressure since an hour,31,male,0,98.0,87,97,141,,Routine check-up,paraphrase,low
Whole body was shaking and jerking since last night and feeling tired,41,female,0,98.4,92,97,112,,Seizure,paraphrase,critical
Came with pain while swallowing food since yesterday,18,male,0,98.8,87,97,89,,Sore throat,paraphrase,critical
"Loose stools since morning for three days, not eating well",33,female,0,,,,,,Stomach pain (mild),paraphrase,low
Having body ache since last night,36,female,0,100.2,78,95,116,3,Mild fever,keyword,low
Lips swelling allergy,30,male,0,98.9,67,95,136,,Severe allergic reaction,keyword,critical
"Cannot put weight on the ankle after twisting it , mild cough",61,male,0,98.9,80,97,118,,Fracture,paraphrase,high
Patient complains of prescription for two days,37,male,0,100.0,85,96,104,1,Routine check-up,keyword,low
Patient complains of fever touching 104 since yesterday suddenly,35,female,0,102.9,99,98,83,7,High fever (>102°F),paraphrase,critical
Patient complains of bad headache from evening,38,male,0,97.5,83,98,120,6,Severe migraine/headache,keyword,medium
Came with body ache for one week,23,male,0,99.6,62,97,162,4,Mild fever,keyword,low
"Chest tight and whistling sound when breathing suddenly, a little nausea",36,female,0,,,,,3,Asthma attack (mild),paraphrase,medium
"Throbbing pain on one side of the head with vomiting and body pains, not unconscious",10,male,0,99.2,80,99,105,7,Severe migraine/headache,paraphrase,medium
Patient complains of burning hot body and shivering since two days,44,male,0,,,,,,High fever (>102°F),paraphrase,high
"Hit by a lorry since yesterday and a little nausea, no bleeding",53,male,0,98.9,68,95,111,,Major trauma,paraphrase,critical
"Slightly warm body and tired , poor sleep",57,female,0,101.2,87,97,140,,Mild fever,paraphrase,low
Vomiting diarrhea for three days,19,female,0,,,,,,Persistent vomiting,keyword,medium
Having eczema,32,female,0,,,,,3,Skin allergy/rash,keyword,low
Having burning in the stomach after spicy food since yesterday,54,female,0,98.7,82,96,149,,Stomach pain (mild),paraphrase,low
Patient complains of acute abdomen for two days,27,male,0,98.1,85,99,111,,Severe abdominal pain,keyword,high
Very hot to touch and rigors at night for one week and slight headache,51,female,0,104.5,97,96,115,,High fever (>102°F),paraphrase,high
Patient complains of bronchitis suddenly,37,male,0,,,,,,Chest infection,keyword,medium
My husband has bone is bent after the fall since yesterday,70,male,0,99.2,89,95,115,,Fracture,paraphrase,high
"Back pain, no chest pain",65,male,0,,,,,,Back pain,keyword,low
Burning in the stomach after spicy food,69,female,0,,,,,,Stomach pain (mild),paraphrase,low
Cough with sputum since morning and a little nausea,52,male,0,,,,,,Chest infection,keyword,medium
Mild ache in the tummy after food since morning,22,male,0,97.0,80,97,116,,Stomach pain (mild),paraphrase,low
Stomach is rock hard and paining terribly since yesterday,49,male,0,98.2,90,97,81,10,Severe abdominal pain,paraphrase,critical
Child pulling at the ear and crying,12,female,0,,,,,2,Ear pain,paraphrase,low
"Used the puffer twice, still a bit tight from evening, slight headache, no vomiting",51,male,0,98.0,74,96,122,,Asthma attack (mild),paraphrase,medium
"My daughter has swallowed many sleeping pills since yesterday, no bleeding",63,female,0,99.4,91,96,123,,Poisoning / bite / overdose,paraphrase,critical
"Head is pounding and light hurts the eyes for three days, slight headache",46,female,0,,,,,,Severe migraine/headache,paraphrase,medium
Having came for regular sugar test since an hour,52,female,0,99.0,75,97,121,,Routine check-up,paraphrase,low
Feeling feverish since evening for one week,31,male,0,100.8,64,98,111,,Mild fever,paraphrase,low
Inhaler,74,male,0,98.2,93,98,95,,Asthma attack (mild),keyword,medium
Bone broke since an hour and a little nausea,48,male,0,99.3,67,96,108,7,Fracture,keyword,high
Having vomited ten times since morning since yesterday,65,female,0,99.3,83,97,104,,Persistent vomiting,paraphrase,medium
"Back pain for three days and slight headache, not unconscious",27,male,0,98.0,87,95,118,,Back pain,keyword,low
"Chest infection from evening, slight headache",40,female,1,,,,,8,Chest infection,keyword,medium
Having cannot put weight on the ankle after twisting it for three days,63,female,0,,,,,,Fracture,paraphrase,critical
"Cough since an hour, slight headache, not unconscious",51,female,0,99.8,89,97,113,,Cold & cough,keyword,low
My father has pulsating headache with nausea since morning suddenly,28,male,0,99.1,87,97,134,7,Severe migraine/headache,paraphrase,medium
"Unbearable pain in the lower right side of the tummy since an hour, poor sleep",42,female,0,,,,,,Severe abdominal pain,paraphrase,high
Need to collect my monthly medicines since last night and mild cough,27,male,0,,,,,1,Routine check-up,paraphrase,low
Having chest tight and whistling sound when breathing for three days,23,female,0,98.7,67,97,119,8,Asthma attack (mild),paraphrase,medium
Having severe stomach pain since an hour,73,male,0,,,,,,Severe abdominal pain,keyword,high
Patient complains of mild wheeze after climbing stairs since yesterday,30,male,0,,,,,,Asthma attack (mild),paraphrase,medium
Came with fainting since yesterday,55,female,0,,,,,7,Unconscious / collapsed,keyword,critical
"Passed out suddenly and mild cough, no bleeding",48,female,0,,,,,,Unconscious / collapsed,keyword,critical
Mild ache in the tummy after food since morning,46,male,0,,,,,,Stomach pain (mild),paraphrase,low
My mother has fever touching 104 since yesterday,58,female,0,,,,,9,High fever (>102°F),paraphrase,high
Patient complains of very hot to touch and rigors at night suddenly,55,male,0,102.9,98,96,127,,High fever (>102°F),paraphrase,high
Came with scratchy throat and painful to swallow suddenly,22,female,0,99.5,85,98,123,,Sore throat,paraphrase,low
Patient complains of one side weak,41,male,0,,,,,,Stroke signs,keyword,critical
"Loss of appetite from evening, no vomiting",40,male,0,98.2,101,97,123,,Unclassified complaint,unclassified,low
Back is aching while bending since last night,47,male,0,,,,,2,Back pain,paraphrase,low
Patient complains of mild ache in the tummy after food since an hour,54,male,0,,,,,,Stomach pain (mild),paraphrase,low
Patient complains of loose stools since morning for one week,41,male,0,98.3,92,96,121,,Stomach pain (mild),paraphrase,low
Belly pain for one week and poor sleep,68,male,0,98.3,98,97,109,,Stomach pain (mild),keyword,low
Back ache since yesterday and not eating well,58,female,0,97.1,69,100,98,,Back pain,keyword,low
My grandmother has need to collect my monthly medicines since an hour,30,male,0,,,,,,Routine check-up,paraphrase,low
"Fever for two days, no chest pain",41,female,0,,,,,,Mild fever,keyword,low
Patient complains of backache,87,male,0,,,,,1,Back pain,keyword,low
Patient complains of chest tight and whistling sound when breathing suddenly,37,male,0,98.1,78,95,136,,Asthma attack (mild),paraphrase,medium
Having red spots on the arms that itch from evening,23,female,0,98.2,93,96,168,,Skin allergy/rash,paraphrase,low
Patient complains of red patches on the back since yesterday,18,male,0,,,,,3,Skin allergy/rash,paraphrase,low
Sleep problems,70,female,0,98.5,72,98,146,4,Unclassified complaint,unclassified,low
"Worst head pain of my life for three days, a little nausea",46,female,0,99.4,81,97,120,,Severe migraine/headache,paraphrase,medium
Having very high fever from evening,64,female,0,,,,,,High fever (>102°F),keyword,high
Loose stools since morning since an hour and a little nausea,8,male,0,,,,,,Stomach pain (mild),paraphrase,low
"Worst head pain of my life for two days and poor sleep, no chest pain",37,female,0,99.0,157,99,118,,Severe migraine/headache,paraphrase,critical
Came with blacked out since last night,56,female,0,98.2,80,98,117,,Unconscious / collapsed,keyword,critical
"Pneumonia from evening, feeling tired, no breathing difficulty",48,female,0,97.9,74,98,121,,Chest infection,keyword,medium
My father has got current from the electric line,20,female,0,98.0,94,96,200,,Severe burns / electric shock,paraphrase,critical
Patient complains of continuous vomiting and very thirsty from evening,19,female,0,97.6,101,97,139,3,Persistent vomiting,paraphrase,medium
My grandmother has inhaler since yesterday,42,male,0,100.2,76,97,111,,Asthma attack (mild),keyword,medium
Red spots on the arms that itch for two days and slight headache,55,male,0,,,,,,Skin allergy/rash,paraphrase,low
Came with stomach is rock hard and paining terribly since last night,76,female,0,,,,,,Severe abdominal pain,paraphrase,high
Having pain in throat since yesterday,16,male,0,97.7,88,95,124,,Sore throat,keyword,low
Came with back is aching while bending since yesterday,29,female,0,98.5,97,96,114,3,Back pain,paraphrase,low
Came with back pain for one week,59,male,0,99.5,81,96,139,,Back pain,keyword,low
Stomach pain since an hour,22,female,1,,,,,5,Stomach pain (mild),keyword,high
Keeps vomiting since last night,22,female,0,98.7,95,96,113,7,Persistent vomiting,keyword,medium
Came with broken wrist for three days,15,female,0,,,,,,Fracture,keyword,high
Fell from the terrace since yesterday and mild cough,36,female,0,98.7,147,99,102,8,Major trauma,keyword,critical
Patient complains of pain in the lower spine after lifting suddenly,28,female,0,98.5,77,97,133,,Back pain,paraphrase,low
"Came with speech became unclear suddenly , not unconscious",28,male,0,99.3,150,97,139,,Stroke signs,paraphrase,critical
"Patient complains of throat pain since yesterday, no vomiting",55,male,0,,,,,,Sore throat,keyword,low
"Eyes rolled up and became limp from evening, mild cough",40,female,0,97.7,153,97,118,,Unconscious / collapsed,paraphrase,critical
My daughter has fever touching 104 since yesterday since yesterday,34,female,0,102.7,81,98,139,5,High fever (>102°F),paraphrase,high
Back pain for two days,84,female,0,98.5,86,99,131,,Back pain,keyword,low
Excruciating pain in the abdomen since night,50,male,0,99.6,87,80,115,,Severe abdominal pain,paraphrase,critical
"Sneezing since yesterday and not eating well, not unconscious",37,female,0,,,,,1,Cold & cough,keyword,low
"My grandmother has runny nose and sneezing since two days since morning, not unconscious",1,male,0,98.3,77,96,118,,Cold & cough,paraphrase,low
Burning hot body and shivering since two days for two days and mild cough,52,male,0,,,,,7,High fever (>102°F),paraphrase,high
"Indigestion since yesterday, poor sleep",61,male,0,99.0,93,96,109,3,Stomach pain (mild),keyword,low
"My neighbour has unbearable pain in the lower right side of the tummy since last night, no vomiting",34,male,0,98.9,58,98,119,9,Severe abdominal pain,paraphrase,high
Review visit for two days and poor sleep,40,female,0,99.5,86,96,93,5,Routine check-up,keyword,low
Came with swelling tongue for one week,56,female,0,98.8,85,99,70,7,Severe allergic reaction,keyword,critical
Having phlegm since an hour,6,male,0,,,,,8,Chest infection,keyword,medium
My wife has cough bringing up green mucus since an hour,74,male,0,,,,,,Chest infection,paraphrase,medium
Throwing up everything I eat since yesterday,9,female,0,,,,,3,Persistent vomiting,paraphrase,medium
Came with back is aching while bending since morning,48,male,0,98.4,75,97,141,,Back pain,paraphrase,low
My grandmother has cannot move my leg for two days,34,male,0,98.4,91,97,134,7,Fracture,keyword,critical
Tonsillitis,17,male,0,,,,,3,Sore throat,keyword,low
My mother has fell from height for one week,30,female,0,98.2,71,95,189,9,Major trauma,keyword,critical
High fever,1,male,0,102.3,82,97,115,8,High fever (>102°F),keyword,high
"Chest congestion, no vomiting",29,female,0,,,,,6,Chest infection,keyword,medium
"Came with excruciating pain in the abdomen since night , no breathing difficulty",67,male,0,,,,,,Severe abdominal pain,paraphrase,medium
Head is pounding and light hurts the eyes since an hour,26,female,0,,,,,5,Severe migraine/headache,paraphrase,medium
My mother has review visit since last night,48,female,0,,,,,,Routine check-up,keyword,low
Backache,58,male,0,97.6,82,97,157,,Back pain,keyword,low
"Patient complains of throat irritation and cold from evening, no chest pain",62,female,0,98.9,71,96,122,,Cold & cough,paraphrase,low
Spine pain,1,female,0,99.0,83,98,115,2,Back pain,keyword,low
Having cough bringing up green mucus since yesterday,77,female,0,99.0,83,98,133,7,Chest infection,paraphrase,medium
Having sudden weakness in right arm and leg since an hour,31,male,0,97.9,88,85,97,,Stroke signs,paraphrase,critical
Sneezing since yesterday and a little nausea,31,male,0,98.7,96,98,93,,Cold & cough,keyword,low
Throat irritation and cold suddenly and mild cough,45,male,0,97.9,86,97,126,5,Cold & cough,paraphrase,low
Patient complains of fever touching 104 since yesterday since last night,91,male,0,104.2,32,98,110,,High fever (>102°F),paraphrase,critical
Having pain in the lower spine after lifting since yesterday,53,male,0,,,,,,Back pain,paraphrase,low
Burnt badly for one week,92,male,0,97.6,84,96,126,,Severe burns / electric shock,keyword,critical
My daughter has scratchy throat and painful to swallow suddenly,78,female,0,,,,,,Sore throat,paraphrase,low
Not breathing,60,male,0,98.6,79,95,87,9,Unconscious / collapsed,keyword,critical
Face puffed up and breathing noisy after an injection for three days,62,male,0,,,,,,Severe allergic reaction,paraphrase,critical
Came with wheezing suddenly,36,male,0,,,,,7,Asthma attack (mild),keyword,medium
"Bone is bent after the fall for one week, a little nausea",46,female,0,,,,,6,Fracture,paraphrase,high
Having upset stomach and gas since an hour,69,male,0,,,,,,Stomach pain (mild),paraphrase,low
My daughter has check-up for three days,44,male,0,,,,,1,Routine check-up,keyword,low
My mother has very hot to touch and rigors at night since morning,32,male,0,,,,,9,High fever (>102°F),paraphrase,high
Came with sneezing since morning,54,male,0,98.3,85,95,133,,Cold & cough,keyword,low
Arm looks deformed after falling from the bike,30,female,0,,,,,,Fracture,paraphrase,high
Stiff back since morning for one week,39,female,0,100.3,80,95,135,,Back pain,paraphrase,low
Came for regular sugar test and mild cough,35,female,0,,,,,,Routine check-up,paraphrase,low
"Pain while swallowing food since morning, body pains",59,female,0,98.2,73,98,144,,Sore throat,paraphrase,low
Came with very bad stomach pain from evening,36,female,0,,,,,,Severe abdominal pain,keyword,high
"Pulsating headache with nausea since morning suddenly, feeling tired",33,male,0,,,,,,Severe migraine/headache,paraphrase,medium
Bad headache,50,female,0,,,,,,Severe migraine/headache,keyword,medium
"Throat infection for one week, slight headache",1,male,0,98.7,73,97,119,,Sore throat,keyword,low
Broken leg for two days and poor sleep,7,female,0,,,,,5,Fracture,keyword,high
My son has throat is raw since yesterday for two days,21,male,0,99.0,73,96,120,,Sore throat,paraphrase,low
My son has unbearable pain in the lower right side of the tummy from evening,23,female,0,99.3,67,99,144,,Severe abdominal pain,paraphrase,high
Patient complains of burning in the stomach after spicy food,57,male,0,97.9,85,97,146,2,Stomach pain (mild),paraphrase,low
Having loose stools since morning for one week,34,female,0,98.2,73,96,129,5,Stomach pain (mild),paraphrase,low
Came with bad headache since an hour,23,female,0,,,,,3,Severe migraine/headache,keyword,medium
"Stomach ache for three days, body pains",30,male,0,97.8,74,95,130,,Stomach pain (mild),keyword,low
Patient complains of vomited ten times since morning since last night,60,female,0,,,,,7,Persistent vomiting,paraphrase,medium
Epileptic attack,27,male,0,,,,,,Seizure,keyword,critical
Worst head pain of my life for three days,22,female,0,99.4,94,98,134,8,Severe migraine/headache,paraphrase,medium
Stomach is rock hard and paining terribly since morning,46,female,0,97.8,121,97,108,9,Severe abdominal pain,paraphrase,high
Ear is aching since last night,3,male,0,99.0,72,98,104,5,Ear pain,paraphrase,low
Runny nose and sneezing since two days since morning and body pains,64,female,0,,,,,1,Cold & cough,paraphrase,low
My neighbour has severe belly for one week,38,female,0,97.5,81,98,133,10,Severe abdominal pain,keyword,high
Came with temperature 103 with chills for three days,69,female,0,103.1,73,97,122,,High fever (>102°F),paraphrase,high
My daughter has heard a crack in the wrist and it is swollen for one week,36,male,0,,,,,,Fracture,paraphrase,high
Chills,22,male,0,,,,,2,Mild fever,keyword,low
Spine pain suddenly and slight headache,77,male,0,,,,,1,Back pain,keyword,low
My wife has hives for three days,1,male,0,,,,,,Skin allergy/rash,keyword,low
Stomach very severe for one week and poor sleep,24,female,0,97.6,91,97,113,,Severe abdominal pain,keyword,critical
Having rash since morning,66,female,0,99.2,93,97,102,,Skin allergy/rash,keyword,low
Having stiff back since morning for three days,38,male,0,,,,,,Back pain,paraphrase,low
"Child pulling at the ear and crying , feeling tired",12,female,0,99.4,81,97,149,1,Ear pain,paraphrase,low
Having repeated vomiting,61,male,0,98.2,83,99,114,,Persistent vomiting,keyword,medium
"Having worst headache since an hour, no breathing difficulty",4,male,0,98.7,93,97,127,6,Severe migraine/headache,keyword,medium
Backache,46,female,0,100.0,97,96,101,,Back pain,keyword,low
Came with worst head pain of my life for one week,37,female,0,98.2,99,98,113,5,Severe migraine/headache,paraphrase,medium
Pain in throat,42,female,0,98.8,70,97,120,,Sore throat,keyword,low
Epileptic attack,66,male,0,98.9,85,99,128,,Seizure,keyword,critical
Very hot to touch and rigors at night,39,male,0,,,,,,High fever (>102°F),paraphrase,high
Mild ache in the tummy after food for two days,51,female,0,,,,,,Stomach pain (mild),paraphrase,low
"Came with follow up visit for blood pressure suddenly, no breathing difficulty",27,male,0,97.9,69,96,127,,Routine check-up,paraphrase,low
My father has throbbing pain on one side of the head with vomiting from evening,57,male,0,98.1,89,95,105,,Severe migraine/headache,paraphrase,medium
Vomiting since since yesterday and a little nausea,26,male,0,,,,,,Persistent vomiting,keyword,medium
Black tarry stools and feeling faint for two days,58,female,0,,,,,10,Severe bleeding,paraphrase,critical
Feeling feverish since evening since an hour and poor sleep,30,male,0,99.9,71,98,139,,Mild fever,paraphrase,low
My neighbour has very high fever since morning,13,female,0,103.7,76,96,119,,High fever (>102°F),keyword,high
Patient complains of continuous vomiting and very thirsty since yesterday,47,male,0,,,,,,Persistent vomiting,paraphrase,medium
Patient complains of blocked nose and mild cough since an hour,35,female,0,97.8,86,96,132,,Cold & cough,paraphrase,low
My son has tummy ache since last night,58,male,0,,,,,1,Stomach pain (mild),keyword,low
Having stiff back since morning from evening,55,female,0,98.4,96,96,130,,Back pain,paraphrase,low
Keeps vomiting from evening,38,male,0,,,,,,Persistent vomiting,keyword,medium
Bronchitis,60,male,0,98.7,74,97,134,,Chest infection,keyword,medium
Having unable to breathe from evening,52,male,0,99.1,77,96,121,7,Breathing difficulty,keyword,critical
"Patient complains of very bad stomach pain since an hour, no chest pain",47,male,0,,,,,,Severe abdominal pain,keyword,high
Gasping for air and feeling tired,58,male,0,,,,,,Breathing difficulty,paraphrase,critical
Came with neck pain for two days,77,female,0,,,,,5,Back pain,keyword,low
My mother has mild wheeze after climbing stairs for two days,41,female,0,99.3,84,100,189,,Asthma attack (mild),paraphrase,high
Checkup since last night and slight headache,44,male,0,,,,,,Routine check-up,keyword,low
Having cough bringing up green mucus since an hour,1,male,0,97.7,89,97,138,3,Chest infection,paraphrase,medium
"Itchy for one week, poor sleep",61,female,0,99.1,94,96,134,4,Skin allergy/rash,keyword,low
Having throat irritation and cold for three days,36,male,0,,,,,4,Cold & cough,paraphrase,low
"Burning in the stomach after spicy food from evening, body pains",10,male,0,99.9,87,96,127,,Stomach pain (mild),paraphrase,low
"Vomited ten times since morning from evening, mild cough",30,male,0,98.3,73,95,141,8,Persistent vomiting,paraphrase,medium
My husband has itchy since morning,38,female,1,,,,,,Skin allergy/rash,keyword,low
Came with ate some unknown seeds and is drowsy since morning,27,male,0,99.3,94,96,116,,Poisoning / bite / overdose,paraphrase,critical
Came with burns on face and hands from a gas cylinder for three days,24,male,0,97.8,50,96,117,6,Severe burns / electric shock,paraphrase,critical
Bleeding heavily from evening and slight headache,17,male,0,98.7,33,97,132,,Severe bleeding,keyword,critical
Patient complains of severe stomach pain for one week,62,female,0,,,,,,Severe abdominal pain,keyword,high
Convulsion,60,male,0,,,,,7,Seizure,keyword,critical
"Dizziness on standing since yesterday, mild cough, no breathing difficulty",27,male,0,99.4,95,96,101,,Unclassified complaint,unclassified,low
Patient complains of high fever for two days,24,female,0,,,,,,High fever (>102°F),keyword,high
"Head is pounding and light hurts the eyes , feeling tired, not unconscious",36,male,0,,,,,4,Severe migraine/headache,paraphrase,medium
My father has fracture since an hour,69,female,0,,,,,,Fracture,keyword,high
"Stomach pain from evening, mild cough",48,female,0,97.8,85,97,151,,Stomach pain (mild),keyword,low
"Migraine since yesterday, feeling tired",13,female,0,97.5,90,97,121,,Severe migraine/headache,keyword,medium
Came with burns on face and hands from a gas cylinder,76,male,0,,,,,,Severe burns / electric shock,paraphrase,critical
Came with heard a crack in the wrist and it is swollen since last night,27,female,0,,,,,,Fracture,paraphrase,high
"Wheezing, no bleeding",25,female,0,98.1,80,95,124,5,Asthma attack (mild),keyword,medium
"Slurred speech , mild cough",48,female,0,,,,,,Stroke signs,keyword,critical
Came with vomiting many times since yesterday,22,male,0,99.5,59,96,133,,Persistent vomiting,keyword,medium
Having backache since last night,26,male,0,,,,,,Back pain,keyword,low
Throbbing pain on one side of the head with vomiting,45,female,0,98.4,83,97,110,8,Severe migraine/headache,paraphrase,medium
"Fever touching 104 since yesterday suddenly, poor sleep",39,male,0,102.5,66,96,119,,High fever (>102°F),paraphrase,high
Having temperature since last night,24,male,0,100.1,92,98,111,,Mild fever,keyword,low
My neighbour has very high fever from evening,41,female,1,,,,,,High fever (>102°F),keyword,high
"Kaichal for three days, poor sleep, no vomiting",43,male,0,100.1,98,95,122,2,Mild fever,keyword,low
"Throat irritation and cold since morning, poor sleep",46,female,0,99.0,98,99,145,5,Cold & cough,paraphrase,low
Patient complains of cannot put weight on the ankle after twisting it suddenly,25,female,0,,,,,,Fracture,paraphrase,high
Came with loss of appetite from evening,38,male,0,98.1,69,97,141,3,Unclassified complaint,unclassified,low
Having hives all over and voice became hoarse,37,female,0,,,,,,Severe allergic reaction,paraphrase,critical
Medical certificate since an hour and body pains,41,female,0,,,,,5,Routine check-up,keyword,low
Patient complains of chest is burning and left arm feels numb for three days,6,female,0,,,,,,Chest pain / suspected heart attack,paraphrase,critical
Having severe abdominal for two days,56,male,0,99.2,95,95,122,5,Severe abdominal pain,keyword,high
"Cough with yellow sputum and fever for two days, not eating well",7,female,0,98.8,85,96,117,,Chest infection,paraphrase,medium
"Throwing up everything I eat since yesterday since last night, body pains",35,female,0,,,,,,Persistent vomiting,paraphrase,medium
Having dizziness on standing since last night,21,female,0,,,,,4,Unclassified complaint,unclassified,low
Head hit the road hard and vomiting for one week and mild cough,25,female,0,,,,,8,Major trauma,paraphrase,critical
Throat is raw since yesterday since last night,54,female,0,97.8,82,97,118,,Sore throat,paraphrase,low
Patient complains of asthma,53,male,0,97.8,86,95,125,,Asthma attack (mild),keyword,medium
My grandmother has excruciating pain in the abdomen since night since yesterday,47,male,0,,,,,8,Severe abdominal pain,paraphrase,high
My grandmother has can't stop vomiting for three days,31,male,0,,,,,,Persistent vomiting,keyword,medium
Follow up visit for blood pressure,30,female,0,97.7,87,96,105,,Routine check-up,paraphrase,low
Patient complains of stomach is rock hard and paining terribly for two days,58,female,0,98.2,76,97,129,,Severe abdominal pain,paraphrase,high
"Broken leg for three days, feeling tired",37,female,0,99.7,134,95,126,,Fracture,keyword,critical
Patient complains of broken ankle for three days,30,male,0,,,,,,Fracture,keyword,high
Struggling for breath since an hour since morning and a little nausea,41,female,0,,,,,,Breathing difficulty,paraphrase,critical
Throbbing pain on one side of the head with vomiting suddenly,1,female,0,99.0,84,98,109,,Severe migraine/headache,paraphrase,medium
"Scorpion sting , body pains",14,male,0,,,,,,Poisoning / bite / overdose,keyword,critical
Having breathing difficulty for three days,38,female,0,,,,,,Breathing difficulty,keyword,critical
My mother has stomach unbearable,53,male,0,98.3,92,78,161,5,Severe abdominal pain,keyword,critical
Patient complains of unbearable stomach since last night,79,female,0,,,,,10,Severe abdominal pain,keyword,high
Head hit the road hard and vomiting,50,female,0,,,,,,Major trauma,paraphrase,critical
"Wheezing since an hour, not eating well",9,male,0,97.9,92,96,119,5,Asthma attack (mild),keyword,medium
Fever shivering,36,female,0,102.6,89,97,126,9,High fever (>102°F),keyword,high
My grandmother has keep vomiting,27,male,0,,,,,,Persistent vomiting,keyword,medium
Having productive cough from evening,55,male,0,,,,,8,Chest infection,keyword,medium
Having slurred speech suddenly,57,female,0,,,,,10,Stroke signs,keyword,critical
Lost consciousness at home since yesterday and poor sleep,30,female,0,98.3,130,94,120,,Unconscious / collapsed,paraphrase,critical
"Stroke since an hour, feeling tired",52,male,0,99.5,78,96,137,8,Stroke signs,keyword,critical
Throwing up everything I eat since yesterday for one week and body pains,35,male,0,98.3,80,97,136,,Persistent vomiting,paraphrase,high
Patient complains of throat irritation and cold since yesterday,51,male,0,,,,,,Cold & cough,paraphrase,low
My father has fever shivering suddenly,1,female,0,104.4,88,97,122,,High fever (>102°F),keyword,high
Child pulling at the ear and crying since an hour,3,male,0,99.3,70,96,95,,Ear pain,paraphrase,low
Feeling feverish since evening since morning,41,male,0,101.1,96,98,121,,Mild fever,paraphrase,low
"Having arm looks deformed after falling from the bike for two days, no chest pain",45,male,0,99.0,89,97,77,,Fracture,paraphrase,critical
"Came with blocked nose since yesterday, no breathing difficulty",45,female,0,,,,,5,Cold & cough,keyword,low
Broken bone from evening,43,male,0,,,,,9,Fracture,keyword,high
"Inhaler for three days, slight headache",66,male,0,97.5,141,96,104,5,Asthma attack (mild),keyword,critical
Chesty cough for a week suddenly and body pains,35,female,0,100.4,93,98,123,,Chest infection,paraphrase,medium
"Used the puffer twice, still a bit tight since last night and not eating well",74,female,0,98.8,86,98,120,8,Asthma attack (mild),paraphrase,medium
My neighbour has hives all over and voice became hoarse for one week,31,female,0,96.7,81,97,112,,Severe allergic reaction,paraphrase,critical
Having unbearable pain in the lower right side of the tummy from evening,47,male,0,,,,,,Severe abdominal pain,paraphrase,high
Patient complains of cough with yellow sputum and fever,43,male,0,99.4,74,95,99,8,Chest infection,paraphrase,medium
Nasal congestion for three days,76,male,0,,,,,,Cold & cough,keyword,low
Came with throat pain since yesterday,26,male,0,100.0,62,96,108,,Sore throat,keyword,low
Severe bleeding for two days and poor sleep,42,male,0,98.6,74,92,116,10,Severe bleeding,keyword,critical
Check up for one week,61,female,0,,,,,1,Routine check-up,keyword,low
Feeling feverish since evening suddenly,55,male,0,101.3,62,98,95,,Mild fever,paraphrase,low
Patient complains of vomiting diarrhea suddenly,79,female,0,98.1,73,95,96,5,Persistent vomiting,keyword,medium
"Fell down and is not waking for one week, body pains",56,male,0,,,,,,Unconscious / collapsed,paraphrase,critical
"Very hot to touch and rigors at night for one week, mild cough",44,male,0,,,,,,High fever (>102°F),paraphrase,high
Came with bronchitis suddenly,92,male,0,99.6,78,96,141,,Chest infection,keyword,medium
Allergy since last night,49,female,0,98.3,77,98,119,,Skin allergy/rash,keyword,low
Difficulty swallowing,18,female,0,,,,,2,Sore throat,keyword,low
Unbearable stomach for two days,33,female,0,97.8,86,93,129,8,Severe abdominal pain,keyword,high
"Patient complains of phlegm from evening, no breathing difficulty",62,female,0,,,,,5,Chest infection,keyword,medium
"Patient complains of low grade temperature and body pains since an hour, no vomiting",19,male,0,,,,,,Mild fever,paraphrase,low
My husband has tonsil for two days,54,female,0,97.6,86,97,149,2,Sore throat,keyword,low
Came with loss of appetite for two days,71,male,0,98.7,110,98,95,4,Unclassified complaint,unclassified,low
"Patient complains of throat irritation and cold for three days, no vomiting",92,female,0,98.1,89,96,97,,Cold & cough,paraphrase,low
My husband has continuous vomiting since yesterday,76,male,0,,,,,,Persistent vomiting,keyword,low
"Tummy pain for three days, not eating well",31,female,0,99.5,73,98,159,5,Stomach pain (mild),keyword,low
Patient complains of pain in throat since morning,21,female,0,99.0,80,97,121,4,Sore throat,keyword,low
Sharp pain near the heart with sweating,66,female,0,98.4,72,92,123,,Chest pain / suspected heart attack,paraphrase,critical
Whole body was shaking and jerking,38,female,0,99.0,87,99,142,7,Seizure,paraphrase,critical
My husband has hives since morning,55,male,0,96.6,88,98,154,1,Skin allergy/rash,keyword,low
Wheezing since last night and poor sleep,44,female,0,,,,,,Asthma attack (mild),keyword,medium
Having came for regular sugar test for two days,38,female,0,97.2,89,97,117,3,Routine check-up,paraphrase,low
Difficulty swallowing for one week and a little nausea,33,female,0,,,,,,Sore throat,keyword,low
Splitting headache for two days and mild cough,32,female,0,,,,,,Severe migraine/headache,keyword,medium
"Having low grade temperature and body pains , no vomiting",48,male,0,101.2,93,98,108,,Mild fever,paraphrase,medium
Patient complains of one side weak,58,male,0,,,,,,Stroke signs,keyword,critical
Patient complains of came for regular sugar test since morning,80,male,0,,,,,,Routine check-up,paraphrase,medium
"Pain in throat, not unconscious",78,male,0,98.4,76,95,130,3,Sore throat,keyword,low
Having continuous vomiting and very thirsty from evening,57,female,0,99.3,89,96,113,6,Persistent vomiting,paraphrase,medium
Having broken leg from evening,92,female,0,98.9,69,97,133,,Fracture,keyword,high
Lips and eyes swelled up after eating prawns from evening and feeling tired,18,male,0,,,,,,Severe allergic reaction,paraphrase,critical
Vomiting suddenly,72,male,0,99.0,108,97,136,,Stomach pain (mild),keyword,low
Patient complains of skin is itching after using a new soap from evening,41,male,0,,,,,,Skin allergy/rash,paraphrase,low
Came with bronchitis for two days,25,female,0,98.4,69,99,140,5,Chest infection,keyword,medium
My husband has chesty cough for a week since yesterday,50,female,0,99.2,79,96,119,,Chest infection,paraphrase,medium
"Broken bone since yesterday, poor sleep",11,female,0,,,,,,Fracture,keyword,high
"Having slightly warm body and tired since yesterday, no vomiting",30,male,0,,,,,3,Mild fever,paraphrase,low
Came with cannot keep even water down from evening,3,male,0,100.3,93,99,126,8,Persistent vomiting,paraphrase,high
My mother has chest congestion for two days,89,male,0,,,,,,Chest infection,keyword,medium
My husband has throat is raw since yesterday for two days,37,male,0,97.9,92,97,145,,Sore throat,paraphrase,low
Pain inside the ear and blocked feeling,1,male,0,,,,,5,Ear pain,paraphrase,low
Came with worst head pain of my life suddenly,74,female,0,,,,,4,Severe migraine/headache,paraphrase,medium
"My grandmother has used the puffer twice, still a bit tight from evening",16,female,0,,,,,,Asthma attack (mild),paraphrase,medium
Loose stools since morning since an hour,21,male,0,99.2,79,99,123,4,Stomach pain (mild),paraphrase,low
Having arm looks deformed after falling from the bike suddenly,40,male,0,99.7,93,98,120,,Fracture,paraphrase,high
Ear pain since an hour,9,female,0,,,,,,Ear pain,keyword,low
Came with throwing up everything I eat since yesterday for three days,60,male,0,,,,,,Persistent vomiting,paraphrase,medium
Cannot put weight on the ankle after twisting it,50,female,0,98.1,94,97,126,10,Fracture,paraphrase,high
Having throwing up everything I eat since yesterday since morning,52,male,0,98.4,91,98,152,4,Persistent vomiting,paraphrase,medium
Excruciating pain in the abdomen since night for one week,63,male,0,98.0,91,96,110,,Severe abdominal pain,paraphrase,medium
Having throat is raw since yesterday since yesterday,57,female,0,99.5,79,97,111,,Sore throat,paraphrase,low
"Severe head pain , slight headache",49,female,0,97.8,102,97,127,,Severe migraine/headache,keyword,medium
Face drooping,58,female,0,,,,,,Stroke signs,keyword,critical
Patient complains of abdomen pain for one week,27,male,0,98.7,78,100,111,,Stomach pain (mild),keyword,low
Stroke since last night,43,male,0,99.4,73,97,77,,Stroke signs,keyword,critical
Patient complains of bronchitis since last night,74,male,0,99.6,73,96,123,,Chest infection,keyword,medium
Vomited ten times since morning,50,male,0,99.2,76,95,124,,Persistent vomiting,paraphrase,medium
Came with stomach is rock hard and paining terribly for three days,52,male,0,,,,,,Severe abdominal pain,paraphrase,high
Stomach is rock hard and paining terribly,30,male,0,98.7,91,98,114,,Severe abdominal pain,paraphrase,high
Skin is itching after using a new soap,29,female,0,99.6,90,93,113,1,Skin allergy/rash,paraphrase,high
"Arm looks deformed after falling from the bike since last night, feeling tired",65,female,0,99.1,86,97,127,,Fracture,paraphrase,high
Having back ache for one week,35,male,0,,,,,,Back pain,keyword,low
"Cannot move my arm since an hour, feeling tired",31,female,0,98.6,84,98,105,9,Fracture,keyword,high
Temperature 103 with chills,61,female,0,104.1,96,97,119,,High fever (>102°F),paraphrase,high
Came with mild ache in the tummy after food suddenly,87,male,0,99.1,73,98,133,1,Stomach pain (mild),paraphrase,low
Came with cannot put weight on the ankle after twisting it for one week,48,male,0,,,,,,Fracture,paraphrase,high
"Can't move one side since an hour, feeling tired",58,male,0,,,,,,Stroke signs,keyword,critical
My father has blood is gushing from the cut suddenly,15,male,0,,,,,,Severe bleeding,paraphrase,critical
Patient complains of throat swelling since last night,81,female,0,,,,,9,Severe allergic reaction,keyword,critical
Came with throat pain suddenly,1,male,0,98.8,63,96,119,,Sore throat,keyword,low
Patient complains of cough with sputum,73,male,0,97.2,96,99,123,6,Chest infection,keyword,medium
"My father has difficulty swallowing since morning, no bleeding",43,female,0,99.9,60,98,107,3,Sore throat,keyword,low
My daughter has mild wheeze after climbing stairs for one week,46,male,0,98.2,75,96,119,,Asthma attack (mild),paraphrase,medium
Earache for two days and mild cough,5,female,0,,,,,,Ear pain,keyword,low
Came with unbearable pain in the lower right side of the tummy from evening,15,male,0,,,,,,Severe abdominal pain,paraphrase,high
Having cannot breathe for three days,39,male,0,98.4,92,96,137,,Breathing difficulty,keyword,critical
Having stiff back since morning since an hour,18,female,0,,,,,,Back pain,paraphrase,low
"Gasping for air suddenly, mild cough",19,female,0,99.3,93,97,113,,Breathing difficulty,paraphrase,critical
Hives all over and voice became hoarse suddenly and slight headache,52,male,0,98.1,70,94,107,,Severe allergic reaction,paraphrase,critical
Hard to breathe,49,male,0,99.6,90,79,136,6,Breathing difficulty,keyword,critical
"Hives all over and voice became hoarse since an hour, poor sleep",26,male,0,,,,,,Severe allergic reaction,paraphrase,critical
Having high temperature suddenly,41,female,0,,,,,,High fever (>102°F),keyword,high
My son has blood pressure check since last night,36,male,0,99.1,99,98,104,,Routine check-up,keyword,low
Mild wheeze after climbing stairs,37,female,0,98.1,74,98,119,5,Asthma attack (mild),paraphrase,medium
Patient complains of runny nose for two days,18,female,0,98.9,91,97,120,4,Cold & cough,keyword,low
Tonsil since yesterday,38,female,0,98.7,43,96,147,,Sore throat,keyword,low
Sleep problems,51,female,0,98.8,100,97,111,4,Unclassified complaint,unclassified,low
"Air hunger, cannot talk in full sentences",38,female,0,96.9,99,98,72,8,Breathing difficulty,paraphrase,critical
"Chesty cough for a week since morning, feeling tired",36,female,0,100.2,95,96,97,3,Chest infection,paraphrase,medium
Patient complains of pulsating headache with nausea since morning since last night,86,male,0,97.9,78,98,130,,Severe migraine/headache,paraphrase,medium
Stomach is rock hard and paining terribly,50,male,0,98.4,85,96,123,10,Severe abdominal pain,paraphrase,high
"Keep vomiting suddenly, mild cough",55,female,0,97.6,90,98,139,,Persistent vomiting,keyword,medium
Stomachache and not eating well,15,male,0,,,,,2,Stomach pain (mild),keyword,low
Came with pain while swallowing food,23,male,0,99.0,96,98,126,,Sore throat,paraphrase,low
"High fever , not eating well",40,female,0,,,,,5,High fever (>102°F),keyword,high
Backache,65,male,0,,,,,,Back pain,keyword,low
My mother has need to collect my monthly medicines since last night,70,female,0,,,,,1,Routine check-up,paraphrase,low
"Came with scratchy throat and painful to swallow for two days, no bleeding",49,female,0,100.0,93,100,125,5,Sore throat,paraphrase,low
Came with chest tight and whistling sound when breathing for one week,34,female,0,98.2,79,97,137,,Asthma attack (mild),paraphrase,medium
My grandmother has heard a crack in the wrist and it is swollen from evening,39,female,0,97.5,79,98,202,,Fracture,paraphrase,high
My father has bone broke for three days,4,male,0,,,,,5,Fracture,keyword,high
Low grade temperature and body pains,40,female,0,100.5,99,94,123,,Mild fever,paraphrase,low
"Throwing up everything I eat since yesterday since morning, not eating well",46,female,0,96.8,88,97,110,,Persistent vomiting,paraphrase,medium
Dislocated shoulder since last night and feeling tired,37,male,0,97.9,88,98,157,,Fracture,keyword,high
Fits since yesterday,70,female,0,99.0,90,97,127,7,Seizure,keyword,critical
Came with need a fitness certificate for two days,2,female,0,98.8,90,95,133,,Routine check-up,paraphrase,low
"Patient complains of used the puffer twice, still a bit tight from evening",17,male,0,98.1,83,99,132,8,Asthma attack (mild),paraphrase,medium
Having cough with yellow sputum and fever for one week,35,female,0,,,,,,Chest infection,paraphrase,medium
Came with drank floor cleaner for two days,58,female,0,,,,,,Poisoning / bite / overdose,paraphrase,critical
Patient complains of cough with yellow sputum and fever since last night,30,female,0,,,,,,Chest infection,paraphrase,medium
Having back ache since last night,50,female,0,98.4,79,96,143,,Back pain,keyword,low
"Low grade temperature and body pains since morning, mild cough",60,male,0,99.8,104,98,136,,Mild fever,paraphrase,low
Came with pain in the leg muscles,50,male,0,98.6,65,100,124,,Unclassified complaint,unclassified,low
Came with runny nose and sneezing since two days suddenly,40,female,0,,,,,,Cold & cough,paraphrase,low
Wheezing,27,male,0,99.5,69,99,131,,Asthma attack (mild),keyword,medium
"Stiff back since morning for two days, a little nausea, no breathing difficulty",92,male,0,,,,,,Back pain,paraphrase,low
Mild ache in the tummy after food since last night and poor sleep,69,male,0,98.5,79,95,124,4,Stomach pain (mild),paraphrase,low
"Mild wheeze after climbing stairs since yesterday, poor sleep",82,female,0,98.1,93,96,95,,Asthma attack (mild),paraphrase,medium
Came with very hot to touch and rigors at night since an hour,18,female,0,,,,,8,High fever (>102°F),paraphrase,high
Patient complains of cold for one week,29,female,0,,,,,,Cold & cough,keyword,low
My daughter has need to collect my monthly medicines for one week,80,female,0,98.5,57,96,126,,Routine check-up,paraphrase,low
Skin allergy for two days and body pains,34,female,0,,,,,,Skin allergy/rash,keyword,low
Came with neck pain suddenly,63,male,0,,,,,,Back pain,keyword,low
Severe stomach pain,26,male,0,98.0,67,95,108,,Severe abdominal pain,keyword,high
Having runny nose for one week,48,male,0,98.8,81,99,126,,Cold & cough,keyword,low
"Swelling tongue and poor sleep, no breathing difficulty",54,female,0,99.6,86,97,141,7,Severe allergic reaction,keyword,critical
Came with pain while swallowing food for three days,26,male,0,,,,,,Sore throat,paraphrase,low
Came with throat irritation and cold for one week,54,male,0,98.6,85,99,139,5,Cold & cough,paraphrase,low
Having persistent vomiting from evening,33,male,0,99.6,106,97,136,8,Persistent vomiting,keyword,medium
Having cough with yellow sputum and fever suddenly,41,female,0,99.1,78,96,126,5,Chest infection,paraphrase,medium
Having can't stop vomiting since last night,28,male,0,97.7,92,94,114,6,Persistent vomiting,keyword,medium
Unbearable abdominal,60,male,0,,,,,,Severe abdominal pain,keyword,high
"Pulsating headache with nausea since morning for one week, mild cough",55,female,0,98.6,68,95,131,4,Severe migraine/headache,paraphrase,medium
Came with back is aching while bending since morning,74,male,0,,,,,3,Back pain,paraphrase,low
Temperature 103 with chills,41,male,0,103.7,83,98,117,9,High fever (>102°F),paraphrase,high
"Sneezing since yesterday, poor sleep",44,female,0,98.9,87,96,123,,Cold & cough,keyword,low
"Chesty cough for a week for three days, not eating well",53,male,0,97.8,78,96,108,4,Chest infection,paraphrase,medium
"Air hunger, cannot talk in full sentences from evening, mild cough",1,male,0,,,,,,Breathing difficulty,paraphrase,critical
Swallowed many sleeping pills since morning and slight headache,61,male,0,,,,,8,Poisoning / bite / overdose,paraphrase,critical
Having lower back for one week,51,female,0,,,,,,Back pain,keyword,low
Came with burning in the stomach after spicy food from evening,49,male,0,,,,,,Stomach pain (mild),paraphrase,low
Having chest is burning and left arm feels numb,56,female,0,98.4,96,98,138,8,Chest pain / suspected heart attack,paraphrase,critical
Child pulling at the ear and crying for one week and mild cough,6,female,0,98.3,85,98,162,,Ear pain,paraphrase,low
Bone is bent after the fall from evening and poor sleep,62,female,0,99.2,97,97,111,7,Fracture,paraphrase,high
Skin is itching after using a new soap,4,male,0,,,,,,Skin allergy/rash,paraphrase,low
Having scratchy throat and painful to swallow,1,male,0,98.3,97,97,116,4,Sore throat,paraphrase,low
"Having used the puffer twice, still a bit tight since last night",46,male,0,,,,,,Asthma attack (mild),paraphrase,medium
Asthma,31,female,0,,,,,4,Asthma attack (mild),keyword,medium
Having asthma,56,male,0,99.4,84,95,118,8,Asthma attack (mild),keyword,medium
Bad headache,49,female,0,98.3,85,95,131,3,Severe migraine/headache,keyword,medium
"Upset stomach and gas for two days, mild cough",27,female,1,98.5,73,96,137,5,Stomach pain (mild),paraphrase,high
Skin is itching after using a new soap,19,male,0,,,,,,Skin allergy/rash,paraphrase,low
Follow-up,38,female,0,98.7,85,97,113,,Routine check-up,keyword,low
Ear infection,8,female,0,,,,,,Ear pain,keyword,low
Slightly warm body and tired since yesterday,48,female,0,101.3,58,85,122,1,Mild fever,paraphrase,critical
"Came with throat is raw since yesterday since an hour, no vomiting",78,male,0,98.5,92,95,99,1,Sore throat,paraphrase,low
Loose stools since morning,45,female,0,,,,,3,Stomach pain (mild),paraphrase,low
"Unbearable pain in the lower right side of the tummy for two days, no bleeding",51,male,0,97.9,80,96,132,9,Severe abdominal pain,paraphrase,high
My mother has broken ankle for three days,39,female,0,99.3,79,97,110,7,Fracture,keyword,high
Having convulsion since last night,86,female,0,98.4,134,96,125,,Seizure,keyword,critical
Cough,44,female,0,,,,,,Cold & cough,keyword,low
Very high fever,18,male,0,102.8,89,97,118,8,High fever (>102°F),keyword,high
Patient complains of itchy since last night,62,female,0,,,,,,Skin allergy/rash,keyword,low
Acute abdomen,14,male,0,98.8,89,98,130,,Severe abdominal pain,keyword,high
Earache suddenly,41,male,0,,,,,,Ear pain,keyword,low
"Vomiting diarrhoea suddenly, poor sleep",86,male,0,,,,,,Persistent vomiting,keyword,medium
Fitting,16,female,0,,,,,,Seizure,keyword,critical
Chest congestion for two days,35,male,0,98.7,77,98,80,,Chest infection,keyword,critical
Came with itchy for three days,9,male,0,97.9,81,97,111,,Skin allergy/rash,keyword,low
Follow up visit for blood pressure from evening and poor sleep,19,male,0,98.9,72,97,133,,Routine check-up,paraphrase,low
Having worst head pain of my life for three days,18,female,0,98.7,81,98,88,7,Severe migraine/headache,paraphrase,critical
Having chest squeezing for two days,25,male,0,,,,,,Chest pain / suspected heart attack,keyword,critical
Need a fitness certificate since last night,41,male,0,99.2,98,97,116,1,Routine check-up,paraphrase,low
My husband has cannot move my arm suddenly,22,male,0,98.0,119,96,120,,Fracture,keyword,high
"Broken arm for three days, mild cough",67,female,0,97.7,89,96,135,,Fracture,keyword,high
"Intense abdominal since morning, poor sleep",37,female,0,99.1,79,98,121,6,Severe abdominal pain,keyword,high
"Fever touching 104 since yesterday, no breathing difficulty",56,male,0,,,,,10,High fever (>102°F),paraphrase,high
Eczema,34,male,0,97.6,67,97,120,5,Skin allergy/rash,keyword,low
Having very bad stomach pain since yesterday,64,female,0,97.8,75,98,95,10,Severe abdominal pain,keyword,high
Arm looks deformed after falling from the bike,42,female,0,99.6,41,98,98,,Fracture,paraphrase,high
My son has asthma for three days,33,male,0,,,,,,Asthma attack (mild),keyword,medium
Migraine since an hour and not eating well,51,female,0,,,,,7,Severe migraine/headache,keyword,medium
Having red patches on the back from evening,60,female,0,100.6,94,95,127,5,Skin allergy/rash,paraphrase,low
Having child pulling at the ear and crying since an hour,12,female,0,98.4,77,98,141,3,Ear pain,paraphrase,low
Worst headache since last night,23,female,0,,,,,,Severe migraine/headache,keyword,medium
Severe headache for two days and mild cough,51,female,0,98.0,45,97,130,6,Severe migraine/headache,keyword,medium
Having bone broke for one week,60,female,0,,,,,,Fracture,keyword,high
My neighbour has fever touching 104 since yesterday from evening,48,female,0,103.6,90,89,149,,High fever (>102°F),paraphrase,critical
"Stomach is rock hard and paining terribly for one week, not eating well",54,female,0,,,,,,Severe abdominal pain,paraphrase,high
"Excruciating pain in the abdomen since night for two days, no chest pain",64,female,0,98.6,74,87,134,,Severe abdominal pain,paraphrase,critical
"Came with used the puffer twice, still a bit tight suddenly",41,male,0,,,,,8,Asthma attack (mild),paraphrase,medium
Came with scratchy throat and painful to swallow for two days,55,female,0,,,,,,Sore throat,paraphrase,low
"Blocked nose and mild cough since morning, body pains",46,female,0,98.8,82,97,136,,Cold & cough,paraphrase,low
"Head hit the road hard and vomiting for two days, a little nausea",23,female,0,97.8,81,99,144,,Major trauma,paraphrase,critical
Came with loss of appetite,27,female,1,97.2,75,96,131,,Unclassified complaint,unclassified,low
Came with follow-up for two days,59,female,0,,,,,,Routine check-up,keyword,low
Pain inside the ear and blocked feeling suddenly and body pains,53,male,0,99.4,84,100,119,1,Ear pain,paraphrase,low
Patient complains of routine suddenly,67,male,0,98.2,84,97,123,,Routine check-up,keyword,low
Arm looks deformed after falling from the bike,41,male,0,98.3,74,99,127,7,Fracture,paraphrase,high
Patient complains of cough bringing up green mucus for one week,33,male,0,98.3,75,96,129,,Chest infection,paraphrase,medium
Arm looks deformed after falling from the bike since an hour,61,female,0,,,,,,Fracture,paraphrase,high
Having continuous vomiting and very thirsty for two days,33,male,0,97.6,74,96,119,3,Persistent vomiting,paraphrase,medium
My neighbour has pain in throat,37,female,1,,,,,,Sore throat,keyword,low
"Pain inside the ear and blocked feeling since last night, mild cough, no fever",50,male,0,99.0,86,97,134,,Ear pain,paraphrase,low
My husband has routine,43,male,0,97.7,93,98,158,1,Routine check-up,keyword,low
My husband has inhaler since morning,66,female,0,,,,,,Asthma attack (mild),keyword,medium
Cough since an hour and mild cough,20,female,0,,,,,,Cold & cough,keyword,low
Came with neck pain since last night,45,female,0,,,,,1,Back pain,keyword,low
Skin allergy,24,male,0,99.4,78,94,124,,Skin allergy/rash,keyword,low
My daughter has sharp pain near the heart with sweating since yesterday,38,male,0,,,,,,Chest pain / suspected heart attack,paraphrase,critical
Patient complains of head hit the road hard and vomiting for three days,32,female,0,97.8,89,97,142,,Major trauma,paraphrase,critical
"Stiff back since morning , body pains",51,female,0,99.6,83,96,121,,Back pain,paraphrase,low
"Pain in my ear since last night, poor sleep",69,male,0,97.7,84,98,97,,Ear pain,keyword,low
"Bone is bent after the fall since morning, not eating well",33,male,0,98.8,82,97,122,6,Fracture,paraphrase,high
Burning with fever suddenly and not eating well,50,female,0,,,,,,High fever (>102°F),keyword,high
Patient complains of severe tummy for two days,81,female,0,,,,,,Severe abdominal pain,keyword,high
"Cough bringing up green mucus since yesterday and poor sleep, not unconscious",32,female,0,97.9,96,95,114,,Chest infection,paraphrase,medium
Patient complains of convulsion from evening,36,male,0,98.8,135,96,151,6,Seizure,keyword,critical
Patient complains of bitten by a cobra in the field since yesterday,48,female,0,99.9,46,94,131,,Poisoning / bite / overdose,paraphrase,critical
Whole body was shaking and jerking for one week and not eating well,18,male,0,100.4,91,97,87,,Seizure,paraphrase,critical
"Throat is raw since yesterday since morning, slight headache, no fever",18,male,0,,,,,,Sore throat,paraphrase,low
Cannot put weight on the ankle after twisting it,19,female,0,99.3,91,97,106,,Fracture,paraphrase,high
Throat irritation and cold,19,female,0,99.0,95,97,126,1,Cold & cough,paraphrase,low
Stiff back since morning since an hour and slight headache,67,female,0,,,,,,Back pain,paraphrase,low
Prescription,53,female,0,98.8,85,96,94,1,Routine check-up,keyword,low
"Mild wheeze after climbing stairs , not eating well",33,male,0,,,,,,Asthma attack (mild),paraphrase,medium
Came with stomach pain for two days,53,male,0,,,,,5,Stomach pain (mild),keyword,low
Feeling feverish since evening for two days,28,male,0,,,,,,Mild fever,paraphrase,low
My wife has fracture since morning,54,female,0,99.0,35,96,113,,Fracture,keyword,high
Dislocated shoulder,57,male,0,,,,,,Fracture,keyword,high
Came with body ache for three days,10,female,0,101.1,75,96,115,2,Mild fever,keyword,low
Feeling feverish since evening suddenly and a little nausea,28,female,0,100.1,89,99,111,,Mild fever,paraphrase,low
Severe tummy from evening and a little nausea,23,male,0,99.1,85,97,134,,Severe abdominal pain,keyword,high
Bitten by a snake,48,male,0,,,,,10,Poisoning / bite / overdose,keyword,critical
Difficulty breathing,9,female,0,99.0,94,96,127,7,Breathing difficulty,keyword,critical
"Mild wheeze after climbing stairs for two days, mild cough",20,male,0,98.2,72,96,110,5,Asthma attack (mild),paraphrase,medium
"Patient complains of used the puffer twice, still a bit tight since last night",42,male,0,,,,,4,Asthma attack (mild),paraphrase,medium
Runny nose and sneezing since two days since yesterday and a little nausea,92,male,0,98.4,91,96,144,,Cold & cough,paraphrase,low
Patient complains of tummy ache since yesterday,42,male,0,98.4,82,97,92,4,Stomach pain (mild),keyword,low
Broken leg since an hour,54,male,0,99.2,87,98,182,,Fracture,keyword,high
My wife has cannot put weight on the ankle after twisting it for one week,24,male,0,99.1,104,96,119,8,Fracture,paraphrase,high
My husband has need to collect my monthly medicines for one week,59,female,0,,,,,,Routine check-up,paraphrase,low
Worst headache,31,female,0,98.9,91,96,110,3,Severe migraine/headache,keyword,medium
"Cough with yellow sputum and fever for two days, no chest pain",46,female,0,100.2,75,97,133,5,Chest infection,paraphrase,medium
Nasal congestion for three days and mild cough,32,male,0,,,,,5,Cold & cough,keyword,low
Scratchy throat and painful to swallow since yesterday,47,male,0,,,,,4,Sore throat,paraphrase,low
Patient complains of stomach ache since an hour,1,female,0,98.4,86,96,124,,Stomach pain (mild),keyword,low
Splitting headache since an hour and mild cough,40,male,0,,,,,,Severe migraine/headache,keyword,medium
My daughter has lower back suddenly,65,female,0,,,,,,Back pain,keyword,low
"Nasal congestion for two days, a little nausea",34,male,0,98.7,76,97,144,,Cold & cough,keyword,low
Severe burn,28,female,1,,,,,,Severe burns / electric shock,keyword,critical
Having lower back suddenly,53,female,0,,,,,1,Back pain,keyword,low
Came with wheezing since an hour,40,female,0,,,,,,Asthma attack (mild),keyword,medium
Patient complains of cough with sputum since morning,69,female,0,,,,,,Chest infection,keyword,medium
Patient complains of back is aching while bending since yesterday,19,male,0,98.3,88,96,137,4,Back pain,paraphrase,low
Came with migraine,44,male,0,,,,,,Severe migraine/headache,keyword,medium
Runny nose and sneezing since two days since last night,33,female,1,,,,,,Cold & cough,paraphrase,low
Patient complains of splitting headache for two days,76,female,0,,,,,,Severe migraine/headache,keyword,medium
Came with can't stop vomiting for one week,18,male,0,,,,,,Persistent vomiting,keyword,medium
Patient complains of heart attack for three days,30,female,0,,,,,,Chest pain / suspected heart attack,keyword,critical
Patient complains of chest tightness since yesterday,2,female,0,,,,,9,Chest pain / suspected heart attack,keyword,critical
Hives for one week,65,female,0,,,,,3,Skin allergy/rash,keyword,low
Runny nose suddenly and not eating well,38,female,0,,,,,2,Cold & cough,keyword,low
"Came with pain in my ear , no fever",1,female,0,100.4,111,98,152,,Ear pain,keyword,medium
Came with jerking movements and foam from mouth for one week,52,male,0,,,,,7,Seizure,paraphrase,critical
Very high fever suddenly and feeling tired,31,male,0,103.1,66,97,118,,High fever (>102°F),keyword,high
Having keeps vomiting for three days,55,male,0,,,,,7,Persistent vomiting,keyword,medium
Came with follow-up suddenly,40,female,0,97.5,110,99,136,,Routine check-up,keyword,low
Pain inside the ear and blocked feeling,39,female,0,,,,,,Ear pain,paraphrase,low
Having pain in the lower spine after lifting since last night,34,female,1,97.2,96,98,130,5,Back pain,paraphrase,low
Patient complains of cannot move my leg from evening,23,male,0,,,,,,Fracture,keyword,high
Pain while swallowing food for one week and poor sleep,59,male,0,,,,,2,Sore throat,paraphrase,low
Backache since yesterday and poor sleep,61,female,0,,,,,,Back pain,keyword,medium
Patient complains of earache for one week,6,male,0,98.5,75,95,118,5,Ear pain,keyword,low
Came with mild ache in the tummy after food,21,female,0,,,,,2,Stomach pain (mild),paraphrase,low
Having ear pain since last night,6,female,0,99.0,70,97,121,3,Ear pain,keyword,low
Tummy pain from evening,50,male,0,,,,,2,Stomach pain (mild),keyword,low
Patient complains of chesty cough for a week,25,male,0,,,,,,Chest infection,paraphrase,medium
Cough with yellow sputum and fever since yesterday,1,female,0,98.1,107,98,131,,Chest infection,paraphrase,medium
Came with follow up from evening,44,male,0,97.8,70,96,137,3,Routine check-up,keyword,low
Having skin is itching after using a new soap since last night,76,male,0,,,,,1,Skin allergy/rash,paraphrase,low
Severe tummy since an hour,47,female,0,,,,,6,Severe abdominal pain,keyword,high
"Not feeling well since two days from evening, poor sleep",33,male,0,,,,,,Unclassified complaint,unclassified,low
"Itchy since last night, body pains",38,male,0,99.4,74,97,122,,Skin allergy/rash,keyword,low
My husband has throat irritation and cold for one week,13,female,0,98.9,87,98,116,3,Cold & cough,paraphrase,low
Patient complains of chesty cough for a week suddenly,44,male,0,,,,,4,Chest infection,paraphrase,medium
My neighbour has gastric suddenly,36,female,0,98.5,91,97,110,,Stomach pain (mild),keyword,low
Back pain,50,male,0,,,,,,Back pain,keyword,low
Patient complains of bad headache since morning,26,female,0,,,,,6,Severe migraine/headache,keyword,medium
Having throat irritation and cold since an hour,57,female,0,,,,,,Cold & cough,paraphrase,low
Patient complains of temperature for two days,59,male,0,,,,,3,Mild fever,keyword,low
Need a fitness certificate for three days,45,male,0,,,,,,Routine check-up,paraphrase,low
My daughter has severe stomach pain for one week,27,male,0,99.9,77,98,97,,Severe abdominal pain,keyword,high
"Very hot to touch and rigors at night since yesterday, slight headache",79,female,0,103.8,99,96,101,,High fever (>102°F),paraphrase,high
Patient complains of ear is aching,40,female,0,98.8,82,96,124,,Ear pain,paraphrase,low
Came with skin peeled off after boiling water spilled since morning,34,female,0,,,,,,Severe burns / electric shock,paraphrase,critical
"Having ear is aching since last night, not unconscious",22,female,0,98.4,91,98,129,,Ear pain,paraphrase,low
Patient complains of temperature 103 with chills since an hour,63,female,0,102.5,93,97,125,,High fever (>102°F),paraphrase,high
Runny nose and sneezing since two days from evening and feeling tired,25,female,0,98.6,101,96,125,,Cold & cough,paraphrase,low
Burning hot body and shivering since two days for two days and mild cough,51,female,0,,,,,,High fever (>102°F),paraphrase,high
Nasal congestion,29,female,0,98.9,77,100,135,,Cold & cough,keyword,low
Chesty cough for a week,23,male,0,,,,,,Chest infection,paraphrase,medium
High temperature,50,male,0,103.2,100,98,128,,High fever (>102°F),keyword,high
Itchy since morning,72,female,0,,,,,,Skin allergy/rash,keyword,low
Heart attack for three days and not eating well,5,female,0,,,,,,Chest pain / suspected heart attack,keyword,critical
"Accident for three days, mild cough",37,female,0,,,,,,Major trauma,keyword,critical
Earache since morning and poor sleep,12,female,0,,,,,,Ear pain,keyword,low
Came with loose stools since morning for one week,34,male,0,98.5,84,99,129,1,Stomach pain (mild),paraphrase,low
Child drank kerosene by mistake suddenly,52,female,0,,,,,6,Poisoning / bite / overdose,paraphrase,critical
Very hot to touch and rigors at night,35,female,0,,,,,,High fever (>102°F),paraphrase,high
My neighbour has general weakness since yesterday,30,male,0,98.3,88,98,119,,Unclassified complaint,unclassified,low
My daughter has wheezing since an hour,69,female,0,98.1,78,98,138,,Asthma attack (mild),keyword,medium
My husband has slightly warm body and tired suddenly,34,male,0,99.6,90,97,130,,Mild fever,paraphrase,low
Patient complains of mild wheeze after climbing stairs suddenly,50,male,0,99.0,91,100,120,,Asthma attack (mild),paraphrase,medium
My neighbour has nasal congestion since an hour,16,female,0,,,,,,Cold & cough,keyword,low
My daughter has need to collect my monthly medicines since morning,16,male,0,98.5,82,96,101,3,Routine check-up,paraphrase,low
My wife has hit by bike for two days,71,female,0,98.9,83,97,142,,Major trauma,keyword,critical
Having cannot move my arm for three days,92,male,0,,,,,,Fracture,keyword,high
Kaichal,28,female,0,99.7,88,96,116,,Mild fever,keyword,low
My daughter has heard a crack in the wrist and it is swollen since an hour,23,female,0,97.6,116,97,117,9,Fracture,paraphrase,high
My father has road accident since last night,61,male,0,,,,,,Major trauma,keyword,critical
"Pesticide from evening, poor sleep",25,male,0,99.7,46,98,129,,Poisoning / bite / overdose,keyword,critical
Bone is bent after the fall suddenly and slight headache,51,female,0,99.4,81,98,139,,Fracture,paraphrase,high
Having swelling throat since morning,26,female,0,98.2,85,96,208,,Severe allergic reaction,keyword,critical
Patient complains of vomiting since,7,female,0,,,,,,Persistent vomiting,keyword,medium
"Stiff back since morning , a little nausea",16,female,0,99.2,81,99,133,,Back pain,paraphrase,low
My father has rolling on the floor with belly pain since an hour,9,female,0,98.4,95,97,143,,Severe abdominal pain,paraphrase,high
My daughter has stiff back since morning,75,male,0,,,,,,Back pain,paraphrase,low
Excruciating pain in the abdomen since night,67,female,0,,,,,,Severe abdominal pain,paraphrase,high
My daughter has continuous vomiting and very thirsty since yesterday,80,male,0,,,,,7,Persistent vomiting,paraphrase,medium
"Vomiting diarrhea since an hour, feeling tired",30,male,0,99.0,74,97,112,,Persistent vomiting,keyword,medium
"Vomiting blood for two days, body pains",50,female,0,,,,,,Severe bleeding,keyword,critical
Came with red spots on the arms that itch from evening,56,male,0,,,,,,Skin allergy/rash,paraphrase,low
"Severe stomach pain from evening, body pains",12,female,0,,,,,,Severe abdominal pain,keyword,high
Very high fever,61,male,0,103.7,80,98,122,,High fever (>102°F),keyword,high
"Used the puffer twice, still a bit tight",50,male,0,,,,,,Asthma attack (mild),paraphrase,medium
Having pulsating headache with nausea since morning suddenly,36,female,0,,,,,8,Severe migraine/headache,paraphrase,high
"Fever shivering , mild cough",28,female,0,,,,,,High fever (>102°F),keyword,high
Patient complains of fell off a ladder from the second floor since an hour,30,female,0,98.0,102,97,134,8,Major trauma,paraphrase,critical
Chesty cough for a week,42,male,0,,,,,3,Chest infection,paraphrase,medium
"Fracture from evening, body pains",82,male,0,,,,,,Fracture,keyword,high
Patient complains of head is pounding and light hurts the eyes suddenly,25,female,0,98.1,97,95,147,,Severe migraine/headache,paraphrase,medium
My neighbour has back ache since last night,92,male,0,99.0,88,98,109,,Back pain,keyword,low
"Skin is itching after using a new soap for three days, not eating well",18,male,0,,,,,,Skin allergy/rash,paraphrase,low
Having backache since an hour,70,female,0,98.6,100,97,122,,Back pain,keyword,low
Lips and eyes swelled up after eating prawns since yesterday and slight headache,51,female,0,,,,,,Severe allergic reaction,paraphrase,critical
Unbearable pain in the lower right side of the tummy,28,female,0,,,,,,Severe abdominal pain,paraphrase,high
"Earache from evening, mild cough",19,female,1,99.1,91,98,138,1,Ear pain,keyword,low
Having diarrhoea since morning,52,male,0,,,,,2,Stomach pain (mild),keyword,low
"Lower back for two days, poor sleep",36,male,0,,,,,,Back pain,keyword,low
Having stomach is rock hard and paining terribly suddenly,24,male,0,,,,,,Severe abdominal pain,paraphrase,high
Having loose stools since morning since morning,49,female,0,98.1,77,99,126,4,Stomach pain (mild),paraphrase,low
Came with runny nose and sneezing since two days since yesterday,58,female,0,98.9,85,97,137,,Cold & cough,paraphrase,low
"Nasal congestion since yesterday, mild cough",35,female,0,99.2,70,95,130,,Cold & cough,keyword,low
Fever touching 104 since yesterday from evening,33,male,0,102.6,90,96,117,,High fever (>102°F),paraphrase,high
Inhaler,11,female,0,98.5,100,96,115,,Asthma attack (mild),keyword,medium
Difficulty swallowing,34,male,0,,,,,5,Sore throat,keyword,low
Came with acute abdomen for one week,53,male,0,98.2,76,95,76,,Severe abdominal pain,keyword,critical
Came with chesty cough for a week since morning,80,male,0,98.8,156,98,133,4,Chest infection,paraphrase,critical
General weakness for two days and a little nausea,24,male,0,,,,,,Unclassified complaint,unclassified,low
Sudden weakness in right arm and leg for three days and not eating well,43,male,0,98.7,34,97,135,6,Stroke signs,paraphrase,critical
Having bp check since last night,64,female,0,98.2,80,97,137,,Routine check-up,keyword,low
Came with ear is aching since morning,37,male,0,98.4,94,99,128,,Ear pain,paraphrase,low
"High fever since morning, no chest pain",10,female,0,104.3,122,97,134,,High fever (>102°F),keyword,high
"Used the puffer twice, still a bit tight from evening",62,male,0,,,,,,Asthma attack (mild),paraphrase,medium
Having severe bleeding for three days,37,female,0,97.6,71,93,120,,Severe bleeding,keyword,critical
Earache from evening and poor sleep,9,female,0,98.0,81,94,114,,Ear pain,keyword,low
Patient complains of chest infection for three days,67,female,0,98.6,82,98,103,,Chest infection,keyword,medium
Itching,54,male,0,,,,,,Skin allergy/rash,keyword,low
Fever touching 104 since yesterday since yesterday and mild cough,34,female,0,,,,,10,High fever (>102°F),paraphrase,high
Having cough with yellow sputum and fever for one week,19,male,0,98.7,82,96,84,,Chest infection,paraphrase,critical
Throat is raw since yesterday,75,female,0,,,,,1,Sore throat,paraphrase,low
"Not feeling well since two days for two days, poor sleep",29,male,0,98.1,88,98,132,1,Unclassified complaint,unclassified,low
Dislocated shoulder,39,male,0,99.2,74,96,117,9,Fracture,keyword,high
Cold from evening,46,female,0,,,,,,Cold & cough,keyword,low
"Burning in the stomach after spicy food from evening and mild cough, no bleeding",42,male,0,99.2,93,97,151,1,Stomach pain (mild),paraphrase,low
Having chesty cough for a week suddenly,64,female,0,99.8,76,98,157,,Chest infection,paraphrase,medium
Bronchitis from evening,26,female,0,,,,,6,Chest infection,keyword,medium
Low grade temperature and body pains,23,female,0,,,,,,Mild fever,paraphrase,low
My father has face drooping suddenly,32,male,0,,,,,,Stroke signs,keyword,critical
"Mild ache in the tummy after food, no vomiting",49,male,0,,,,,2,Stomach pain (mild),paraphrase,low
Skin is itching after using a new soap for two days and body pains,44,male,0,98.8,82,97,118,,Skin allergy/rash,paraphrase,low
Patient complains of cold since yesterday,72,male,0,,,,,,Cold & cough,keyword,low
Having throat irritation and cold for one week,62,female,0,,,,,2,Cold & cough,paraphrase,low
Bp check from evening and feeling tired,68,male,0,,,,,3,Routine check-up,keyword,low
"Continuous vomiting for two days, slight headache",61,female,0,98.8,84,86,140,,Persistent vomiting,keyword,critical
Broken ankle since yesterday and body pains,46,male,0,98.2,82,99,142,6,Fracture,keyword,high
Having difficulty swallowing since an hour,41,male,0,98.1,83,98,131,,Sore throat,keyword,low
Red spots on the arms that itch since last night and poor sleep,69,male,0,99.0,83,96,128,,Skin allergy/rash,paraphrase,low
Came with need a fitness certificate for two days,53,male,0,,,,,,Routine check-up,paraphrase,low
Having jerking movements and foam from mouth since an hour,60,female,0,98.6,78,97,131,10,Seizure,paraphrase,critical
Eczema since morning and slight headache,21,male,0,,,,,4,Skin allergy/rash,keyword,low
"Having slightly warm body and tired from evening, no breathing difficulty",88,female,0,100.1,76,97,147,,Mild fever,paraphrase,low
Earache,9,female,0,97.7,67,98,140,,Ear pain,keyword,low
Having throwing up everything I eat since yesterday,54,male,0,,,,,,Persistent vomiting,paraphrase,medium
"Check up , body pains",46,female,0,,,,,4,Routine check-up,keyword,low
Cannot breathe suddenly and feeling tired,48,male,0,,,,,7,Breathing difficulty,keyword,critical
Stomach ache,71,male,0,,,,,,Stomach pain (mild),keyword,low
Blocked nose and mild cough and mild cough,40,female,0,96.4,96,96,90,5,Cold & cough,paraphrase,low
"Chesty cough for a week since yesterday, a little nausea",4,male,0,98.5,106,97,109,,Chest infection,paraphrase,medium
Pain in the lower spine after lifting,64,male,0,98.8,108,98,114,,Back pain,paraphrase,low
"Back is aching while bending since yesterday, a little nausea",33,female,0,98.5,90,97,119,4,Back pain,paraphrase,low
My daughter has bike crash on the highway for three days,22,male,0,,,,,,Major trauma,paraphrase,critical
Came with throwing up everything I eat since yesterday for one week,21,male,0,,,,,,Persistent vomiting,paraphrase,medium
My son has throwing up everything I eat since yesterday since last night,37,female,0,,,,,,Persistent vomiting,paraphrase,medium
Worst head pain of my life since morning and poor sleep,33,male,0,98.4,76,96,149,7,Severe migraine/headache,paraphrase,medium
"Sneezing for one week, no bleeding",43,male,0,,,,,,Cold & cough,keyword,low
Patient complains of pain in my ear for one week,57,male,0,,,,,5,Ear pain,keyword,low
Pain in the lower spine after lifting,50,female,0,99.5,88,97,134,2,Back pain,paraphrase,low
Vomiting many times for two days,52,male,0,100.0,74,96,119,,Persistent vomiting,keyword,medium
Blocked nose for one week and a little nausea,24,male,0,,,,,,Cold & cough,keyword,low
"Vomiting diarrhea for three days, poor sleep, not unconscious",31,male,0,97.3,78,95,91,,Persistent vomiting,keyword,medium
Mild wheeze after climbing stairs,23,male,0,99.0,82,96,102,,Asthma attack (mild),paraphrase,medium
Having mild ache in the tummy after food since morning,39,female,0,,,,,,Stomach pain (mild),paraphrase,low
Arm looks deformed after falling from the bike suddenly,60,female,0,97.7,77,96,141,9,Fracture,paraphrase,high
My husband has throwing up everything I eat since yesterday suddenly,50,male,0,,,,,,Persistent vomiting,paraphrase,medium
"Medical certificate from evening, body pains",46,male,0,97.6,73,97,159,,Routine check-up,keyword,low
"Used the puffer twice, still a bit tight from evening and mild cough",25,male,0,98.3,83,96,99,,Asthma attack (mild),paraphrase,medium
Having severe headache since morning,62,male,0,,,,,,Severe migraine/headache,keyword,medium
Came with very hot to touch and rigors at night since last night,45,female,0,103.5,74,98,119,,High fever (>102°F),paraphrase,high
Throat is raw since yesterday,76,male,0,,,,,,Sore throat,paraphrase,low
My mother has pain in the leg muscles suddenly,68,female,0,97.8,98,94,104,,Unclassified complaint,unclassified,low
"Cough bringing up green mucus for one week, mild cough, no breathing difficulty",42,female,0,98.8,85,98,127,,Chest infection,paraphrase,medium
Vomiting diarrhoea from evening and mild cough,40,female,0,98.7,87,100,122,6,Persistent vomiting,keyword,medium
Ear is aching,7,female,0,,,,,,Ear pain,paraphrase,low
Having bone is bent after the fall,42,male,0,97.3,93,98,116,6,Fracture,paraphrase,high
Pain in the lower spine after lifting,75,female,0,98.2,88,97,115,,Back pain,paraphrase,low
Having face puffed up and breathing noisy after an injection from evening,54,female,0,,,,,8,Severe allergic reaction,paraphrase,critical
Head is pounding and light hurts the eyes,48,male,0,,,,,,Severe migraine/headache,paraphrase,medium
Came with hives all over and voice became hoarse since morning,53,female,0,,,,,9,Severe allergic reaction,paraphrase,critical
Came with burning with fever since an hour,15,female,0,,,,,,High fever (>102°F),keyword,high
Patient complains of can't stop vomiting for one week,43,female,0,97.8,65,96,128,,Persistent vomiting,keyword,medium
"General weakness since last night, slight headache",22,female,0,97.9,81,98,121,,Unclassified complaint,unclassified,low
Having chesty cough for a week from evening,56,male,0,99.2,83,98,100,,Chest infection,paraphrase,medium
Fever shivering since yesterday and feeling tired,29,male,0,104.3,78,96,142,,High fever (>102°F),keyword,high
"General weakness since morning, not eating well",38,female,0,98.3,91,97,122,5,Unclassified complaint,unclassified,low
Rolling on the floor with belly pain for three days,57,male,0,,,,,,Severe abdominal pain,paraphrase,high
My neighbour has pain inside the ear and blocked feeling for one week,92,male,0,98.7,111,96,131,,Ear pain,paraphrase,medium
Patient complains of feeling feverish since evening since yesterday,36,female,0,100.0,76,98,162,1,Mild fever,paraphrase,low
Fitting,35,female,0,97.6,76,98,111,10,Seizure,keyword,critical
Patient complains of throbbing pain on one side of the head with vomiting since morning,33,female,0,,,,,4,Severe migraine/headache,paraphrase,medium
Came with cannot keep even water down since last night,36,female,0,,,,,7,Persistent vomiting,paraphrase,medium
Patient complains of slightly warm body and tired since morning,10,male,0,100.2,73,97,111,,Mild fever,paraphrase,low
"Pain inside the ear and blocked feeling from evening, body pains, no vomiting",49,male,0,99.4,88,96,110,5,Ear pain,paraphrase,low
Came with sleep problems since last night,69,male,0,99.5,88,98,139,,Unclassified complaint,unclassified,low
Back is aching while bending since morning and slight headache,37,male,0,98.5,92,98,129,,Back pain,paraphrase,low
"Cough with yellow sputum and fever for two days and feeling tired, not unconscious",22,female,0,99.0,80,85,117,8,Chest infection,paraphrase,critical
"Allergy from evening, mild cough",56,male,0,98.1,92,98,118,,Skin allergy/rash,keyword,low
Haemorrhage,29,female,0,98.9,100,88,141,,Severe bleeding,keyword,critical
Cannot breathe and a little nausea,42,female,0,97.5,88,98,120,,Breathing difficulty,keyword,critical
Patient complains of pain while swallowing food from evening,42,male,0,,,,,,Sore throat,paraphrase,low
Patient complains of upset stomach and gas,23,male,0,98.8,101,97,118,3,Stomach pain (mild),paraphrase,low
Pulsating headache with nausea since morning,44,male,0,,,,,4,Severe migraine/headache,paraphrase,medium
Wheezing,35,male,0,,,,,,Asthma attack (mild),keyword,medium
Came with stomach paining a lot since morning,60,female,0,99.2,74,96,112,6,Severe abdominal pain,keyword,high
Nasal congestion,28,female,0,98.4,86,97,137,,Cold & cough,keyword,low
My mother has temperature 103 with chills for three days,40,female,0,103.3,83,96,123,5,High fever (>102°F),paraphrase,high
Mild wheeze after climbing stairs,39,female,0,98.5,100,82,109,4,Asthma attack (mild),paraphrase,critical
My son has check-up since morning,57,female,0,98.7,82,96,129,,Routine check-up,keyword,low
Blocked nose and a little nausea,62,female,0,99.1,91,97,133,,Cold & cough,keyword,low
Ear is aching,11,female,0,,,,,,Ear pain,paraphrase,low
Having belly pain for three days,67,male,0,98.9,83,100,116,,Stomach pain (mild),keyword,low
Checkup for two days,22,male,0,100.2,100,98,123,5,Routine check-up,keyword,low
"Pulsating headache with nausea since morning since an hour, feeling tired",61,male,0,,,,,5,Severe migraine/headache,paraphrase,medium
Patient complains of severe head pain,76,male,0,99.7,88,97,106,4,Severe migraine/headache,keyword,medium
Unbearable pain in the lower right side of the tummy from evening,32,male,0,,,,,6,Severe abdominal pain,paraphrase,high
Came with vomited ten times since morning since morning,23,female,0,98.2,80,98,74,,Persistent vomiting,paraphrase,critical
Loss of appetite since an hour,66,male,0,98.1,102,97,131,,Unclassified complaint,unclassified,low
Sore throat,40,male,0,97.9,77,96,153,,Sore throat,keyword,low
My husband has ate some unknown seeds and is drowsy for one week,36,female,0,,,,,,Poisoning / bite / overdose,paraphrase,critical
Broken leg for two days and feeling tired,6,female,0,99.5,79,96,138,,Fracture,keyword,high
Patient complains of pain in the lower spine after lifting since last night,45,male,0,99.0,124,96,117,1,Back pain,paraphrase,medium
"Patient complains of air hunger, cannot talk in full sentences for three days",55,female,0,,,,,,Breathing difficulty,paraphrase,critical
Having worst head pain of my life from evening,44,male,0,97.9,79,95,88,3,Severe migraine/headache,paraphrase,critical
Throat swelling and a little nausea,69,female,0,98.4,43,96,106,6,Severe allergic reaction,keyword,critical
"Used the puffer twice, still a bit tight",43,female,0,,,,,,Asthma attack (mild),paraphrase,medium
Patient complains of hit by a lorry since morning,39,male,0,98.3,87,97,149,7,Major trauma,paraphrase,critical
Came with cough with sputum for two days,49,female,0,,,,,,Chest infection,keyword,medium
Came with broken ankle for three days,17,male,0,99.0,77,96,121,,Fracture,keyword,high
Severe head pain for three days,11,female,0,98.7,78,100,137,8,Severe migraine/headache,keyword,medium
My son has bp check since yesterday,40,female,0,98.0,97,96,123,4,Routine check-up,keyword,low
Patient complains of scratchy throat and painful to swallow for one week,17,male,0,,,,,1,Sore throat,paraphrase,low
Cough bringing up green mucus for two days,66,male,0,,,,,,Chest infection,paraphrase,medium
My husband has speech became unclear suddenly since last night,52,female,0,98.8,75,95,132,,Stroke signs,paraphrase,critical
Came with deep cut on the leg bleeding non stop for one week,52,male,0,99.8,93,89,123,,Severe bleeding,paraphrase,critical
Not waking up and feeling tired,31,male,0,99.1,130,98,134,,Unconscious / collapsed,keyword,critical
"Came with heard a crack in the wrist and it is swollen since an hour, no vomiting",34,female,0,,,,,,Fracture,paraphrase,high
Follow up visit for blood pressure since last night,40,male,0,98.6,96,99,129,,Routine check-up,paraphrase,low
Having arm looks deformed after falling from the bike since morning,31,male,0,97.9,72,97,148,6,Fracture,paraphrase,high
"Blood is gushing from the cut since yesterday, feeling tired",64,male,0,99.0,35,98,143,,Severe bleeding,paraphrase,critical
My daughter has review visit since yesterday,85,female,0,98.1,85,99,113,,Routine check-up,keyword,low
Backache,49,female,0,98.2,86,97,142,5,Back pain,keyword,low
Mild wheeze after climbing stairs since morning and mild cough,23,male,0,98.0,88,98,125,5,Asthma attack (mild),paraphrase,medium
Having loose stools since morning,39,male,0,,,,,,Stomach pain (mild),paraphrase,low
Patient complains of temperature 103 with chills for three days,54,female,0,102.6,69,99,133,,High fever (>102°F),paraphrase,high
Having burning with fever since an hour,23,female,0,,,,,10,High fever (>102°F),keyword,high
Patient complains of snakebite for two days,25,female,0,99.2,76,99,136,7,Poisoning / bite / overdose,keyword,critical
"Indigestion since yesterday, poor sleep",39,female,0,99.7,101,95,134,,Stomach pain (mild),keyword,low
Cannot keep even water down since last night and not eating well,17,female,0,,,,,4,Persistent vomiting,paraphrase,medium
Having lower back since last night,46,female,0,97.2,65,97,130,,Back pain,keyword,low
Came with cannot put weight on the ankle after twisting it from evening,80,male,0,99.1,74,98,124,,Fracture,paraphrase,high
Inhaler,67,male,0,,,,,,Asthma attack (mild),keyword,medium
Can't stop vomiting since an hour and poor sleep,92,male,0,,,,,3,Persistent vomiting,keyword,medium
Spine pain suddenly and poor sleep,26,female,0,99.3,83,96,147,3,Back pain,keyword,low
Came with had a fit and bit the tongue for two days,36,female,0,,,,,,Seizure,paraphrase,critical
Patient complains of throat irritation and cold suddenly,87,male,0,,,,,3,Cold & cough,paraphrase,low
Came with chesty cough for a week since morning,38,male,0,98.9,86,98,140,,Chest infection,paraphrase,medium
Having chesty cough for a week since morning,63,female,0,98.9,77,97,134,,Chest infection,paraphrase,medium
Patient complains of earache from evening,35,male,0,,,,,,Ear pain,keyword,low
"Eczema suddenly, feeling tired",54,female,0,,,,,1,Skin allergy/rash,keyword,low
Stomach is rock hard and paining terribly since last night,30,female,0,,,,,6,Severe abdominal pain,paraphrase,high
Body ache,30,female,0,101.4,78,96,148,,Mild fever,keyword,low
Backache since an hour and feeling tired,79,female,0,98.6,93,95,117,,Back pain,keyword,low
My son has spine pain since morning,45,female,0,98.5,79,99,129,3,Back pain,keyword,low
"Inhaler since yesterday, a little nausea",25,female,0,100.1,89,97,109,,Asthma attack (mild),keyword,medium
Chesty cough for a week,62,male,0,98.7,72,97,119,5,Chest infection,paraphrase,medium
"Came with cannot lift left hand since morning, words coming out wrong since last night, no breathing difficulty",76,female,0,98.1,89,96,203,,Stroke signs,paraphrase,critical
Black tarry stools and feeling faint for three days,7,male,0,99.3,81,98,109,8,Severe bleeding,paraphrase,critical
Patient complains of head is pounding and light hurts the eyes since yesterday,5,female,0,99.3,68,98,148,,Severe migraine/headache,paraphrase,medium
Patient complains of major burn for three days,25,male,0,98.2,32,98,130,,Severe burns / electric shock,keyword,critical
Chesty cough for a week since morning and slight headache,41,female,0,99.0,78,97,121,,Chest infection,paraphrase,medium
Broken bone since last night,77,male,0,,,,,,Fracture,keyword,high
Arm looks deformed after falling from the bike for three days and body pains,34,female,0,98.5,71,98,110,,Fracture,paraphrase,high
"My grandmother has throwing up everything I eat since yesterday for three days, not unconscious",46,male,0,98.4,93,99,119,,Persistent vomiting,paraphrase,medium
Having throwing up everything I eat since yesterday since yesterday,73,male,0,,,,,,Persistent vomiting,paraphrase,medium
Accident,23,male,0,99.2,97,89,134,,Major trauma,keyword,critical
Patient complains of very hot to touch and rigors at night for one week,63,male,0,,,,,8,High fever (>102°F),paraphrase,high
Feeling feverish since evening since morning,37,male,0,100.7,89,96,148,,Mild fever,paraphrase,low
My neighbour has eyes rolled up and became limp since last night,48,female,0,99.2,90,98,82,,Unconscious / collapsed,paraphrase,critical
"Need to collect my monthly medicines since yesterday, poor sleep",56,female,0,,,,,,Routine check-up,paraphrase,low
"My wife has cannot lift left hand since morning, words coming out wrong",49,male,0,98.3,34,96,102,7,Stroke signs,paraphrase,critical
Red spots on the arms that itch since last night and feeling tired,67,male,0,,,,,,Skin allergy/rash,paraphrase,low
Patient complains of runny nose from evening,18,male,0,99.8,88,97,115,1,Cold & cough,keyword,low
Review visit for three days,14,female,0,98.2,94,97,162,,Routine check-up,keyword,low
"Face drooping since morning, slight headache",15,female,0,97.0,82,97,121,,Stroke signs,keyword,critical
"Came with prescription from evening, no fever",7,male,0,,,,,5,Routine check-up,keyword,low
Came with tummy pain,46,female,0,99.1,84,98,112,3,Stomach pain (mild),keyword,low
My daughter has child pulling at the ear and crying since yesterday,12,female,0,98.6,88,95,144,3,Ear pain,paraphrase,low
"Unbearable pain in the lower right side of the tummy since yesterday, not eating well",28,female,0,97.9,87,95,100,10,Severe abdominal pain,paraphrase,high
"Hives all over and voice became hoarse since an hour, mild cough, no breathing difficulty",48,female,0,,,,,,Severe allergic reaction,paraphrase,critical
"My grandmother has sudden loss of balance and blurred vision since last night, no breathing difficulty",31,male,0,,,,,,Stroke signs,paraphrase,critical
My son has ear is aching since morning,5,female,0,98.4,81,96,147,,Ear pain,paraphrase,low
"Kaichal since yesterday, mild cough",34,female,0,101.3,87,96,132,,Mild fever,keyword,low
"Burning in the stomach after spicy food, no chest pain",41,female,0,,,,,5,Stomach pain (mild),paraphrase,low
Suicide attempt,34,male,0,98.3,99,92,115,,Poisoning / bite / overdose,keyword,critical
Having severe abdomen since morning,54,female,0,,,,,,Severe abdominal pain,keyword,high
Having feeling tired and weak for three days,53,female,0,,,,,,Unclassified complaint,unclassified,low
"My neighbour has burning in the stomach after spicy food for three days, no breathing difficulty",6,male,0,,,,,,Stomach pain (mild),paraphrase,low
"Pain in the lower spine after lifting suddenly, mild cough",60,male,0,,,,,,Back pain,paraphrase,low
Patient complains of throat irritation and cold since yesterday,40,male,0,99.3,90,98,99,,Cold & cough,paraphrase,low
Came with inhaler,53,male,0,98.1,104,96,98,7,Asthma attack (mild),keyword,medium
"Having collapsed from evening, no vomiting",38,female,0,98.0,79,99,109,9,Unconscious / collapsed,keyword,critical
Pain in the leg muscles since morning and slight headache,27,male,0,,,,,,Unclassified complaint,unclassified,low
"Pulsating headache with nausea since morning from evening, a little nausea",33,male,0,,,,,,Severe migraine/headache,paraphrase,medium
Having wheezing since an hour,8,female,0,,,,,,Asthma attack (mild),keyword,medium
Head injury suddenly and mild cough,45,male,0,,,,,,Major trauma,keyword,critical
"Jerking movements and foam from mouth since morning, slight headache",54,male,0,98.1,48,98,132,,Seizure,paraphrase,critical
Fever shivering,64,female,0,103.4,75,97,107,7,High fever (>102°F),keyword,high
Came for regular sugar test since last night and feeling tired,55,female,0,,,,,,Routine check-up,paraphrase,low
Dehydrated and mild cough,1,male,0,98.9,88,85,131,,Persistent vomiting,keyword,critical
"Heard a crack in the wrist and it is swollen since morning, feeling tired",17,male,0,98.6,85,97,130,,Fracture,paraphrase,high
Came with severe abdomen since yesterday,28,male,0,,,,,,Severe abdominal pain,keyword,high
Mild wheeze after climbing stairs from evening and mild cough,45,male,0,99.9,85,96,127,,Asthma attack (mild),paraphrase,medium
Head is pounding and light hurts the eyes suddenly and slight headache,49,female,0,,,,,5,Severe migraine/headache,paraphrase,medium
Having throbbing pain on one side of the head with vomiting from evening,68,male,0,98.7,79,98,121,5,Severe migraine/headache,paraphrase,medium
Came with burning hot body and shivering since two days from evening,52,male,0,,,,,,High fever (>102°F),paraphrase,high
Having chest congestion since last night,64,male,0,97.5,89,98,110,,Chest infection,keyword,medium
Having blood in sputum for one week,52,male,0,99.6,46,99,133,8,Severe bleeding,keyword,critical
Itching since last night,32,female,0,,,,,,Skin allergy/rash,keyword,low
Allergy,26,female,0,98.5,95,94,141,,Skin allergy/rash,keyword,low
Prescription since an hour,53,female,0,98.6,74,96,107,,Routine check-up,keyword,low
Child pulling at the ear and crying since yesterday and poor sleep,7,female,0,98.8,75,98,127,,Ear pain,paraphrase,low
Came with lower back suddenly,56,female,0,98.6,96,97,113,2,Back pain,keyword,low
Came with chesty cough for a week since yesterday,19,female,0,97.9,75,97,152,,Chest infection,paraphrase,medium
Head is pounding and light hurts the eyes since morning,25,female,0,97.6,71,97,136,,Severe migraine/headache,paraphrase,medium
Having throat irritation and cold suddenly,23,male,0,,,,,1,Cold & cough,paraphrase,low
Badly burned for two days and not eating well,38,female,0,98.5,79,98,110,,Severe burns / electric shock,keyword,critical
Came with stomach pain for one week,52,male,0,,,,,4,Stomach pain (mild),keyword,low
"Chesty cough for a week suddenly, poor sleep",39,female,0,,,,,5,Chest infection,paraphrase,medium
Having cannot keep even water down suddenly,46,female,0,97.6,92,98,116,6,Persistent vomiting,paraphrase,medium
Acute abdomen from evening,62,male,0,,,,,,Severe abdominal pain,keyword,high
"Patient complains of wheezing from evening, not unconscious",36,female,0,98.6,82,98,112,,Asthma attack (mild),keyword,medium
Having found lying on the floor not answering for two days,16,male,0,98.7,97,86,131,9,Unconscious / collapsed,paraphrase,critical
Stomachache,64,female,0,,,,,,Stomach pain (mild),keyword,low
Itchy since an hour and slight headache,15,female,0,99.5,87,97,107,4,Skin allergy/rash,keyword,low
Came with throat closing after a bee sting since yesterday,26,female,0,97.5,105,97,122,,Severe allergic reaction,paraphrase,critical
Loose motion,56,female,0,,,,,1,Stomach pain (mild),keyword,low
Came with temperature since an hour,17,male,0,99.5,70,97,141,,Mild fever,keyword,low
My grandmother has pain in ear since yesterday,8,male,0,99.2,89,99,101,1,Ear pain,keyword,low
Need to collect my monthly medicines for two days,41,male,0,98.7,81,95,129,1,Routine check-up,paraphrase,low
"Rolling on the floor with belly pain suddenly, a little nausea, no chest pain",57,male,0,99.4,82,97,123,7,Severe abdominal pain,paraphrase,high
Patient complains of haemorrhage from evening,56,female,0,98.3,85,97,120,,Severe bleeding,keyword,critical
My wife has dislocated shoulder since morning,14,female,0,,,,,10,Fracture,keyword,high
Itching for two days,5,male,0,,,,,,Skin allergy/rash,keyword,low
Blocked nose,46,female,0,98.3,87,97,143,,Cold & cough,keyword,low
Came with pain in chest since morning,75,male,0,100.0,47,97,133,6,Chest pain / suspected heart attack,keyword,critical
Having skin allergy since an hour,55,male,0,,,,,4,Skin allergy/rash,keyword,low
Came with splitting headache,28,female,0,97.7,85,97,115,4,Severe migraine/headache,keyword,medium
Patient complains of belly pain for two days,66,male,0,,,,,,Stomach pain (mild),keyword,low
"Cant breathe from evening, mild cough",55,female,0,,,,,8,Breathing difficulty,keyword,critical
Hit head for two days,24,male,0,,,,,7,Major trauma,keyword,critical
Child pulling at the ear and crying suddenly and not eating well,11,male,0,99.3,75,98,122,,Ear pain,paraphrase,low
Ear infection,47,male,0,100.0,83,98,122,,Ear pain,keyword,low
Bronchitis suddenly and poor sleep,50,male,0,98.0,80,98,123,4,Chest infection,keyword,medium
Inhaler,50,male,0,,,,,,Asthma attack (mild),keyword,medium
"Came with pain in the leg muscles for two days, no breathing difficulty",16,female,0,,,,,4,Unclassified complaint,unclassified,low
My son has pain in ear for two days,9,female,0,98.3,83,95,119,,Ear pain,keyword,low
Fever for three days and poor sleep,36,female,0,,,,,5,Mild fever,keyword,low
Unbearable pain in the lower right side of the tummy for one week and body pains,9,male,0,,,,,,Severe abdominal pain,paraphrase,high
Allergy since last night and poor sleep,54,female,0,99.9,86,95,102,,Skin allergy/rash,keyword,low
Having whole body was shaking and jerking since last night,54,female,0,98.0,42,96,108,,Seizure,paraphrase,critical
Patient complains of bone is bent after the fall suddenly,78,male,0,,,,,,Fracture,paraphrase,high
My son has back pain since morning,30,male,0,,,,,,Back pain,keyword,low
Mild wheeze after climbing stairs since last night,40,female,0,,,,,,Asthma attack (mild),paraphrase,medium
Broken leg suddenly,24,female,0,,,,,,Fracture,keyword,high
Having pneumonia for one week,38,female,0,98.8,87,96,117,,Chest infection,keyword,medium
Came with feeling feverish since evening for two days,24,female,0,99.7,84,97,111,,Mild fever,paraphrase,low
My neighbour has pain inside the ear and blocked feeling for one week,44,male,0,97.7,95,98,123,,Ear pain,paraphrase,low
Patient complains of acute abdomen for two days,27,female,0,98.3,85,96,114,,Severe abdominal pain,keyword,high
Having back ache for one week,18,female,0,98.5,81,97,122,4,Back pain,keyword,low
Asthma for two days,42,male,0,97.9,89,97,128,,Asthma attack (mild),keyword,medium
"Came with arm looks deformed after falling from the bike since morning, no bleeding",53,male,0,,,,,,Fracture,paraphrase,high
Abdomen pain,30,male,0,98.7,90,97,134,,Stomach pain (mild),keyword,low
Having inhaler for three days,36,female,0,,,,,,Asthma attack (mild),keyword,medium
Fever touching 104 since yesterday,65,male,0,104.4,39,95,125,5,High fever (>102°F),paraphrase,critical
My husband has acidity from evening,65,male,0,,,,,3,Stomach pain (mild),keyword,low
Hives since morning,37,male,0,98.5,90,98,132,2,Skin allergy/rash,keyword,low
Chest tight and whistling sound when breathing since an hour,54,female,0,,,,,5,Asthma attack (mild),paraphrase,medium
Came with chesty cough for a week for three days,22,male,0,98.1,74,98,127,8,Chest infection,paraphrase,medium
Patient complains of cannot keep even water down since yesterday,70,male,0,98.6,93,95,101,8,Persistent vomiting,paraphrase,medium
Having cough with yellow sputum and fever since morning,39,female,0,,,,,,Chest infection,paraphrase,high
Heart is hurting badly for three days,37,female,0,,,,,10,Chest pain / suspected heart attack,paraphrase,critical
Heard a crack in the wrist and it is swollen for one week and body pains,40,female,1,,,,,,Fracture,paraphrase,high
Patient complains of acidity since morning,38,male,0,98.7,76,97,129,,Stomach pain (mild),keyword,low
Feels like suffocating,40,female,1,,,,,,Breathing difficulty,paraphrase,critical
"Broken ankle from evening, feeling tired, no breathing difficulty",55,female,0,97.9,81,98,121,,Fracture,keyword,high
Came with pulsating headache with nausea since morning for three days,46,female,0,99.2,86,99,129,7,Severe migraine/headache,paraphrase,medium
Came with acidity for two days,75,male,0,,,,,,Stomach pain (mild),keyword,low
Low grade temperature and body pains for one week and not eating well,47,male,0,100.4,84,97,148,,Mild fever,paraphrase,low
Cannot put weight on the ankle after twisting it,13,male,0,,,,,7,Fracture,paraphrase,high
Pneumonia for two days and slight headache,44,female,0,97.2,88,95,141,,Chest infection,keyword,medium
My daughter has vomited ten times since morning,64,female,0,98.4,83,97,114,,Persistent vomiting,paraphrase,medium
Came with blocked nose and mild cough suddenly,13,male,0,99.0,73,96,125,,Cold & cough,paraphrase,low
Stiff back since morning,62,female,0,99.9,82,99,122,4,Back pain,paraphrase,low
Having ear ache since yesterday,7,male,0,,,,,4,Ear pain,keyword,low
Came with cannot move my leg for three days,68,female,0,98.4,80,97,154,8,Fracture,keyword,high
"Burning in the stomach after spicy food for one week, no vomiting",31,male,0,,,,,,Stomach pain (mild),paraphrase,low
My daughter has vomited ten times since morning since last night,53,female,0,98.5,89,99,129,3,Persistent vomiting,paraphrase,high
Allergy since an hour,58,female,0,99.4,80,95,130,,Skin allergy/rash,keyword,low
Having heard a crack in the wrist and it is swollen for two days,36,male,0,97.9,81,97,113,,Fracture,paraphrase,high
Patient complains of difficulty swallowing since an hour,43,female,0,97.1,96,98,129,,Sore throat,keyword,low
My mother has cannot put weight on the ankle after twisting it since last night,34,male,0,99.2,91,97,120,8,Fracture,paraphrase,high
Skin is itching after using a new soap,19,female,0,97.8,71,96,136,4,Skin allergy/rash,paraphrase,low
Bone broke,75,male,0,,,,,,Fracture,keyword,high
Patient complains of chesty cough for a week since yesterday,57,female,0,99.4,87,96,132,8,Chest infection,paraphrase,medium
Patient complains of cough bringing up green mucus for one week,15,female,0,98.6,86,96,119,6,Chest infection,paraphrase,medium
Severe headache since last night and mild cough,20,female,0,97.8,98,96,133,4,Severe migraine/headache,keyword,medium
Cold since last night,14,female,0,97.9,65,96,132,3,Cold & cough,keyword,low
Not feeling well since two days since morning,72,female,0,,,,,,Unclassified complaint,unclassified,low
Patient complains of burning with fever since yesterday,37,male,0,,,,,,High fever (>102°F),keyword,high
My wife has need a fitness certificate for one week,58,female,0,,,,,,Routine check-up,paraphrase,low
"Appendicitis for three days, not eating well",42,female,0,99.0,75,98,110,10,Severe abdominal pain,keyword,high
Anaphylaxis,49,male,0,,,,,6,Severe allergic reaction,keyword,critical
Arm looks deformed after falling from the bike since last night and body pains,34,male,0,98.9,88,86,102,,Fracture,paraphrase,critical
Came with worst headache,75,male,0,99.0,82,97,140,,Severe migraine/headache,keyword,medium
Wheezing suddenly and poor sleep,52,male,0,98.9,77,99,121,,Asthma attack (mild),keyword,medium
Patient complains of temperature 103 with chills for two days,37,female,0,103.1,94,100,129,10,High fever (>102°F),paraphrase,high
Patient complains of need a fitness certificate for one week,12,female,0,,,,,,Routine check-up,paraphrase,low
Having child drank kerosene by mistake suddenly,28,male,0,97.9,71,97,70,,Poisoning / bite / overdose,paraphrase,critical
Patient complains of pain in my ear since an hour,33,female,0,99.4,98,97,127,1,Ear pain,keyword,low
Sore throat since yesterday and poor sleep,34,female,0,,,,,,Sore throat,keyword,low
Came with low grade temperature and body pains,39,female,0,,,,,,Mild fever,paraphrase,low
"Heart is hurting badly since an hour, not eating well",41,female,0,99.8,96,98,98,6,Chest pain / suspected heart attack,paraphrase,critical
Came with routine suddenly,23,male,0,98.5,79,97,132,,Routine check-up,keyword,medium
"Fever touching 104 since yesterday since an hour, slight headache",51,female,0,103.0,91,97,143,,High fever (>102°F),paraphrase,high
Patient complains of speech became unclear suddenly,50,female,0,97.4,74,99,85,,Stroke signs,paraphrase,critical
Pain in ear suddenly and slight headache,12,female,0,99.1,76,97,120,3,Ear pain,keyword,low
Having red patches on the back since last night,21,male,0,,,,,,Skin allergy/rash,paraphrase,low
Having hives all over and voice became hoarse from evening,26,male,0,99.6,95,97,123,8,Severe allergic reaction,paraphrase,critical
"Ear is aching for three days, no bleeding",88,female,0,,,,,4,Ear pain,paraphrase,low
My grandmother has low grade temperature and body pains from evening,86,female,0,100.5,90,94,111,,Mild fever,paraphrase,low
My mother has vomiting many times since yesterday,61,female,0,98.8,83,98,117,,Persistent vomiting,keyword,medium
My mother has child pulling at the ear and crying since an hour,86,male,0,,,,,4,Ear pain,paraphrase,low
"Came with used the puffer twice, still a bit tight for two days",27,female,0,98.9,73,97,144,4,Asthma attack (mild),paraphrase,medium
Fever shivering,52,female,0,102.6,104,96,144,,High fever (>102°F),keyword,high
"Came with cannot keep even water down since yesterday, no bleeding",50,female,0,,,,,,Persistent vomiting,paraphrase,medium
"Indigestion since an hour, slight headache, not unconscious",71,male,0,98.3,82,96,116,,Stomach pain (mild),keyword,low
Came with vaccination from evening,44,male,0,99.5,78,97,144,4,Routine check-up,keyword,low
Came with chills for three days,4,male,0,100.5,80,96,137,,Mild fever,keyword,low
"Having pain in the lower spine after lifting since morning, no fever",40,female,0,,,,,,Back pain,paraphrase,low
Having need a fitness certificate from evening,56,male,0,,,,,,Routine check-up,paraphrase,low
"Chesty cough for a week from evening, poor sleep",1,male,0,97.9,73,98,156,,Chest infection,paraphrase,medium
"Throat infection for one week, no vomiting",33,male,0,,,,,,Sore throat,keyword,low
Having head is pounding and light hurts the eyes for three days,70,male,0,,,,,,Severe migraine/headache,paraphrase,medium
Scratchy throat and painful to swallow for three days and a little nausea,58,male,0,99.2,86,97,138,1,Sore throat,paraphrase,low
Patient complains of stomach upset,66,male,0,,,,,2,Stomach pain (mild),keyword,low
"Having continuous vomiting for three days, no chest pain",65,male,0,97.5,97,95,107,,Persistent vomiting,keyword,medium
Came with cannot keep even water down from evening,26,male,0,98.5,61,96,127,,Persistent vomiting,paraphrase,medium
Came with burning in the stomach after spicy food since morning,41,female,1,97.7,66,97,123,2,Stomach pain (mild),paraphrase,high
Mouth twisted to one side suddenly since yesterday and a little nausea,32,female,0,,,,,,Stroke signs,paraphrase,critical
Having unbearable pain in the lower right side of the tummy since morning,35,female,0,99.3,69,98,123,,Severe abdominal pain,paraphrase,high
My father has broken wrist for three days,62,female,0,98.6,87,80,130,8,Fracture,keyword,critical
"Arm looks deformed after falling from the bike for three days, body pains",42,male,0,,,,,5,Fracture,paraphrase,high
My husband has jerking movements and foam from mouth for one week,43,female,0,99.2,138,98,109,,Seizure,paraphrase,critical
Came with very high fever since an hour,74,female,0,,,,,,High fever (>102°F),keyword,high
Came with chest congestion since yesterday,39,male,0,,,,,4,Chest infection,keyword,medium
Having pulsating headache with nausea since morning,16,male,0,,,,,,Severe migraine/headache,paraphrase,medium
Having blocked nose and mild cough for one week,73,male,0,98.4,73,98,104,4,Cold & cough,paraphrase,low
Patient complains of broken ankle since an hour,18,male,0,,,,,6,Fracture,keyword,high
"Kaichal since last night, not unconscious",37,male,0,100.9,92,98,138,,Mild fever,keyword,low
Patient complains of skin is itching after using a new soap suddenly,37,female,0,98.5,95,99,106,,Skin allergy/rash,paraphrase,low
My chest feels heavy and I am sweating for one week,37,female,0,98.4,155,97,122,,Chest pain / suspected heart attack,paraphrase,critical
Having vomiting diarrhoea for three days,48,female,0,,,,,,Persistent vomiting,keyword,medium
Having wheezing since morning,20,female,0,,,,,,Asthma attack (mild),keyword,medium
Sneezing for three days and a little nausea,40,female,0,99.4,93,98,116,,Cold & cough,keyword,low
Gastric since an hour and feeling tired,1,female,0,99.4,88,97,130,,Stomach pain (mild),keyword,low
Throwing up everything I eat since yesterday for one week and poor sleep,34,male,0,99.3,71,97,115,,Persistent vomiting,paraphrase,medium
Patient complains of arm looks deformed after falling from the bike since yesterday,60,male,0,97.1,92,96,121,,Fracture,paraphrase,high
Came with splitting headache,65,male,0,99.6,98,94,124,,Severe migraine/headache,keyword,medium
Patient complains of backache from evening,40,female,0,97.1,80,98,131,,Back pain,keyword,low
Worst headache for two days and poor sleep,75,male,0,,,,,,Severe migraine/headache,keyword,medium
Severe abdominal,24,male,0,99.1,67,97,101,,Severe abdominal pain,keyword,high
"Rat poison since morning, feeling tired",67,female,0,98.3,119,96,88,,Poisoning / bite / overdose,keyword,critical
Having need a fitness certificate for three days,40,female,0,99.4,79,97,131,3,Routine check-up,paraphrase,low
"Skin peeled off after boiling water spilled since morning, body pains",33,female,0,99.1,84,98,124,,Severe burns / electric shock,paraphrase,critical
Spine pain since morning and poor sleep,50,male,0,,,,,4,Back pain,keyword,low
"Patient complains of skin is itching after using a new soap , not unconscious",58,female,0,99.3,79,96,118,1,Skin allergy/rash,paraphrase,low
Tonsillitis from evening,27,male,0,98.8,93,95,111,2,Sore throat,keyword,low
Came with head injury suddenly,31,male,0,,,,,,Major trauma,keyword,critical
My wife has excruciating pain in the abdomen since night suddenly,17,female,0,98.7,85,96,111,,Severe abdominal pain,paraphrase,high
Having throat is raw since yesterday for one week,10,male,0,98.3,78,98,129,,Sore throat,paraphrase,low
My husband has throat irritation and cold since yesterday,35,male,0,97.6,102,98,120,,Cold & cough,paraphrase,low
Having unbearable pain in the lower right side of the tummy since last night,52,male,0,98.9,95,96,139,,Severe abdominal pain,paraphrase,high
Having broken arm since last night,23,female,0,,,,,,Fracture,keyword,high
Came with body ache for three days,28,female,0,100.9,67,96,115,,Mild fever,keyword,low
Diarrhoea since morning and slight headache,52,female,0,,,,,,Stomach pain (mild),keyword,low
Came with throbbing pain on one side of the head with vomiting suddenly,1,male,0,97.7,71,97,111,,Severe migraine/headache,paraphrase,medium
Having passed out from evening,28,female,1,98.8,56,98,122,,Unconscious / collapsed,keyword,critical
"Cannot keep even water down since yesterday, a little nausea",66,male,0,99.6,90,96,139,,Persistent vomiting,paraphrase,medium
"Feeling feverish since evening from evening, poor sleep",56,male,0,,,,,,Mild fever,paraphrase,low
My grandmother has loose stools since morning for two days,12,female,0,,,,,4,Stomach pain (mild),paraphrase,low
Pain in my ear for one week,12,female,0,98.1,82,97,137,,Ear pain,keyword,low
Wheezing since an hour,68,female,0,97.9,85,96,121,7,Asthma attack (mild),keyword,medium
"My wife has blood in cough since morning, no bleeding",58,female,0,100.2,152,98,101,7,Severe bleeding,keyword,critical
Patient complains of fever shivering suddenly,41,male,0,,,,,,High fever (>102°F),keyword,high
Check up since last night and body pains,79,female,0,98.9,81,96,93,,Routine check-up,keyword,low
Throat irritation and cold since yesterday,44,male,0,99.2,70,99,156,4,Cold & cough,paraphrase,low
Stomach is rock hard and paining terribly from evening and not eating well,45,male,0,98.2,65,96,122,10,Severe abdominal pain,paraphrase,high
"Bike crash on the highway since an hour, a little nausea",81,female,0,,,,,,Major trauma,paraphrase,critical
"My husband has throat infection since yesterday, no fever",64,male,0,97.9,81,99,118,5,Sore throat,keyword,low
Cannot put weight on the ankle after twisting it suddenly and mild cough,49,female,0,99.1,69,96,128,,Fracture,paraphrase,high
"Cannot keep even water down since yesterday, slight headache",68,female,0,98.9,82,98,103,,Persistent vomiting,paraphrase,medium
My daughter has cannot put weight on the ankle after twisting it since yesterday,71,female,0,,,,,,Fracture,paraphrase,high
My daughter has temperature 103 with chills for three days,35,female,0,,,,,10,High fever (>102°F),paraphrase,high
Swallowed many sleeping pills,17,male,0,98.7,96,98,121,,Poisoning / bite / overdose,paraphrase,critical
Stomach pain,50,male,0,,,,,,Stomach pain (mild),keyword,low
Came with chest tight and whistling sound when breathing since yesterday,46,male,0,,,,,,Asthma attack (mild),paraphrase,medium
"Chest congestion for one week, a little nausea",53,female,0,99.8,86,98,110,,Chest infection,keyword,medium
Need to collect my monthly medicines suddenly,18,female,0,98.5,73,98,125,2,Routine check-up,paraphrase,low
Patient complains of sneezing from evening,45,male,0,98.3,97,98,98,,Cold & cough,keyword,low
"Severe headache for one week, a little nausea",46,male,0,98.5,69,96,145,,Severe migraine/headache,keyword,medium
Having worst head pain of my life since an hour,67,female,0,98.5,92,96,138,,Severe migraine/headache,paraphrase,medium
Patient complains of ear is aching since morning,2,male,0,100.1,99,95,137,,Ear pain,paraphrase,low
Stomach very severe,24,male,0,98.6,75,98,144,,Severe abdominal pain,keyword,high
Pain while swallowing food,92,male,0,,,,,,Sore throat,paraphrase,low
Difficulty swallowing for two days,43,female,0,98.3,87,94,134,4,Sore throat,keyword,low
Patient complains of blocked nose and mild cough since morning,29,male,0,,,,,,Cold & cough,paraphrase,low
Having bone broke since morning,45,female,0,,,,,,Fracture,keyword,high
Came with severe head pain since morning,21,male,0,,,,,,Severe migraine/headache,keyword,medium
"Came with fever touching 104 since yesterday , not unconscious",88,female,0,,,,,,High fever (>102°F),paraphrase,high
"Diarrhoea for one week, body pains, no fever",41,male,0,,,,,,Stomach pain (mild),keyword,low
Came with hot oil fell on the chest and arms since morning,16,male,0,100.0,90,98,111,,Severe burns / electric shock,paraphrase,critical
"Chest tight and whistling sound when breathing for three days, slight headache",10,female,0,98.5,93,97,152,4,Asthma attack (mild),paraphrase,medium
Came with scratchy throat and painful to swallow for three days,48,female,0,98.3,76,96,128,3,Sore throat,paraphrase,low
My husband has hit by a lorry since yesterday,68,female,0,,,,,6,Major trauma,paraphrase,critical
Having stiff back since morning,49,male,0,97.8,67,96,118,,Back pain,paraphrase,low
My mother has pain while swallowing food since an hour,24,male,0,97.5,73,96,96,,Sore throat,paraphrase,low
Cough bringing up green mucus from evening,33,male,0,98.5,67,98,116,,Chest infection,paraphrase,medium
"Having used the puffer twice, still a bit tight for three days",66,female,0,99.3,64,97,119,,Asthma attack (mild),paraphrase,medium
Came with head is pounding and light hurts the eyes from evening,48,male,0,98.1,77,95,130,,Severe migraine/headache,paraphrase,medium
My father has feeling tired and weak from evening,32,female,0,101.0,76,95,135,,Unclassified complaint,unclassified,low
Child pulling at the ear and crying for three days and body pains,6,male,0,99.6,78,96,109,3,Ear pain,paraphrase,low
Came with intense abdominal since last night,50,male,0,,,,,,Severe abdominal pain,keyword,high
Loose motion,41,male,0,99.2,91,96,97,,Stomach pain (mild),keyword,low
My son has severe tummy,81,male,0,,,,,,Severe abdominal pain,keyword,high
Persistent vomiting since last night and not eating well,49,female,0,,,,,4,Persistent vomiting,keyword,medium
Severe headache since morning,50,male,0,,,,,,Severe migraine/headache,keyword,medium
Red patches on the back from evening and feeling tired,12,female,0,98.3,92,97,112,,Skin allergy/rash,paraphrase,low
Skin is itching after using a new soap,17,female,0,99.5,92,95,116,,Skin allergy/rash,paraphrase,low
Medical certificate since an hour,61,female,0,98.4,90,97,114,,Routine check-up,keyword,low
Cough bringing up green mucus,48,female,0,,,,,,Chest infection,paraphrase,medium
Patient complains of stomach unbearable for two days,57,female,0,97.5,146,98,129,,Severe abdominal pain,keyword,critical
"Need a fitness certificate, no breathing difficulty",11,female,0,98.1,85,96,131,,Routine check-up,paraphrase,low
Dizziness on standing,24,female,0,98.2,99,98,127,,Unclassified complaint,unclassified,low
"Patient complains of pain inside the ear and blocked feeling from evening, no bleeding",2,female,0,,,,,,Ear pain,paraphrase,low
Mild wheeze after climbing stairs for one week and body pains,37,female,1,98.1,72,98,123,5,Asthma attack (mild),paraphrase,medium
Patient complains of unbearable pain in the lower right side of the tummy since yesterday,37,female,0,,,,,,Severe abdominal pain,paraphrase,high
Fracture suddenly and feeling tired,18,female,0,,,,,5,Fracture,keyword,critical
My husband has need to collect my monthly medicines since morning,29,male,0,97.9,80,98,135,,Routine check-up,paraphrase,low
Throat is raw since yesterday,15,female,0,99.4,77,97,97,5,Sore throat,paraphrase,low
"Low grade temperature and body pains for one week, no vomiting",26,male,0,100.3,73,95,139,,Mild fever,paraphrase,low
Sugar check since morning,44,male,0,,,,,,Routine check-up,keyword,low
Having stomach is rock hard and paining terribly for three days,45,male,0,97.5,72,98,129,,Severe abdominal pain,paraphrase,high
"Runny nose and sneezing since two days since morning, body pains",27,male,0,98.1,85,98,128,5,Cold & cough,paraphrase,low
Bone is bent after the fall since morning and poor sleep,46,male,0,,,,,8,Fracture,paraphrase,high
Stomach pain for three days,21,female,0,99.3,105,98,119,,Stomach pain (mild),keyword,low
Stabbed,60,male,0,98.6,68,99,93,,Major trauma,keyword,critical
Stiff back since morning,53,female,0,,,,,,Back pain,paraphrase,low
Having bone is bent after the fall suddenly,66,male,0,98.3,85,97,123,10,Fracture,paraphrase,high
"Need a fitness certificate since an hour and mild cough, not unconscious",45,female,0,98.8,96,97,75,,Routine check-up,paraphrase,critical
Mild wheeze after climbing stairs since last night and slight headache,61,female,0,,,,,7,Asthma attack (mild),paraphrase,medium
Unbearable pain in the lower right side of the tummy for one week,42,female,0,,,,,,Severe abdominal pain,paraphrase,high
"Patient complains of excruciating pain in the abdomen since night for one week, no breathing difficulty",23,male,0,97.6,84,96,111,9,Severe abdominal pain,paraphrase,high
Red patches on the back,37,female,0,98.3,77,97,134,,Skin allergy/rash,paraphrase,low
"Having head is pounding and light hurts the eyes for three days, no breathing difficulty",44,male,0,98.4,88,96,121,,Severe migraine/headache,paraphrase,medium
Patient complains of heard a crack in the wrist and it is swollen,24,female,0,,,,,6,Fracture,paraphrase,high
Ear pain suddenly and slight headache,1,male,0,,,,,,Ear pain,keyword,low
Fever touching 104 since yesterday,46,male,0,,,,,5,High fever (>102°F),paraphrase,high
Blood is gushing from the cut since morning,30,male,0,98.4,32,99,125,,Severe bleeding,paraphrase,critical
Throat irritation and cold for two days and mild cough,32,female,0,98.1,77,96,147,,Cold & cough,paraphrase,low
Having intense abdominal since an hour,5,male,0,,,,,,Severe abdominal pain,keyword,high
Sharp pain near the heart with sweating,54,female,0,,,,,,Chest pain / suspected heart attack,paraphrase,critical
Unbearable pain in the lower right side of the tummy from evening,56,male,0,98.7,91,95,125,8,Severe abdominal pain,paraphrase,high
"Skin peeled off after boiling water spilled for two days, not eating well",57,female,0,97.5,84,95,95,,Severe burns / electric shock,paraphrase,critical
Having blocked nose,45,female,0,98.8,102,97,116,,Cold & cough,keyword,low
Pneumonia for three days,35,female,0,98.5,91,99,119,,Chest infection,keyword,medium
Fever touching 104 since yesterday and a little nausea,65,female,0,103.0,101,97,144,,High fever (>102°F),paraphrase,high
Having pulsating headache with nausea since morning for three days,6,female,0,99.6,90,97,137,6,Severe migraine/headache,paraphrase,medium
Worst head pain of my life since yesterday,26,male,0,,,,,7,Severe migraine/headache,paraphrase,medium
Throat is raw since yesterday,56,male,0,,,,,,Sore throat,paraphrase,low
Throbbing pain on one side of the head with vomiting,35,female,0,98.2,95,97,111,,Severe migraine/headache,paraphrase,medium
Having excruciating pain in the abdomen since night from evening,32,female,0,98.1,73,95,143,,Severe abdominal pain,paraphrase,high
Came with burning hot body and shivering since two days for one week,53,male,0,104.1,96,98,148,10,High fever (>102°F),paraphrase,high
"Cannot keep even water down for one week, poor sleep",17,female,0,,,,,4,Persistent vomiting,paraphrase,medium
Fracture,57,female,0,99.3,89,97,124,,Fracture,keyword,high
Lips and eyes swelled up after eating prawns since yesterday,58,female,0,98.1,84,97,107,6,Severe allergic reaction,paraphrase,critical
Difficulty swallowing since morning,77,female,0,,,,,,Sore throat,keyword,low
Patient complains of blood in sputum since an hour,39,male,0,98.3,80,83,95,,Severe bleeding,keyword,critical
Pain while swallowing food,74,male,0,,,,,,Sore throat,paraphrase,low
"Burning in the stomach after spicy food since yesterday, slight headache",2,female,0,98.4,79,95,108,,Stomach pain (mild),paraphrase,low
Having vomiting since since morning,54,male,0,,,,,,Persistent vomiting,keyword,medium
Patient complains of blacked out since an hour,17,female,0,98.1,86,97,118,,Unconscious / collapsed,keyword,critical
Came with throwing up everything I eat since yesterday for two days,54,male,0,,,,,,Persistent vomiting,paraphrase,medium
Head is pounding and light hurts the eyes since an hour and a little nausea,52,male,0,98.7,82,96,131,,Severe migraine/headache,paraphrase,medium
My father has arm looks deformed after falling from the bike since yesterday,42,female,0,99.1,80,97,129,,Fracture,paraphrase,high
Scratchy throat and painful to swallow since morning and poor sleep,53,male,0,,,,,2,Sore throat,paraphrase,low
My mother has cannot keep even water down suddenly,86,female,0,97.9,157,97,102,,Persistent vomiting,paraphrase,critical
"My neighbour has low grade temperature and body pains since last night, not unconscious",40,male,0,,,,,,Mild fever,paraphrase,low
Patient complains of not feeling well since two days,52,male,0,99.8,81,97,113,1,Unclassified complaint,unclassified,low
Skin allergy for two days,30,male,0,,,,,,Skin allergy/rash,keyword,low
Throwing up everything I eat since yesterday since yesterday and a little nausea,62,male,0,99.2,77,97,120,,Persistent vomiting,paraphrase,medium
Pulsating headache with nausea since morning since last night,22,male,0,,,,,,Severe migraine/headache,paraphrase,medium
Broken leg for three days,84,female,0,96.4,96,97,129,8,Fracture,keyword,high
Neck pain,59,female,0,97.4,95,98,148,,Back pain,keyword,low
Feeling feverish since evening since morning,49,female,0,,,,,2,Mild fever,paraphrase,low
My wife has bike crash on the highway from evening,55,male,0,98.8,86,93,107,,Major trauma,paraphrase,critical
Came with heard a crack in the wrist and it is swollen since yesterday,8,male,0,98.1,77,97,133,,Fracture,paraphrase,high
"Child drank kerosene by mistake for one week, not eating well",63,female,0,98.8,77,95,121,,Poisoning / bite / overdose,paraphrase,critical
Cold for two days,36,female,0,98.8,69,97,117,,Cold & cough,keyword,low
"Heard a crack in the wrist and it is swollen for one week, not eating well",60,male,0,97.8,35,97,144,,Fracture,paraphrase,critical
Cough since last night and poor sleep,37,male,0,,,,,,Cold & cough,keyword,low
Having keep vomiting since yesterday,46,female,0,97.4,101,97,126,,Persistent vomiting,keyword,medium
Not feeling well since two days for one week,38,female,0,98.7,82,98,113,,Unclassified complaint,unclassified,low
Sneezing from evening,20,male,0,,,,,2,Cold & cough,keyword,low
Patient complains of paralyzed for one week,36,male,0,98.5,40,98,139,,Stroke signs,keyword,critical
Having chest tight and whistling sound when breathing from evening,55,female,0,98.5,87,97,104,,Asthma attack (mild),paraphrase,medium
Allergy for one week,26,male,0,98.4,95,97,139,3,Skin allergy/rash,keyword,low
Patient complains of very bad stomach pain since last night,14,female,0,,,,,5,Severe abdominal pain,keyword,high
My grandmother has review visit for one week,58,male,0,98.5,82,98,128,,Routine check-up,keyword,low
Blocked nose,68,male,0,98.7,96,97,158,5,Cold & cough,keyword,low
"Having burning with fever for two days, no chest pain",8,female,0,,,,,,High fever (>102°F),keyword,high
Pain in throat since last night,24,male,0,98.3,87,98,103,,Sore throat,keyword,low
"Arm looks deformed after falling from the bike since last night, no vomiting",51,female,0,,,,,,Fracture,paraphrase,high
"Pain in the lower spine after lifting, not unconscious",33,female,0,,,,,,Back pain,paraphrase,low
Came with mild wheeze after climbing stairs since morning,58,female,0,,,,,,Asthma attack (mild),paraphrase,medium
Patient complains of continuous vomiting and very thirsty for one week,59,male,0,,,,,3,Persistent vomiting,paraphrase,medium
Pneumonia,27,male,0,,,,,,Chest infection,keyword,medium
Mouth twisted to one side suddenly suddenly,8,female,0,,,,,,Stroke signs,paraphrase,critical
Came with inhaler for one week,46,female,0,98.8,135,96,101,,Asthma attack (mild),keyword,critical
Having chest tightness,40,male,0,,,,,,Chest pain / suspected heart attack,keyword,critical
Came with back is aching while bending since last night,19,female,1,,,,,5,Back pain,paraphrase,low
Bone is bent after the fall for one week,52,female,0,98.4,83,98,143,,Fracture,paraphrase,high
Came with continuous vomiting and very thirsty for three days,47,female,0,,,,,8,Persistent vomiting,paraphrase,medium
Having cough bringing up green mucus,68,female,0,,,,,,Chest infection,paraphrase,medium
Patient complains of pain while swallowing food,9,female,0,,,,,2,Sore throat,paraphrase,low
My daughter has ear is aching since an hour,5,female,0,,,,,,Ear pain,paraphrase,low
Having drank floor cleaner for two days,27,female,0,,,,,,Poisoning / bite / overdose,paraphrase,critical
My son has vomiting diarrhoea since morning,50,male,0,98.5,78,97,136,,Persistent vomiting,keyword,medium
"Throat pain from evening, body pains",67,male,0,97.9,93,97,131,,Sore throat,keyword,low
"Chesty cough for a week for three days, mild cough, no chest pain",69,female,0,,,,,,Chest infection,paraphrase,medium
Came with backache since an hour,38,male,0,,,,,1,Back pain,keyword,low
Came with spine pain for three days,48,female,0,97.1,70,96,121,,Back pain,keyword,low
"Follow up visit for blood pressure since an hour, mild cough",53,male,0,,,,,3,Routine check-up,paraphrase,low
Burning hot body and shivering since two days since yesterday,42,female,0,,,,,,High fever (>102°F),paraphrase,high
"Fever shivering since yesterday and body pains, not unconscious",29,male,0,103.7,100,96,113,,High fever (>102°F),keyword,high
My daughter has migraine for two days,61,female,0,97.5,78,97,125,4,Severe migraine/headache,keyword,medium
Came with low grade temperature and body pains since an hour,15,male,0,101.1,101,97,124,,Mild fever,paraphrase,low
Fell off a ladder from the second floor for two days,71,male,0,97.7,80,97,85,,Major trauma,paraphrase,critical
Chest tightness,34,male,0,97.9,86,97,155,9,Chest pain / suspected heart attack,keyword,critical
My father has ear ache suddenly,12,female,0,,,,,,Ear pain,keyword,low
"Feeling tired and weak for one week, mild cough",50,female,0,98.0,62,97,115,,Unclassified complaint,unclassified,low
"Lower back for one week, not eating well",47,female,0,99.0,91,98,123,2,Back pain,keyword,low
Not feeling well since two days,50,male,0,,,,,5,Unclassified complaint,unclassified,low
Having abdomen pain for two days,35,female,0,97.7,100,97,124,,Stomach pain (mild),keyword,low
Patient complains of cough with yellow sputum and fever for three days,41,male,0,98.7,74,97,110,5,Chest infection,paraphrase,medium
Came with red spots on the arms that itch for three days,83,female,0,98.4,68,97,121,,Skin allergy/rash,paraphrase,low
"Came with fever touching 104 since yesterday for one week, no chest pain",25,male,0,103.2,99,97,122,,High fever (>102°F),paraphrase,high
"Slurred speech , not eating well",45,male,0,98.8,76,96,113,9,Stroke signs,keyword,critical
"Runny nose from evening, slight headache",57,female,0,97.2,87,97,137,,Cold & cough,keyword,low
"Throat is raw since yesterday since last night, poor sleep, no vomiting",48,male,0,,,,,5,Sore throat,paraphrase,low
Need to collect my monthly medicines since last night and mild cough,49,male,0,99.8,78,98,120,,Routine check-up,paraphrase,low
Patient complains of pain in the lower spine after lifting for one week,35,female,0,,,,,,Back pain,paraphrase,low
Patient complains of feeling feverish since evening from evening,20,male,0,99.7,75,96,119,,Mild fever,paraphrase,medium
"Not responding to calls for two days, slight headache",1,male,0,,,,,,Unconscious / collapsed,paraphrase,critical
Unbearable pain in the lower right side of the tummy for three days,48,female,0,,,,,,Severe abdominal pain,paraphrase,high
Spine pain,54,male,0,,,,,2,Back pain,keyword,low
Pneumonia,37,male,0,,,,,,Chest infection,keyword,medium
Patient complains of tonsillitis for three days,46,female,0,99.1,49,97,139,,Sore throat,keyword,low
Having came for regular sugar test since last night,50,female,0,,,,,,Routine check-up,paraphrase,low
My mother has unbearable pain in the lower right side of the tummy from evening,37,female,0,96.7,88,96,128,,Severe abdominal pain,paraphrase,high
"Red patches on the back since yesterday, feeling tired",76,male,0,,,,,,Skin allergy/rash,paraphrase,low
My wife has loose stools since morning suddenly,16,male,0,98.3,124,97,130,5,Stomach pain (mild),paraphrase,medium
Skin peeled off after boiling water spilled since an hour,46,male,0,,,,,7,Severe burns / electric shock,paraphrase,critical
Stomachache,36,female,0,98.8,80,98,143,2,Stomach pain (mild),keyword,low
"My father has pain in throat for one week, not unconscious",90,female,0,99.5,75,99,85,,Sore throat,keyword,critical
Having throwing up everything I eat since yesterday for three days,34,male,0,98.8,85,96,140,,Persistent vomiting,paraphrase,medium
Came with scratchy throat and painful to swallow from evening,25,male,0,,,,,4,Sore throat,paraphrase,low
Patient complains of upset stomach and gas for one week,44,male,0,99.4,90,98,117,,Stomach pain (mild),paraphrase,low
My son has feels like suffocating for two days,25,female,0,,,,,,Breathing difficulty,paraphrase,critical
Came for regular sugar test,50,female,0,100.0,84,97,118,,Routine check-up,paraphrase,low
"Stomach is rock hard and paining terribly since last night, a little nausea",65,male,0,,,,,,Severe abdominal pain,paraphrase,high
Came with snakebite since yesterday,38,male,0,,,,,9,Poisoning / bite / overdose,keyword,critical
Patient complains of eczema,50,male,0,,,,,1,Skin allergy/rash,keyword,low
Came with back is aching while bending since yesterday,64,female,0,98.1,92,97,108,5,Back pain,paraphrase,low
"Feeling tired and weak, no fever",43,female,0,,,,,1,Unclassified complaint,unclassified,low
"Red patches on the back, not unconscious",56,male,0,,,,,,Skin allergy/rash,paraphrase,low
Patient complains of cough bringing up green mucus for three days,8,male,0,,,,,8,Chest infection,paraphrase,medium
"Pain inside the ear and blocked feeling since yesterday and mild cough, no fever",53,female,0,99.9,78,96,125,,Ear pain,paraphrase,low
Came with mild ache in the tummy after food for three days,50,male,0,,,,,,Stomach pain (mild),paraphrase,low
Patient complains of throbbing pain on one side of the head with vomiting for three days,34,female,0,99.1,87,96,122,,Severe migraine/headache,paraphrase,medium
My son has blocked nose and mild cough for one week,46,female,0,,,,,2,Cold & cough,paraphrase,low
Seizure,59,male,0,98.8,73,97,150,,Seizure,keyword,critical
Came with severe stomach pain since last night,87,male,0,,,,,,Severe abdominal pain,keyword,high
My mother has black tarry stools and feeling faint since yesterday,43,female,0,,,,,,Severe bleeding,paraphrase,critical
My husband has feeling tired and weak,62,male,0,,,,,,Unclassified complaint,unclassified,low
Came with productive cough since morning,26,male,0,98.3,88,98,128,8,Chest infection,keyword,medium
Having rolling on the floor with belly pain,46,male,0,,,,,,Severe abdominal pain,paraphrase,high
Gasping for air for two days and poor sleep,85,female,0,98.2,85,99,186,,Breathing difficulty,paraphrase,critical
Acidity for one week,58,male,0,99.3,89,97,127,,Stomach pain (mild),keyword,low
Slightly warm body and tired,37,female,0,100.8,84,95,94,,Mild fever,paraphrase,low
"Burning with fever for two days, body pains",55,male,0,,,,,9,High fever (>102°F),keyword,high
Came with lower back since last night,31,female,0,97.8,106,96,127,,Back pain,keyword,low
Red patches on the back since morning,29,male,0,98.7,82,97,134,,Skin allergy/rash,paraphrase,medium
Broken leg,44,female,0,98.8,91,83,109,6,Fracture,keyword,critical
Severe abdominal,76,male,0,98.8,80,96,124,,Severe abdominal pain,keyword,high
Having burning with fever since last night,74,male,0,,,,,,High fever (>102°F),keyword,high
Fell down and is not waking since last night and slight headache,59,female,0,99.0,91,98,144,,Unconscious / collapsed,paraphrase,critical
"Having broken ankle suddenly, no fever",72,female,0,97.8,138,98,95,,Fracture,keyword,critical
Patient complains of asthma since morning,39,male,0,99.5,70,97,121,,Asthma attack (mild),keyword,medium
Patient complains of migraine since last night,55,female,0,98.1,94,97,141,,Severe migraine/headache,keyword,medium
"Having severe headache since yesterday, no chest pain",6,female,0,,,,,,Severe migraine/headache,keyword,medium
Vomited ten times since morning for two days,21,male,0,97.5,34,97,96,4,Persistent vomiting,paraphrase,critical
My grandmother has inhaler for three days,68,male,0,97.6,56,97,136,,Asthma attack (mild),keyword,medium
Came with scratchy throat and painful to swallow since last night,66,male,0,98.0,84,98,127,,Sore throat,paraphrase,low
Patient complains of ear is aching since last night,36,female,0,98.9,89,97,118,,Ear pain,paraphrase,low
"Pulsating headache with nausea since morning for two days, a little nausea",37,male,0,99.6,81,95,114,3,Severe migraine/headache,paraphrase,medium
"General weakness from evening, mild cough, no fever",38,male,0,,,,,,Unclassified complaint,unclassified,low
Having stomach is rock hard and paining terribly for two days,33,female,0,98.7,86,98,101,6,Severe abdominal pain,paraphrase,high
Patient complains of arm looks deformed after falling from the bike since morning,62,male,0,,,,,6,Fracture,paraphrase,high
Patient complains of need to collect my monthly medicines since morning,56,male,0,99.4,71,98,133,1,Routine check-up,paraphrase,low
Patient complains of severe stomach pain for one week,45,female,0,98.1,83,99,132,,Severe abdominal pain,keyword,high
Back ache suddenly,78,female,0,99.9,72,96,130,,Back pain,keyword,low
My grandmother has arm looks deformed after falling from the bike since an hour,50,male,0,98.6,77,96,128,,Fracture,paraphrase,high
My wife has high temperature since morning,48,male,0,104.4,69,96,116,,High fever (>102°F),keyword,medium
Patient complains of pain inside the ear and blocked feeling since an hour,42,female,0,99.3,72,98,137,,Ear pain,paraphrase,low
Came with difficulty swallowing since morning,28,female,1,,,,,3,Sore throat,keyword,low
Ear is aching for two days and poor sleep,37,male,0,98.2,77,97,123,2,Ear pain,paraphrase,low
My mother has diarrhea,50,male,0,,,,,4,Stomach pain (mild),keyword,low
Sneezing since yesterday,24,female,0,98.5,88,96,97,,Cold & cough,keyword,low
Dizziness on standing since last night and a little nausea,40,female,0,98.1,90,98,120,,Unclassified complaint,unclassified,low
"Pain in my ear since morning, slight headache",6,female,0,98.4,96,97,128,,Ear pain,keyword,low
Patient complains of severe stomach pain since an hour,54,female,0,98.1,74,96,129,,Severe abdominal pain,keyword,high
"Stomach very severe for two days, mild cough",47,female,0,,,,,10,Severe abdominal pain,keyword,high
Having follow up visit for blood pressure suddenly,39,male,0,,,,,,Routine check-up,paraphrase,low
Having continuous vomiting and very thirsty for three days,22,female,0,97.5,80,98,124,5,Persistent vomiting,paraphrase,medium
Temperature 103 with chills since morning and feeling tired,39,male,0,,,,,,High fever (>102°F),paraphrase,high
Throat irritation and cold for three days and slight headache,43,male,0,,,,,,Cold & cough,paraphrase,low
Having worst head pain of my life since last night,49,male,0,,,,,6,Severe migraine/headache,paraphrase,medium
Pneumonia for one week and not eating well,23,female,0,,,,,3,Chest infection,keyword,medium
Came with cough bringing up green mucus since last night,1,male,0,97.9,86,97,120,,Chest infection,paraphrase,medium
Splitting headache suddenly,11,female,0,,,,,,Severe migraine/headache,keyword,medium
Excruciating pain in the abdomen since night since morning and body pains,66,female,0,98.3,84,98,130,,Severe abdominal pain,paraphrase,high
Bike crash on the highway for three days,14,male,0,99.0,83,97,137,,Major trauma,paraphrase,critical
"Throbbing pain on one side of the head with vomiting since last night, not eating well",32,female,0,99.4,80,98,120,7,Severe migraine/headache,paraphrase,medium
Came with chesty cough for a week for two days,48,male,0,98.0,96,97,115,3,Chest infection,paraphrase,medium
Blocked nose and mild cough,17,male,0,99.4,79,98,133,,Cold & cough,paraphrase,low
Patient complains of temperature 103 with chills for one week,27,male,0,103.0,75,98,127,,High fever (>102°F),paraphrase,high
Got current from the electric line,44,male,0,99.6,78,95,114,,Severe burns / electric shock,paraphrase,critical
My daughter has mild wheeze after climbing stairs since yesterday,46,female,0,97.3,77,96,130,,Asthma attack (mild),paraphrase,medium
Severe head pain for one week,23,male,0,,,,,,Severe migraine/headache,keyword,medium
Patient complains of severe headache suddenly,39,female,0,,,,,,Severe migraine/headache,keyword,medium
Throat is raw since yesterday suddenly and feeling tired,42,male,0,97.9,75,95,95,4,Sore throat,paraphrase,low
Having upset stomach and gas for one week,33,female,0,99.9,69,97,121,,Stomach pain (mild),paraphrase,low
Need to collect my monthly medicines,79,female,0,,,,,4,Routine check-up,paraphrase,low
Runny nose and sneezing since two days,35,male,0,,,,,,Cold & cough,paraphrase,low
Having fever touching 104 since yesterday for three days,23,female,0,,,,,,High fever (>102°F),paraphrase,high
Worst head pain of my life since yesterday,25,female,0,,,,,6,Severe migraine/headache,paraphrase,medium
My neighbour has eczema suddenly,69,female,0,,,,,4,Skin allergy/rash,keyword,low
Came with mild wheeze after climbing stairs since yesterday,33,male,0,98.5,88,95,137,5,Asthma attack (mild),paraphrase,medium
Came with dizziness on standing from evening,30,male,0,97.9,87,97,142,,Unclassified complaint,unclassified,low
Sore throat since an hour,49,male,0,,,,,5,Sore throat,keyword,low
Vomiting since,70,male,0,98.7,79,98,136,,Persistent vomiting,keyword,medium
"My mother has child pulling at the ear and crying from evening, not unconscious",1,male,0,98.4,87,97,114,4,Ear pain,paraphrase,low
Struggling for breath since an hour,48,male,0,97.1,77,92,98,,Breathing difficulty,paraphrase,critical
Phlegm,56,male,0,98.9,68,96,134,3,Chest infection,keyword,medium
Cough for one week and not eating well,17,male,0,99.8,80,97,118,5,Cold & cough,keyword,low
Continuous vomiting and very thirsty for one week,63,male,0,,,,,,Persistent vomiting,paraphrase,medium
"Patient complains of used the puffer twice, still a bit tight since an hour",40,female,0,,,,,,Asthma attack (mild),paraphrase,medium
Wheezing,32,male,0,,,,,,Asthma attack (mild),keyword,medium
Patient complains of loss of appetite from evening,46,male,0,98.9,90,95,120,,Unclassified complaint,unclassified,low
Having severe tummy suddenly,50,male,0,98.1,51,97,134,,Severe abdominal pain,keyword,medium
Patient complains of back is aching while bending,67,male,0,98.4,87,98,130,,Back pain,paraphrase,low
My husband has bukhar suddenly,21,male,0,100.2,50,97,132,3,Mild fever,keyword,low
Swallowed chemical,50,female,0,98.2,143,99,122,,Poisoning / bite / overdose,keyword,critical
Cannot move my arm for three days and slight headache,65,male,0,,,,,5,Fracture,keyword,critical
Patient complains of back pain suddenly,36,female,1,98.1,105,98,108,,Back pain,keyword,low
Abdominal pain,38,female,0,99.3,84,96,140,,Stomach pain (mild),keyword,low
Patient complains of phlegm suddenly,29,male,0,99.3,80,98,125,,Chest infection,keyword,medium
"Runny nose for one week, feeling tired, no chest pain",37,male,0,97.1,88,95,128,5,Cold & cough,keyword,low
Having inhaler since last night,15,male,0,,,,,,Asthma attack (mild),keyword,medium
Hit by a,48,female,0,98.3,82,97,195,9,Major trauma,keyword,critical
Having rat poison suddenly,46,female,0,97.5,156,97,117,9,Poisoning / bite / overdose,keyword,critical
"Burning hot body and shivering since two days from evening, body pains",2,female,0,102.3,89,97,132,,High fever (>102°F),paraphrase,high
Nasal congestion for one week,46,female,0,98.5,74,96,121,2,Cold & cough,keyword,low
Chest congestion,15,male,0,99.0,75,95,109,4,Chest infection,keyword,medium
Routine since an hour and a little nausea,64,female,0,98.3,91,95,107,,Routine check-up,keyword,low
My mother has broken leg for three days,76,male,0,98.6,95,97,143,,Fracture,keyword,high
"Worst head pain of my life since an hour, a little nausea",44,male,0,97.6,84,96,103,,Severe migraine/headache,paraphrase,medium
Bone broke for one week and poor sleep,59,female,0,97.9,97,97,133,10,Fracture,keyword,high
Came with severe headache,28,male,0,97.9,76,97,134,6,Severe migraine/headache,keyword,medium
Breathing very fast and wheezing badly lips look dark,21,male,0,,,,,,Breathing difficulty,paraphrase,critical
"Need a fitness certificate, no bleeding",49,male,0,98.4,96,98,119,,Routine check-up,paraphrase,low
Red spots on the arms that itch since yesterday and slight headache,67,male,0,,,,,1,Skin allergy/rash,paraphrase,low
Having general weakness since morning,50,female,0,,,,,,Unclassified complaint,unclassified,low
My grandmother has throbbing pain on one side of the head with vomiting for two days,49,female,0,,,,,8,Severe migraine/headache,paraphrase,medium
My mother has burning hot body and shivering since two days since last night,14,female,0,104.5,85,94,125,,High fever (>102°F),paraphrase,high
Chesty cough for a week for three days,32,female,0,,,,,8,Chest infection,paraphrase,medium
Came with paralysed suddenly,5,male,0,98.7,74,98,107,,Stroke signs,keyword,critical
Swollen throat from evening and body pains,30,male,0,98.7,83,87,123,,Severe allergic reaction,keyword,critical
Swallowed many sleeping pills for three days and feeling tired,56,male,0,98.4,80,97,134,,Poisoning / bite / overdose,paraphrase,critical
Having skin is itching after using a new soap,32,female,0,,,,,,Skin allergy/rash,paraphrase,low
My mother has left arm pain sweat for two days,54,female,0,98.1,83,98,114,8,Chest pain / suspected heart attack,keyword,critical
Blood pressure check,43,female,0,,,,,,Routine check-up,keyword,low
Upset stomach and gas from evening and slight headache,6,female,0,,,,,2,Stomach pain (mild),paraphrase,low
Having throat is raw since yesterday suddenly,41,female,0,98.6,89,95,143,,Sore throat,paraphrase,low
Came with burnt badly since last night,58,male,0,98.5,72,96,126,,Severe burns / electric shock,keyword,critical
Having heard a crack in the wrist and it is swollen for two days,44,male,0,,,,,,Fracture,paraphrase,high
Came with blocked nose,41,female,0,,,,,,Cold & cough,keyword,low
Came with continuous vomiting and very thirsty,36,male,0,98.4,78,94,135,,Persistent vomiting,paraphrase,medium
"Stiff back since morning from evening, not unconscious",59,male,0,98.9,80,96,123,,Back pain,paraphrase,low
Patient complains of red patches on the back,9,female,0,98.7,89,95,123,5,Skin allergy/rash,paraphrase,low
Having lips and eyes swelled up after eating prawns from evening,25,male,0,,,,,,Severe allergic reaction,paraphrase,critical
Having feeling feverish since evening since an hour,51,male,0,100.3,93,97,158,5,Mild fever,paraphrase,low
Having cough with yellow sputum and fever since last night,50,female,0,99.3,96,100,139,,Chest infection,paraphrase,medium
Pulsating headache with nausea since morning,37,male,0,98.2,79,97,123,,Severe migraine/headache,paraphrase,medium
Came with ear is aching for two days,2,female,0,,,,,,Ear pain,paraphrase,low
My neighbour has pain while swallowing food from evening,42,male,0,,,,,1,Sore throat,paraphrase,low
Throbbing pain on one side of the head with vomiting since an hour,17,female,0,98.5,81,96,106,4,Severe migraine/headache,paraphrase,medium
"Cannot lift left hand since morning, words coming out wrong",14,male,0,99.6,100,99,133,9,Stroke signs,paraphrase,critical
"Head is pounding and light hurts the eyes since last night, body pains",69,male,0,,,,,3,Severe migraine/headache,paraphrase,medium
Vomited ten times since morning from evening,49,male,0,99.2,80,96,114,7,Persistent vomiting,paraphrase,medium
Low grade temperature and body pains,49,male,0,99.5,94,100,130,,Mild fever,paraphrase,low
My wife has back pain from evening,23,female,0,,,,,,Back pain,keyword,low
"Heavy vaginal bleeding with dizziness since morning and not eating well, no vomiting",66,male,0,99.3,78,96,120,,Severe bleeding,paraphrase,critical
Having vomited ten times since morning from evening,67,female,0,,,,,3,Persistent vomiting,paraphrase,medium
Having chest tight and whistling sound when breathing since last night,52,male,0,98.4,64,96,116,,Asthma attack (mild),paraphrase,medium
Stiff back since morning,30,female,0,99.4,82,98,140,,Back pain,paraphrase,low
Came with red patches on the back for two days,46,male,0,98.6,91,98,96,,Skin allergy/rash,paraphrase,low
Came with chest congestion since last night,62,male,0,,,,,6,Chest infection,keyword,medium
Very high fever since last night and poor sleep,16,male,0,104.3,92,99,110,7,High fever (>102°F),keyword,high
Came with runny nose and sneezing since two days since morning,83,female,0,99.4,70,96,137,2,Cold & cough,paraphrase,low
Pulsating headache with nausea since morning since last night,50,female,0,,,,,,Severe migraine/headache,paraphrase,medium
Having unbearable pain in the lower right side of the tummy,43,female,0,98.1,80,96,139,9,Severe abdominal pain,paraphrase,high
Patient complains of rolling on the floor with belly pain for three days,50,female,0,,,,,,Severe abdominal pain,paraphrase,high
"My neighbour has ear ache since an hour, not unconscious",29,male,0,,,,,,Ear pain,keyword,low
Pain inside the ear and blocked feeling,6,male,0,,,,,2,Ear pain,paraphrase,low
Ear is aching for three days and not eating well,12,male,0,,,,,,Ear pain,paraphrase,low
Having stomach is rock hard and paining terribly,14,male,0,98.9,103,88,130,,Severe abdominal pain,paraphrase,critical
Rolling on the floor with belly pain for one week,57,male,0,,,,,8,Severe abdominal pain,paraphrase,high
My son has pain in my ear for one week,5,male,0,,,,,3,Ear pain,keyword,low
Having temperature 103 with chills since yesterday,32,female,0,104.2,78,96,125,,High fever (>102°F),paraphrase,high
Came with acidity since morning,41,male,0,98.0,87,99,135,5,Stomach pain (mild),keyword,low
Came with heard a crack in the wrist and it is swollen since an hour,40,male,0,,,,,,Fracture,paraphrase,high
Came with throat is raw since yesterday since an hour,2,female,0,98.1,86,97,135,,Sore throat,paraphrase,low
Slightly warm body and tired for one week and body pains,45,male,0,100.0,69,98,109,,Mild fever,paraphrase,low
My wife has severe head pain since an hour,46,male,0,,,,,,Severe migraine/headache,keyword,medium
Chesty cough for a week,39,male,0,,,,,8,Chest infection,paraphrase,medium
"Came with temperature since last night, not unconscious",52,male,0,100.2,93,98,139,2,Mild fever,keyword,low
Cough bringing up green mucus for two days,65,female,0,98.8,77,97,143,,Chest infection,paraphrase,medium
Came with throbbing pain on one side of the head with vomiting,51,female,0,99.1,89,96,120,,Severe migraine/headache,paraphrase,medium
Very hot to touch and rigors at night for three days and poor sleep,37,female,0,,,,,5,High fever (>102°F),paraphrase,high
Having wheezing since an hour,37,female,0,,,,,,Asthma attack (mild),keyword,medium
"Pain while swallowing food since last night, a little nausea",74,male,0,98.8,101,98,135,,Sore throat,paraphrase,low
Having stomach pain from evening,55,female,0,,,,,4,Stomach pain (mild),keyword,low
Vomiting many times since yesterday and poor sleep,38,female,0,,,,,,Persistent vomiting,keyword,medium
Blocked nose and mild cough since morning and a little nausea,10,male,0,,,,,,Cold & cough,paraphrase,low
Feels like an elephant sitting on my chest,40,female,0,97.4,94,99,123,,Chest pain / suspected heart attack,paraphrase,critical
Patient complains of rolling on the floor with belly pain since yesterday,40,female,0,97.6,95,97,123,10,Severe abdominal pain,paraphrase,high
My wife has pain while swallowing food for one week,63,female,0,,,,,,Sore throat,paraphrase,low
Came with bone broke,1,male,0,98.5,39,97,119,,Fracture,keyword,critical
Having blood is gushing from the cut for three days,56,male,0,,,,,9,Severe bleeding,paraphrase,critical
Allergy since morning,33,male,0,97.9,83,97,102,,Skin allergy/rash,keyword,low
Cough with yellow sputum and fever suddenly and slight headache,50,male,0,98.0,90,97,99,,Chest infection,paraphrase,medium
Pulsating headache with nausea since morning,37,male,0,,,,,5,Severe migraine/headache,paraphrase,medium
"Air hunger, cannot talk in full sentences since an hour and poor sleep, no vomiting",49,female,0,,,,,,Breathing difficulty,paraphrase,critical
Repeated vomiting for three days and feeling tired,39,female,0,,,,,4,Persistent vomiting,keyword,medium
"Red patches on the back , feeling tired",33,female,0,98.4,102,98,121,,Skin allergy/rash,paraphrase,low
Patient complains of child pulling at the ear and crying for two days,12,male,0,,,,,5,Ear pain,paraphrase,low
"Itching for three days, slight headache",71,female,0,97.5,94,96,133,,Skin allergy/rash,keyword,low
Came with bike crash on the highway for two days,44,female,0,,,,,,Major trauma,paraphrase,critical
Having hot oil fell on the chest and arms since last night,40,female,1,97.7,45,96,105,,Severe burns / electric shock,paraphrase,critical
Diarrhea for three days and slight headache,36,male,0,,,,,,Stomach pain (mild),keyword,low
Came with sore throat for three days,39,female,0,99.6,75,94,128,,Sore throat,keyword,low
Having blocked nose and mild cough for two days,31,male,0,,,,,5,Cold & cough,paraphrase,low
My son has rash,40,male,0,98.4,94,96,113,,Skin allergy/rash,keyword,low
"Patient complains of skin is itching after using a new soap for two days, no chest pain",39,male,0,98.5,78,98,108,,Skin allergy/rash,paraphrase,low
Cold for two days and not eating well,64,female,0,99.1,67,96,112,3,Cold & cough,keyword,low
Fever since an hour and feeling tired,70,female,0,101.3,75,97,99,5,Mild fever,keyword,low
Repeated vomiting since morning and poor sleep,51,male,0,98.6,95,99,102,,Persistent vomiting,keyword,medium
Stiff back since morning,85,female,0,99.1,62,96,107,,Back pain,paraphrase,low
"Cough with yellow sputum and fever since last night, no bleeding",46,female,0,98.9,91,97,138,,Chest infection,paraphrase,medium
Ear pain since last night and poor sleep,44,male,0,99.7,71,97,119,,Ear pain,keyword,low
My son has fever touching 104 since yesterday for one week,51,male,0,,,,,9,High fever (>102°F),paraphrase,high
Came with intense abdominal since an hour,34,male,0,,,,,,Severe abdominal pain,keyword,high
Bronchitis,36,male,0,,,,,,Chest infection,keyword,medium
Profuse bleeding,20,male,0,98.9,82,98,125,,Severe bleeding,keyword,high
Having got current from the electric line for three days,18,male,0,98.6,81,83,124,,Severe burns / electric shock,paraphrase,critical
Inhaler suddenly,55,male,0,98.8,87,97,139,,Asthma attack (mild),keyword,medium
"Cannot keep even water down since morning, mild cough",37,male,0,98.7,72,100,124,,Persistent vomiting,paraphrase,medium
Having back pain from evening,39,female,0,98.7,94,97,146,,Back pain,keyword,low
"Stomach is rock hard and paining terribly since last night, not eating well",38,female,0,98.2,103,96,114,,Severe abdominal pain,paraphrase,high
Chest tight and whistling sound when breathing since morning and a little nausea,30,female,0,99.1,97,95,130,,Asthma attack (mild),paraphrase,medium
Having came for regular sugar test,5,female,0,97.9,66,100,127,4,Routine check-up,paraphrase,low
"Severe abdomen since morning, mild cough",78,male,0,97.9,80,99,98,,Severe abdominal pain,keyword,high
My grandmother has severe headache for one week,74,female,0,,,,,,Severe migraine/headache,keyword,medium
Very hot to touch and rigors at night since last night,12,male,0,,,,,,High fever (>102°F),paraphrase,high
"My father has burning with fever from evening, not unconscious",62,male,0,,,,,,High fever (>102°F),keyword,high
Patient complains of face puffed up and breathing noisy after an injection for two days,15,male,0,99.2,141,98,118,,Severe allergic reaction,paraphrase,critical
"Patient complains of sugar check suddenly, no breathing difficulty",54,female,0,97.8,97,96,115,3,Routine check-up,keyword,low
Dehydrated since morning and slight headache,36,female,0,98.1,76,97,124,,Persistent vomiting,keyword,medium
Mild wheeze after climbing stairs,29,female,0,98.8,88,97,141,4,Asthma attack (mild),paraphrase,medium
"Patient complains of severe abdomen since morning, no vomiting",81,female,0,,,,,,Severe abdominal pain,keyword,high
Hives all over and voice became hoarse since an hour,38,female,0,99.6,89,83,131,,Severe allergic reaction,paraphrase,critical
"Red patches on the back suddenly, body pains",36,male,0,,,,,5,Skin allergy/rash,paraphrase,low
"Cough with sputum for two days, mild cough",45,male,0,,,,,,Chest infection,keyword,medium
Came with passed out since yesterday,50,male,0,98.6,74,97,120,7,Unconscious / collapsed,keyword,critical
Having heavy vaginal bleeding with dizziness for one week,24,male,0,98.1,87,97,109,,Severe bleeding,paraphrase,critical
Heard a crack in the wrist and it is swollen from evening,31,female,0,99.3,68,98,120,,Fracture,paraphrase,high
"Patient complains of sleep problems since morning, no vomiting",11,female,0,,,,,1,Unclassified complaint,unclassified,low
Vomiting diarrhea suddenly,24,male,0,97.9,92,95,117,,Persistent vomiting,keyword,medium
"Hives all over and voice became hoarse for one week, poor sleep",12,female,0,98.2,88,81,138,,Severe allergic reaction,paraphrase,critical
"Loss of appetite for two days, a little nausea",34,female,1,97.8,83,97,139,,Unclassified complaint,unclassified,low
Having bone is bent after the fall from evening,35,male,0,97.6,129,98,127,,Fracture,paraphrase,high
Came with chest tight and whistling sound when breathing since last night,64,female,0,,,,,,Asthma attack (mild),paraphrase,medium
My husband has ear ache from evening,1,female,0,98.6,63,97,112,,Ear pain,keyword,low
Blocked nose and mild cough suddenly,31,female,0,98.4,101,98,133,,Cold & cough,paraphrase,low
Patient complains of throwing up everything I eat since yesterday since an hour,44,female,0,99.5,88,99,135,,Persistent vomiting,paraphrase,medium
"Kaichal since yesterday, poor sleep",40,male,0,100.0,91,98,137,,Mild fever,keyword,low
Patient complains of red spots on the arms that itch,29,male,0,97.9,84,94,125,1,Skin allergy/rash,paraphrase,low
Came with struggling for breath since an hour for one week,5,female,0,98.9,70,98,106,,Breathing difficulty,paraphrase,critical
"Cannot keep even water down since yesterday, a little nausea",51,female,0,99.4,79,95,102,,Persistent vomiting,paraphrase,medium
My father has cough with sputum for three days,8,female,0,98.4,101,97,139,,Chest infection,keyword,medium
Patient complains of inhaler since an hour,49,male,0,99.6,93,96,130,,Asthma attack (mild),keyword,medium
Came with earache from evening,33,male,0,98.6,87,97,128,,Ear pain,keyword,low
Chest tight and whistling sound when breathing,14,male,0,98.1,70,98,120,5,Asthma attack (mild),paraphrase,medium
High temperature,35,male,0,103.2,96,96,106,,High fever (>102°F),keyword,high
My mother has worst head pain of my life suddenly,41,female,0,,,,,7,Severe migraine/headache,paraphrase,medium
Patient complains of skin is itching after using a new soap since an hour,58,male,0,,,,,1,Skin allergy/rash,paraphrase,low
Mild wheeze after climbing stairs since an hour,42,male,0,98.6,76,97,73,,Asthma attack (mild),paraphrase,critical
Having profuse bleeding since morning,49,male,0,,,,,,Severe bleeding,keyword,critical
"Lost consciousness at home for one week, mild cough",22,female,0,99.3,85,95,123,8,Unconscious / collapsed,paraphrase,critical
Severe head pain since last night,38,female,0,,,,,,Severe migraine/headache,keyword,medium
Loss of appetite,50,female,0,98.8,72,99,137,4,Unclassified complaint,unclassified,low
Broken wrist,34,female,0,,,,,,Fracture,keyword,high
My mother has scratchy throat and painful to swallow for three days,6,male,0,99.5,78,97,126,,Sore throat,paraphrase,low
Patient complains of breathing very fast and wheezing badly lips look dark,46,female,0,97.9,37,98,133,,Breathing difficulty,paraphrase,critical
Having temperature suddenly,32,female,0,100.5,78,96,118,1,Mild fever,keyword,low
Stomach is rock hard and paining terribly for one week,25,female,0,98.1,87,97,118,6,Severe abdominal pain,paraphrase,high
Vomiting diarrhea,23,male,0,99.8,77,96,114,6,Persistent vomiting,keyword,medium
"Sleep problems from evening, mild cough",31,male,0,97.8,88,97,110,,Unclassified complaint,unclassified,low
Came with sudden weakness in right arm and leg from evening,75,male,0,98.4,63,82,111,,Stroke signs,paraphrase,critical
Stomach unbearable since morning and feeling tired,55,female,0,,,,,,Severe abdominal pain,keyword,high
Need to collect my monthly medicines,29,male,0,98.3,76,95,129,1,Routine check-up,paraphrase,low
Having arm looks deformed after falling from the bike from evening,65,male,0,99.5,85,99,142,,Fracture,paraphrase,high
Persistent vomiting,37,male,0,,,,,,Persistent vomiting,keyword,medium
Having vomited ten times since morning since last night,56,female,0,98.9,91,97,97,8,Persistent vomiting,paraphrase,medium
Throbbing pain on one side of the head with vomiting suddenly and feeling tired,26,female,0,,,,,7,Severe migraine/headache,paraphrase,medium
Throat is raw since yesterday for one week,22,female,0,99.5,83,96,117,,Sore throat,paraphrase,low
Came with came for regular sugar test since morning,58,male,0,99.4,90,98,113,,Routine check-up,paraphrase,low
Sudden confusion and mild cough,40,female,0,,,,,9,Stroke signs,keyword,critical
Fever touching 104 since yesterday for three days and feeling tired,64,male,0,102.6,78,96,130,5,High fever (>102°F),paraphrase,high
Cannot move my leg since last night and mild cough,56,female,0,98.7,64,95,112,,Fracture,keyword,high
Patient complains of wheezing for one week,54,female,0,98.0,70,96,143,,Asthma attack (mild),keyword,medium
My husband has chest is burning and left arm feels numb since yesterday,27,male,0,,,,,,Chest pain / suspected heart attack,paraphrase,critical
Having pulsating headache with nausea since morning,30,female,0,99.1,104,94,210,,Severe migraine/headache,paraphrase,high
Came with stomach is rock hard and paining terribly for three days,58,female,0,,,,,8,Severe abdominal pain,paraphrase,high
My wife has fitting for three days,28,male,0,97.9,74,95,118,,Seizure,keyword,critical
"My neighbour has heavy vaginal bleeding with dizziness from evening, no bleeding",36,female,0,,,,,,Severe bleeding,paraphrase,critical
My son has child pulling at the ear and crying for three days,8,male,0,,,,,,Ear pain,paraphrase,low
Having bone is bent after the fall for two days,61,male,0,,,,,,Fracture,paraphrase,high
My grandmother has skin is itching after using a new soap since an hour,13,female,0,,,,,,Skin allergy/rash,paraphrase,low
Throat is raw since yesterday for two days,44,female,0,98.0,74,99,119,3,Sore throat,paraphrase,low
My son has bukhar for one week,44,female,0,99.8,81,96,102,4,Mild fever,keyword,low
Patient complains of cannot put weight on the ankle after twisting it for two days,32,male,0,98.9,61,96,128,,Fracture,paraphrase,high
Stiff back since morning since yesterday and poor sleep,50,female,0,98.8,74,98,140,3,Back pain,paraphrase,low
Came with red spots on the arms that itch for two days,43,male,0,97.5,71,98,122,4,Skin allergy/rash,paraphrase,low
Patient complains of stiff back since morning from evening,28,male,0,97.5,70,95,111,3,Back pain,paraphrase,low
Patient complains of hives all over and voice became hoarse,20,female,0,99.1,78,96,141,,Severe allergic reaction,paraphrase,critical
My son has throat is raw since yesterday from evening,3,male,0,97.0,99,96,139,,Sore throat,paraphrase,medium
Pneumonia,48,male,0,96.6,80,97,124,,Chest infection,keyword,medium
Unbearable abdominal since morning,51,female,0,98.8,82,98,136,,Severe abdominal pain,keyword,high
"Throbbing pain on one side of the head with vomiting for two days, not eating well",45,female,0,,,,,5,Severe migraine/headache,paraphrase,medium
"Back is aching while bending for three days, poor sleep, no fever",33,male,0,,,,,,Back pain,paraphrase,low
Pain in the lower spine after lifting since yesterday,48,female,0,,,,,3,Back pain,paraphrase,low
Came with sleep problems for two days,12,female,0,,,,,,Unclassified complaint,unclassified,low
Came with child pulling at the ear and crying since last night,4,male,0,98.3,89,95,110,3,Ear pain,paraphrase,low
Phlegm from evening,24,male,0,98.1,66,97,113,,Chest infection,keyword,medium
"Pain inside the ear and blocked feeling since last night, slight headache",45,male,0,98.7,89,96,106,2,Ear pain,paraphrase,low
Sneezing since yesterday,49,male,0,,,,,2,Cold & cough,keyword,low
Having very hot to touch and rigors at night for three days,17,male,0,103.0,34,96,126,,High fever (>102°F),paraphrase,critical
My wife has cough bringing up green mucus from evening,46,female,0,99.1,90,97,140,,Chest infection,paraphrase,medium
Came with pain while swallowing food since last night,53,male,0,99.0,93,97,120,,Sore throat,paraphrase,low
Abdomen pain,16,male,0,99.5,91,96,135,,Stomach pain (mild),keyword,low
Vomiting for one week,62,female,0,98.7,78,97,163,,Stomach pain (mild),keyword,low
"Belly pain from evening and slight headache, no bleeding",48,male,0,,,,,,Stomach pain (mild),keyword,low
"Throbbing pain on one side of the head with vomiting, no bleeding",9,male,0,,,,,,Severe migraine/headache,paraphrase,medium
Having throat infection since last night,34,male,0,,,,,1,Sore throat,keyword,low
Came with inhaler since last night,22,male,0,,,,,3,Asthma attack (mild),keyword,medium
My daughter has inhaler for one week,63,female,0,,,,,7,Asthma attack (mild),keyword,medium
"Throat swelling , poor sleep, no bleeding",76,female,0,99.3,81,96,136,,Severe allergic reaction,keyword,critical
Temperature 103 with chills since yesterday and not eating well,57,female,0,,,,,,High fever (>102°F),paraphrase,high
My grandmother has vomiting diarrhoea for three days,18,male,0,,,,,,Persistent vomiting,keyword,medium
Patient complains of back ache for three days,67,female,0,98.7,71,96,118,,Back pain,keyword,low
Throwing up everything I eat since yesterday for two days,31,male,0,,,,,,Persistent vomiting,paraphrase,medium
"Skin is itching after using a new soap for two days, mild cough",40,male,0,100.2,92,97,146,2,Skin allergy/rash,paraphrase,low
Hot oil fell on the chest and arms for one week and not eating well,43,male,0,,,,,,Severe burns / electric shock,paraphrase,critical
Fits suddenly,36,male,0,,,,,9,Seizure,keyword,critical
"Patient complains of can't stop vomiting since morning, not unconscious",46,female,0,,,,,,Persistent vomiting,keyword,medium
"Having used the puffer twice, still a bit tight",39,male,0,,,,,,Asthma attack (mild),paraphrase,medium
Came with inhaler suddenly,30,female,0,,,,,,Asthma attack (mild),keyword,medium
Struggling for breath since an hour since morning,47,female,0,,,,,,Breathing difficulty,paraphrase,critical
Soaked three cloths with blood,35,female,0,99.3,75,96,90,,Severe bleeding,paraphrase,critical
Patient complains of hives all over and voice became hoarse for three days,59,female,0,99.3,120,97,114,8,Severe allergic reaction,paraphrase,critical
Came with stiff back since morning since an hour,62,female,0,98.5,87,97,109,5,Back pain,paraphrase,low
Cannot put weight on the ankle after twisting it,41,female,0,,,,,,Fracture,paraphrase,high
"Cough with yellow sputum and fever from evening, slight headache",23,female,1,,,,,5,Chest infection,paraphrase,medium
Came with follow up visit for blood pressure,1,female,0,98.4,71,98,118,,Routine check-up,paraphrase,low
Having stomach is rock hard and paining terribly since yesterday,81,male,0,,,,,10,Severe abdominal pain,paraphrase,high
Having pneumonia from evening,22,male,0,96.9,60,97,129,,Chest infection,keyword,medium
Mild ache in the tummy after food suddenly and feeling tired,32,male,0,97.4,90,98,136,5,Stomach pain (mild),paraphrase,low
"Back is aching while bending from evening, mild cough",62,male,0,,,,,,Back pain,paraphrase,low
Scratchy throat and painful to swallow suddenly,23,female,0,97.7,101,96,143,1,Sore throat,paraphrase,low
Patient complains of back ache for three days,54,male,0,97.5,93,96,134,,Back pain,keyword,low
Mild ache in the tummy after food for three days and body pains,55,male,0,99.1,73,97,114,,Stomach pain (mild),paraphrase,low
My son has keeps vomiting for three days,55,female,0,97.1,101,95,112,,Persistent vomiting,keyword,medium
My son has tongue swelling suddenly,53,female,0,,,,,9,Severe allergic reaction,keyword,critical
Came with mild ache in the tummy after food,60,female,0,,,,,,Stomach pain (mild),paraphrase,low
Scratchy throat and painful to swallow since morning,1,female,0,,,,,,Sore throat,paraphrase,low
Burning with fever,43,male,0,,,,,6,High fever (>102°F),keyword,high
"Jerking movements and foam from mouth suddenly, poor sleep",20,male,0,,,,,,Seizure,paraphrase,critical
My father has chesty cough for a week since an hour,47,female,0,,,,,4,Chest infection,paraphrase,medium
Came with cannot move my leg since morning,35,female,0,97.7,85,98,148,,Fracture,keyword,high
Pulsating headache with nausea since morning suddenly,50,female,0,98.8,84,97,123,,Severe migraine/headache,paraphrase,medium
Patient complains of cannot put weight on the ankle after twisting it since an hour,9,female,0,99.0,88,96,126,,Fracture,paraphrase,high
Came with loss of appetite from evening,36,female,0,,,,,,Unclassified complaint,unclassified,low
My father has lower back since last night,6,female,0,97.4,85,97,116,,Back pain,keyword,low
"Red patches on the back for one week, mild cough",27,female,0,,,,,,Skin allergy/rash,paraphrase,low
"Continuous vomiting and very thirsty from evening, mild cough",18,female,0,98.6,84,96,145,,Persistent vomiting,paraphrase,medium
"Cannot move my leg for one week, poor sleep",48,male,0,99.4,83,97,126,,Fracture,keyword,high
Slightly warm body and tired,56,female,0,100.3,95,96,122,1,Mild fever,paraphrase,low
Patient complains of pain while swallowing food for three days,37,male,0,99.2,76,97,128,,Sore throat,paraphrase,low
Broken ankle from evening,39,female,0,98.4,85,95,113,,Fracture,keyword,high
Having severe headache since an hour,55,female,0,,,,,,Severe migraine/headache,keyword,medium
Came with low grade temperature and body pains for one week,64,female,0,,,,,5,Mild fever,paraphrase,low
My son has mild wheeze after climbing stairs since an hour,71,female,0,,,,,,Asthma attack (mild),paraphrase,medium
Fell off a ladder from the second floor since morning,37,female,0,98.5,79,96,153,,Major trauma,paraphrase,critical
Came with feels like an elephant sitting on my chest for two days,74,male,0,100.4,93,90,111,7,Chest pain / suspected heart attack,paraphrase,critical
Having throwing up everything I eat since yesterday since yesterday,1,male,0,99.9,68,95,109,,Persistent vomiting,paraphrase,medium
Need a fitness certificate,26,female,0,,,,,,Routine check-up,paraphrase,low
Having high temperature since yesterday,8,male,0,103.0,94,99,124,,High fever (>102°F),keyword,high
Rash since last night,62,male,0,,,,,,Skin allergy/rash,keyword,low
Blocked nose and mild cough and mild cough,57,male,0,98.8,60,97,112,1,Cold & cough,paraphrase,low
Having bp check since yesterday,31,male,0,99.7,73,97,116,,Routine check-up,keyword,low
Feels like an elephant sitting on my chest,75,male,0,99.9,96,94,84,,Chest pain / suspected heart attack,paraphrase,critical
"Having loss of appetite for two days, not unconscious",66,male,0,98.8,97,98,133,,Unclassified complaint,unclassified,low
My mother has pulsating headache with nausea since morning,37,male,0,,,,,8,Severe migraine/headache,paraphrase,medium
"My husband has cannot lift left hand since morning, words coming out wrong from evening",56,male,0,98.2,89,98,117,,Stroke signs,paraphrase,critical
"Came with slurred speech for three days, no fever",86,female,0,98.1,91,96,133,7,Stroke signs,keyword,critical
Hives all over and voice became hoarse for one week,19,male,0,99.0,96,97,131,,Severe allergic reaction,paraphrase,critical
"My mother has rolling on the floor with belly pain suddenly, no fever",15,female,0,,,,,,Severe abdominal pain,paraphrase,high
"Having used the puffer twice, still a bit tight for three days",26,male,0,97.7,87,97,130,,Asthma attack (mild),paraphrase,medium
Throwing up everything I eat since yesterday for two days and body pains,30,female,0,,,,,,Persistent vomiting,paraphrase,medium
Having back pain from evening,33,male,0,96.1,87,99,131,2,Back pain,keyword,low
Came with inhaler since yesterday,22,male,0,98.0,77,95,107,7,Asthma attack (mild),keyword,medium
Sharp pain near the heart with sweating,46,female,0,98.0,90,97,110,,Chest pain / suspected heart attack,paraphrase,critical
Hot oil fell on the chest and arms,13,male,0,99.1,78,98,128,,Severe burns / electric shock,paraphrase,critical
"Feverish from evening, poor sleep",22,female,0,101.3,80,97,130,4,Mild fever,keyword,low
Patient complains of cough bringing up green mucus suddenly,19,female,0,,,,,,Chest infection,paraphrase,medium
My daughter has burning hot body and shivering since two days for three days,1,female,0,102.3,86,97,135,,High fever (>102°F),paraphrase,high
Having hives since an hour,83,male,0,,,,,,Skin allergy/rash,keyword,low
My mother has face puffed up and breathing noisy after an injection since an hour,41,female,0,98.4,127,97,136,,Severe allergic reaction,paraphrase,critical
Patient complains of fell from a building,43,male,0,,,,,9,Major trauma,keyword,critical
Having runny nose and sneezing since two days for three days,27,male,0,,,,,1,Cold & cough,paraphrase,low
"Having need a fitness certificate , no chest pain",56,male,0,,,,,,Routine check-up,paraphrase,low
Came with lost consciousness at home for one week,23,female,0,99.5,97,97,103,,Unconscious / collapsed,paraphrase,critical
Wheezing for one week,26,female,1,98.7,101,97,130,,Asthma attack (mild),keyword,medium
"Mild ache in the tummy after food suddenly, a little nausea",48,female,0,97.9,97,98,140,,Stomach pain (mild),paraphrase,low
Persistent vomiting since last night,36,male,0,,,,,,Persistent vomiting,keyword,medium
Patient complains of low grade temperature and body pains from evening,21,female,0,100.2,75,97,129,2,Mild fever,paraphrase,low
My wife has bone is bent after the fall for two days,40,male,0,99.8,79,100,152,6,Fracture,paraphrase,high
Came with blacked out for two days,22,male,0,99.4,32,98,126,,Unconscious / collapsed,keyword,critical
Came with cough bringing up green mucus,34,female,0,98.8,78,98,127,4,Chest infection,paraphrase,low
Came with pain in the lower spine after lifting since yesterday,43,female,0,97.2,79,97,114,3,Back pain,paraphrase,low
High temperature from evening,51,female,0,,,,,,High fever (>102°F),keyword,high
Worst head pain of my life,39,male,0,,,,,,Severe migraine/headache,paraphrase,medium
My husband has appendicitis for three days,21,male,0,97.6,46,95,136,9,Severe abdominal pain,keyword,high
Came with routine from evening,55,female,0,,,,,,Routine check-up,keyword,low
Neck pain for one week and a little nausea,31,male,0,98.1,58,97,125,3,Back pain,keyword,low
My mother has continuous vomiting and very thirsty since yesterday,54,male,0,98.8,67,97,104,,Persistent vomiting,paraphrase,medium
Broken arm for two days,33,male,0,,,,,,Fracture,keyword,high
"Used the puffer twice, still a bit tight suddenly",54,male,0,,,,,,Asthma attack (mild),paraphrase,medium
Very high fever,37,male,0,,,,,,High fever (>102°F),keyword,high
Ear pain since morning,40,female,0,98.0,95,98,116,,Ear pain,keyword,low
"Came with follow up for three days, no fever",11,female,0,98.6,94,97,141,,Routine check-up,keyword,low
"Excruciating pain in the abdomen since night suddenly, not eating well",41,male,0,,,,,,Severe abdominal pain,paraphrase,high
Having excruciating pain in the abdomen since night suddenly,27,female,0,98.3,59,95,107,6,Severe abdominal pain,paraphrase,high
"Skin is itching after using a new soap , poor sleep",35,male,0,99.2,85,96,141,,Skin allergy/rash,paraphrase,low
Productive cough since last night and slight headache,56,female,0,,,,,8,Chest infection,keyword,medium
Ear is aching,28,male,0,98.8,91,99,113,,Ear pain,paraphrase,low
"Face puffed up and breathing noisy after an injection from evening, feeling tired",49,female,0,98.6,87,98,144,7,Severe allergic reaction,paraphrase,critical
Having keep vomiting for one week,63,male,0,98.6,90,89,144,3,Persistent vomiting,keyword,critical
"Fracture , poor sleep",32,male,0,97.3,107,97,152,5,Fracture,keyword,high
Having blood is gushing from the cut since morning,3,male,0,99.4,74,97,106,6,Severe bleeding,paraphrase,critical
Came with splitting headache suddenly,19,male,0,98.6,66,99,138,5,Severe migraine/headache,keyword,medium
Came with ear is aching for one week,1,female,0,,,,,,Ear pain,paraphrase,low
Splitting headache since yesterday and feeling tired,42,male,0,,,,,7,Severe migraine/headache,keyword,medium
Broken ankle since an hour and slight headache,57,male,0,97.7,65,95,124,,Fracture,keyword,high
Having mild wheeze after climbing stairs for one week,40,male,0,,,,,5,Asthma attack (mild),paraphrase,medium
Having dislocated shoulder from evening,6,male,0,99.6,84,98,128,,Fracture,keyword,high
Came with heard a crack in the wrist and it is swollen from evening,1,female,0,98.5,96,98,120,9,Fracture,paraphrase,high
"Patient complains of pain in my ear for two days, no bleeding",53,male,0,,,,,1,Ear pain,keyword,low
Came with asthma for two days,51,female,0,98.4,95,97,125,6,Asthma attack (mild),keyword,medium
Chesty cough for a week since morning and body pains,85,female,0,98.2,60,99,120,,Chest infection,paraphrase,medium
My daughter has cannot put weight on the ankle after twisting it since last night,51,male,0,,,,,,Fracture,paraphrase,high
Patient complains of tummy ache since an hour,27,male,0,98.2,82,98,133,1,Stomach pain (mild),keyword,low
"Came with severe burn suddenly, no vomiting",51,male,0,,,,,8,Severe burns / electric shock,keyword,critical
Came with unbearable pain in the lower right side of the tummy for three days,39,male,0,,,,,,Severe abdominal pain,paraphrase,high
Having unbearable pain in the lower right side of the tummy suddenly,31,female,0,,,,,,Severe abdominal pain,paraphrase,high
"Patient complains of repeated vomiting since yesterday, no chest pain",26,male,0,98.7,78,95,153,,Persistent vomiting,keyword,medium
Patient complains of arm looks deformed after falling from the bike suddenly,44,female,0,98.9,32,98,128,,Fracture,paraphrase,critical
"Itching for one week, not eating well",16,female,0,98.6,77,97,124,,Skin allergy/rash,keyword,low
Low grade temperature and body pains from evening and poor sleep,56,female,0,100.3,87,97,137,4,Mild fever,paraphrase,low
Came with need to collect my monthly medicines since an hour,43,female,0,99.1,71,95,120,,Routine check-up,paraphrase,low
Came with temperature 103 with chills for one week,28,male,0,,,,,,High fever (>102°F),paraphrase,high
My neighbour has throat irritation and cold since morning,12,male,0,98.3,92,97,119,1,Cold & cough,paraphrase,low
"Red spots on the arms that itch for one week, feeling tired",34,female,0,98.4,73,96,134,,Skin allergy/rash,paraphrase,low
Having cannot put weight on the ankle after twisting it,92,male,0,99.2,70,97,97,,Fracture,paraphrase,high
Having suicide attempt suddenly,1,female,0,98.9,87,96,130,,Poisoning / bite / overdose,keyword,critical
Rolling on the floor with belly pain since morning and a little nausea,66,female,0,,,,,,Severe abdominal pain,paraphrase,high
Came with loose motion since yesterday,60,female,0,99.3,92,97,139,,Stomach pain (mild),keyword,low
Patient complains of pain in throat for one week,68,female,0,,,,,,Sore throat,keyword,low
Appendicitis for two days and slight headache,40,male,0,98.8,76,98,138,,Severe abdominal pain,keyword,high
"Scratchy throat and painful to swallow since morning, feeling tired",34,female,0,,,,,,Sore throat,paraphrase,low
"Caught fire for three days, feeling tired",20,male,0,98.5,85,98,77,,Severe burns / electric shock,keyword,critical
My husband has asthma from evening,24,female,0,99.8,87,98,130,,Asthma attack (mild),keyword,medium
My daughter has vomiting diarrhea since morning,8,female,0,99.3,92,97,119,6,Persistent vomiting,keyword,medium
Facial droop for one week and feeling tired,32,male,0,98.4,95,96,139,7,Stroke signs,keyword,critical
"Used the puffer twice, still a bit tight since yesterday, mild cough",43,female,0,,,,,,Asthma attack (mild),paraphrase,medium
Pain inside the ear and blocked feeling for two days and mild cough,5,male,0,,,,,,Ear pain,paraphrase,low
Patient complains of drank floor cleaner since last night,44,male,0,98.2,88,95,121,,Poisoning / bite / overdose,paraphrase,critical
Burns on face and hands from a gas cylinder,30,female,0,,,,,,Severe burns / electric shock,paraphrase,critical
Having ear pain since last night,43,female,0,,,,,,Ear pain,keyword,low
Patient complains of itching since morning,51,male,0,99.2,57,95,104,3,Skin allergy/rash,keyword,low
Patient complains of skin is itching after using a new soap since last night,1,female,0,98.6,81,97,128,,Skin allergy/rash,paraphrase,low
"My mother has cannot lift left hand since morning, words coming out wrong since yesterday",62,female,0,98.7,78,97,86,,Stroke signs,paraphrase,critical
Heard a crack in the wrist and it is swollen,38,female,0,98.9,88,98,140,7,Fracture,paraphrase,high
"Bronchitis from evening, mild cough",32,male,0,98.9,86,97,135,,Chest infection,keyword,medium
Worst headache for two days and not eating well,59,female,0,98.1,77,98,120,6,Severe migraine/headache,keyword,medium
Came with persistent vomiting since last night,70,female,0,98.2,85,97,136,,Persistent vomiting,keyword,medium
Having arm looks deformed after falling from the bike,37,female,0,98.2,63,95,127,9,Fracture,paraphrase,high
"Having used the puffer twice, still a bit tight from evening, no breathing difficulty",8,male,0,,,,,,Asthma attack (mild),paraphrase,medium
Having sudden weakness in right arm and leg,39,female,0,,,,,,Stroke signs,paraphrase,critical
"Ear pain since morning, mild cough",44,male,0,98.9,95,97,127,,Ear pain,keyword,low
Came with bone broke since last night,41,female,0,98.0,82,97,102,,Fracture,keyword,high
Bronchitis and mild cough,23,male,0,99.3,89,99,131,,Chest infection,keyword,medium
Came with cannot keep even water down for three days,5,female,0,97.2,75,96,119,,Persistent vomiting,paraphrase,medium
My son has bukhar for three days,70,female,0,,,,,3,Mild fever,keyword,low
"Used the puffer twice, still a bit tight",18,female,1,,,,,,Asthma attack (mild),paraphrase,medium
Choking for two days,13,female,0,98.5,70,94,138,,Breathing difficulty,keyword,critical
Patient complains of blocked nose and mild cough from evening,69,male,0,,,,,1,Cold & cough,paraphrase,low
Follow up visit for blood pressure since last night,42,female,0,,,,,4,Routine check-up,paraphrase,low
Came with inhaler for two days,63,female,0,98.9,86,96,132,,Asthma attack (mild),keyword,medium
Came with not waking up,47,female,0,99.1,118,99,135,,Unconscious / collapsed,keyword,critical
Patient complains of need to collect my monthly medicines for three days,81,female,0,97.7,100,98,136,,Routine check-up,paraphrase,low
Tight chest for one week,45,male,0,,,,,,Chest pain / suspected heart attack,keyword,critical
Patient complains of anaphylaxis since an hour,36,male,0,97.9,82,98,129,,Severe allergic reaction,keyword,critical
"Having chesty cough for a week , not unconscious",26,female,0,98.4,78,99,124,,Chest infection,paraphrase,medium
Chest is burning and left arm feels numb since an hour and feeling tired,46,female,0,,,,,6,Chest pain / suspected heart attack,paraphrase,critical
"Patient complains of cannot lift left hand since morning, words coming out wrong for one week",15,male,0,,,,,,Stroke signs,paraphrase,critical
"My daughter has used the puffer twice, still a bit tight since an hour",13,female,0,,,,,5,Asthma attack (mild),paraphrase,medium
My mother has earache suddenly,39,male,0,99.0,97,99,122,4,Ear pain,keyword,low
"Check-up since yesterday, feeling tired",24,female,0,97.4,79,98,188,1,Routine check-up,keyword,high
Came with productive cough since last night,67,female,0,99.1,69,97,101,7,Chest infection,keyword,medium
My father has vomited ten times since morning,24,male,0,98.5,93,96,122,,Persistent vomiting,paraphrase,medium
My grandmother has fever shivering from evening,59,female,0,103.9,76,98,98,,High fever (>102°F),keyword,high
Having bad headache since last night,20,male,0,99.5,75,98,87,3,Severe migraine/headache,keyword,critical
Having asthma since yesterday,47,female,0,,,,,7,Asthma attack (mild),keyword,medium
"Came with scratchy throat and painful to swallow for three days, no bleeding",57,female,0,98.8,81,98,122,1,Sore throat,paraphrase,low
Inhaler since an hour,48,male,0,98.3,80,98,117,4,Asthma attack (mild),keyword,medium
"Came with broken wrist from evening, no chest pain",74,male,0,98.6,88,98,120,,Fracture,keyword,high
"Red patches on the back since morning, feeling tired",45,female,0,,,,,,Skin allergy/rash,paraphrase,low
"Burning in the stomach after spicy food from evening, mild cough",21,female,0,98.6,96,95,133,,Stomach pain (mild),paraphrase,low
Came with chest infection from evening,28,female,0,98.7,82,99,121,6,Chest infection,keyword,medium
Red spots on the arms that itch since an hour and body pains,21,female,0,,,,,,Skin allergy/rash,paraphrase,low
"Chest tight and whistling sound when breathing since yesterday, mild cough",72,female,0,98.1,85,98,135,,Asthma attack (mild),paraphrase,medium
My mother has fever touching 104 since yesterday for one week,24,male,0,102.8,84,98,103,,High fever (>102°F),paraphrase,high
Came with chest tight and whistling sound when breathing,30,male,0,,,,,,Asthma attack (mild),paraphrase,medium
Inhaler since last night and poor sleep,69,male,0,,,,,,Asthma attack (mild),keyword,medium
"Patient complains of need to collect my monthly medicines for one week, no bleeding",66,female,0,97.9,67,95,150,,Routine check-up,paraphrase,low
"Arm looks deformed after falling from the bike suddenly, mild cough",8,female,0,98.6,78,96,139,,Fracture,paraphrase,high
Follow-up since yesterday,21,female,0,,,,,5,Routine check-up,keyword,low
My wife has child pulling at the ear and crying,12,male,0,99.0,83,98,138,5,Ear pain,paraphrase,low
"Wheezing since morning, body pains",40,female,0,97.8,90,97,108,6,Asthma attack (mild),keyword,medium
My son has hives all over and voice became hoarse since yesterday,45,male,0,98.1,76,97,121,,Severe allergic reaction,paraphrase,critical
Patient complains of severe tummy suddenly,49,female,0,,,,,,Severe abdominal pain,keyword,high
"Throat infection from evening, poor sleep",76,female,0,,,,,2,Sore throat,keyword,low
Broken wrist from evening and mild cough,40,female,0,,,,,,Fracture,keyword,high
My wife has skin peeled off after boiling water spilled for two days,28,male,0,98.8,80,97,112,10,Severe burns / electric shock,paraphrase,critical
Burning in the stomach after spicy food,15,male,0,98.6,89,97,121,1,Stomach pain (mild),paraphrase,low
Excruciating pain in the abdomen since night from evening and body pains,61,male,0,98.5,32,96,116,7,Severe abdominal pain,paraphrase,critical
Mild wheeze after climbing stairs since morning and poor sleep,1,female,0,98.4,72,99,109,4,Asthma attack (mild),paraphrase,medium
"My daughter has cough with yellow sputum and fever for one week, no chest pain",28,female,0,,,,,3,Chest infection,paraphrase,medium
Patient complains of burnt badly for three days,50,male,0,98.1,91,97,125,,Severe burns / electric shock,keyword,critical
Keep vomiting,62,male,0,98.8,83,98,146,,Persistent vomiting,keyword,medium
Repeated vomiting since last night,29,female,0,,,,,,Persistent vomiting,keyword,medium
My father has ear pain since yesterday,46,female,0,98.7,93,98,111,,Ear pain,keyword,low
Patient complains of upset stomach and gas since an hour,43,female,0,98.0,93,98,106,2,Stomach pain (mild),paraphrase,low
Came with migraine,54,male,0,97.8,96,96,141,,Severe migraine/headache,keyword,medium
"Belly pain, no breathing difficulty",50,male,0,99.7,96,97,119,1,Stomach pain (mild),keyword,low
Vomited ten times since morning,36,female,0,,,,,8,Persistent vomiting,paraphrase,medium
Review visit,69,male,0,99.1,83,97,123,,Routine check-up,keyword,low
"Came with body ache since last night, no bleeding",55,male,0,101.3,94,96,131,3,Mild fever,keyword,low
"Ear is aching for two days, slight headache",36,female,0,,,,,2,Ear pain,paraphrase,low
Came with bukhar suddenly,40,female,0,99.8,79,98,128,,Mild fever,keyword,low
Cannot put weight on the ankle after twisting it,49,female,0,,,,,10,Fracture,paraphrase,high
Stomach is rock hard and paining terribly suddenly,63,male,0,99.0,88,92,126,,Severe abdominal pain,paraphrase,high
Cough with yellow sputum and fever since morning and poor sleep,41,female,0,99.0,73,97,79,8,Chest infection,paraphrase,critical
"Acute abdomen for one week, no bleeding",64,female,0,,,,,8,Severe abdominal pain,keyword,high
Knife injury to the stomach suddenly and mild cough,92,female,0,97.6,78,98,74,,Major trauma,paraphrase,critical
Came with heard a crack in the wrist and it is swollen since yesterday,45,male,0,98.3,87,98,118,9,Fracture,paraphrase,high
Very hot to touch and rigors at night,52,female,0,103.5,68,97,132,5,High fever (>102°F),paraphrase,high
"Vaccination for one week, poor sleep",36,female,0,99.9,74,100,132,,Routine check-up,keyword,low
Bukhar for one week,75,male,0,101.3,82,99,114,2,Mild fever,keyword,low
Stomach very severe since morning and body pains,44,male,0,98.8,80,97,89,,Severe abdominal pain,keyword,critical
Patient complains of check-up for three days,32,male,0,98.5,88,98,108,3,Routine check-up,keyword,low
Patient complains of burning hot body and shivering since two days since yesterday,34,male,0,,,,,,High fever (>102°F),paraphrase,high
Having red spots on the arms that itch,62,male,0,,,,,,Skin allergy/rash,paraphrase,low
Throbbing pain on one side of the head with vomiting for three days and body pains,9,male,0,98.9,91,96,146,,Severe migraine/headache,paraphrase,medium
Having burning in the stomach after spicy food since an hour,39,female,0,,,,,,Stomach pain (mild),paraphrase,low
Having throbbing pain on one side of the head with vomiting suddenly,21,female,0,98.4,94,97,148,,Severe migraine/headache,paraphrase,medium
Came with unresponsive since last night,51,female,0,98.6,75,90,124,,Unconscious / collapsed,keyword,critical
Patient complains of cannot keep even water down,47,male,0,99.1,88,98,121,,Persistent vomiting,paraphrase,medium
Having pain in ear for two days,8,female,0,,,,,,Ear pain,keyword,low
Soaked three cloths with blood,22,male,0,,,,,,Severe bleeding,paraphrase,critical
My wife has came for regular sugar test for one week,43,male,0,98.1,89,98,107,,Routine check-up,paraphrase,low
Came with burning hot body and shivering since two days suddenly,47,female,0,,,,,,High fever (>102°F),paraphrase,high
"My grandmother has continuous vomiting , no vomiting",34,female,0,98.4,85,79,117,,Persistent vomiting,keyword,critical
Rolling on the floor with belly pain and feeling tired,37,female,0,,,,,,Severe abdominal pain,paraphrase,high
Review visit since yesterday,17,male,0,98.9,94,99,135,,Routine check-up,keyword,low
Came with chest tight and whistling sound when breathing since morning,26,male,0,99.1,72,97,120,5,Asthma attack (mild),paraphrase,medium
"Used the puffer twice, still a bit tight",50,female,0,,,,,,Asthma attack (mild),paraphrase,medium
Bad headache,24,female,1,,,,,,Severe migraine/headache,keyword,medium
Patient complains of neck pain for three days,29,male,0,99.5,101,97,112,,Back pain,keyword,medium
Body ache for two days,38,male,0,,,,,3,Mild fever,keyword,low
"High temperature since last night, no vomiting",74,female,0,102.9,99,96,130,,High fever (>102°F),keyword,high
Came with deep cut on the leg bleeding non stop from evening,41,female,0,,,,,,Severe bleeding,paraphrase,critical
Red patches on the back,44,male,0,,,,,,Skin allergy/rash,paraphrase,low
Came with can't move one side since yesterday,34,female,0,98.1,45,98,127,,Stroke signs,keyword,critical
My neighbour has broken arm since last night,44,female,0,98.4,123,98,135,9,Fracture,keyword,high
Came with pesticide from evening,38,male,0,98.2,35,98,125,6,Poisoning / bite / overdose,keyword,critical
Migraine since morning,38,female,0,98.7,81,98,117,,Severe migraine/headache,keyword,medium
"Wheezing for three days, mild cough",20,male,0,99.1,64,96,112,,Asthma attack (mild),keyword,low
Head is pounding and light hurts the eyes for two days,17,male,0,99.0,98,98,124,,Severe migraine/headache,paraphrase,medium
Cannot keep even water down suddenly and poor sleep,35,female,0,98.1,74,98,138,3,Persistent vomiting,paraphrase,medium
Having back is aching while bending for two days,49,female,0,,,,,,Back pain,paraphrase,low
Patient complains of stiff back since morning since an hour,6,female,0,99.1,99,98,120,,Back pain,paraphrase,low
Came with bukhar since an hour,24,female,0,101.3,90,99,88,4,Mild fever,keyword,critical
Having pain in the lower spine after lifting,35,male,0,,,,,1,Back pain,paraphrase,low
Temperature 103 with chills for three days and body pains,22,male,0,102.4,100,98,116,7,High fever (>102°F),paraphrase,high
Came with vomiting since since morning,38,female,0,,,,,3,Persistent vomiting,keyword,medium
Bp check from evening,37,male,0,98.2,93,96,133,2,Routine check-up,keyword,low
Patient complains of vomiting many times for three days,52,female,0,,,,,8,Persistent vomiting,keyword,medium
Patient complains of stiff back since morning since yesterday,9,female,0,97.5,85,96,131,5,Back pain,paraphrase,medium
Pain in throat,35,male,0,,,,,,Sore throat,keyword,low
Scratchy throat and painful to swallow,33,female,0,99.4,79,97,137,,Sore throat,paraphrase,low
Face puffed up and breathing noisy after an injection,66,male,0,,,,,,Severe allergic reaction,paraphrase,critical
Came with throwing up everything I eat since yesterday since morning,49,female,0,99.7,70,99,120,4,Persistent vomiting,paraphrase,medium
Came with cough with yellow sputum and fever for two days,25,female,0,,,,,4,Chest infection,paraphrase,medium
"Keeps vomiting suddenly, mild cough",23,female,0,,,,,,Persistent vomiting,keyword,medium
"Inhaler since an hour, a little nausea",69,male,0,,,,,3,Asthma attack (mild),keyword,medium
My father has vomiting diarrhoea suddenly,40,female,1,98.1,84,96,136,,Persistent vomiting,keyword,medium
"Unbearable stomach , feeling tired, no chest pain",1,male,0,98.2,132,100,138,,Severe abdominal pain,keyword,critical
Came with continuous vomiting and very thirsty for one week,37,female,0,98.8,67,97,152,,Persistent vomiting,paraphrase,medium
Having not responding to calls suddenly,46,female,0,99.0,84,98,140,10,Unconscious / collapsed,paraphrase,critical
Burning in the stomach after spicy food for three days and poor sleep,68,male,0,,,,,1,Stomach pain (mild),paraphrase,low
"Temperature from evening, body pains",38,female,0,,,,,2,Mild fever,keyword,low
Very hot to touch and rigors at night for one week and not eating well,56,male,0,,,,,10,High fever (>102°F),paraphrase,high
Patient complains of upset stomach and gas for one week,60,female,0,99.8,94,99,143,,Stomach pain (mild),paraphrase,low
Came with very high fever since last night,59,male,0,103.3,62,97,123,10,High fever (>102°F),keyword,high
My husband has scratchy throat and painful to swallow from evening,1,male,0,99.1,79,98,144,3,Sore throat,paraphrase,low
Stomach very severe from evening,29,female,0,,,,,,Severe abdominal pain,keyword,high
Came with need to collect my monthly medicines from evening,40,male,0,98.4,96,96,135,,Routine check-up,paraphrase,low
Patient complains of loose stools since morning for three days,54,male,0,,,,,,Stomach pain (mild),paraphrase,low
My husband has runny nose for three days,10,male,0,99.4,81,97,127,1,Cold & cough,keyword,low
"Fever shivering for three days, mild cough",58,female,0,102.4,86,98,82,5,High fever (>102°F),keyword,critical
"Heart is hurting badly since an hour, a little nausea",17,female,0,99.2,82,96,102,,Chest pain / suspected heart attack,paraphrase,critical
My father has worst head pain of my life,69,female,0,,,,,8,Severe migraine/headache,paraphrase,medium
Patient complains of vomited ten times since morning suddenly,32,female,0,,,,,,Persistent vomiting,paraphrase,medium
"Air hunger, cannot talk in full sentences for two days and feeling tired",40,female,0,99.8,96,97,124,10,Breathing difficulty,paraphrase,critical
"Cough with sputum , poor sleep",43,male,0,99.2,59,99,158,,Chest infection,keyword,medium
Came with my chest feels heavy and I am sweating for two days,38,male,0,98.2,70,98,136,,Chest pain / suspected heart attack,paraphrase,critical
Hit by car,38,female,0,,,,,,Major trauma,keyword,critical
Having runny nose and sneezing since two days since an hour,7,female,0,97.8,74,97,114,,Cold & cough,paraphrase,low
Abdominal pain since an hour and body pains,75,female,0,98.0,67,97,122,,Stomach pain (mild),keyword,low
Came with excruciating pain in the abdomen since night since morning,21,male,0,98.3,92,98,140,5,Severe abdominal pain,paraphrase,high
Cough with yellow sputum and fever for two days and body pains,37,female,0,98.1,84,83,114,,Chest infection,paraphrase,critical
Having pain in chest since an hour,66,female,0,,,,,,Chest pain / suspected heart attack,keyword,critical
Came with cough with sputum since morning,57,female,0,,,,,6,Chest infection,keyword,medium
Came with bronchitis,48,female,0,,,,,,Chest infection,keyword,medium
Very hot to touch and rigors at night,27,female,0,103.5,98,98,74,,High fever (>102°F),paraphrase,critical
"My son has vaccination since an hour, no fever",27,male,0,98.1,68,96,112,,Routine check-up,keyword,low
Severe headache for one week,19,female,0,99.2,72,97,110,,Severe migraine/headache,keyword,medium
Unbearable pain in the lower right side of the tummy since yesterday and a little nausea,5,female,0,99.0,91,97,137,,Severe abdominal pain,paraphrase,high
Throat is raw since yesterday since morning and poor sleep,49,male,0,,,,,5,Sore throat,paraphrase,low
"Wheezing since morning, poor sleep",54,female,0,98.0,84,97,122,,Asthma attack (mild),keyword,medium
Came with throwing up everything I eat since yesterday for one week,65,female,0,,,,,6,Persistent vomiting,paraphrase,medium
Patient complains of child pulling at the ear and crying since morning,12,female,0,99.1,74,95,145,2,Ear pain,paraphrase,low
My mother has tonsillitis for two days,69,female,0,98.6,93,96,105,,Sore throat,keyword,low
"Heard a crack in the wrist and it is swollen suddenly, slight headache",48,male,0,98.3,71,97,132,,Fracture,paraphrase,high
"Sudden loss of balance and blurred vision since yesterday, mild cough",55,male,0,,,,,,Stroke signs,paraphrase,critical
Asthma suddenly and poor sleep,51,female,0,,,,,,Asthma attack (mild),keyword,medium
Skin is itching after using a new soap since morning and poor sleep,44,female,0,,,,,1,Skin allergy/rash,paraphrase,low
Slightly warm body and tired,35,male,0,100.2,84,97,110,,Mild fever,paraphrase,low
My wife has back ache since morning,77,female,0,,,,,,Back pain,keyword,low
Having bronchitis since last night,11,male,0,97.9,86,97,131,,Chest infection,keyword,medium
Patient complains of phlegm for two days,66,female,0,98.2,49,96,132,,Chest infection,keyword,medium
Having fell from a tree since morning,48,female,0,,,,,,Major trauma,keyword,critical
Patient complains of burn face since last night,35,male,0,,,,,,Severe burns / electric shock,keyword,critical
High temperature,44,female,0,,,,,,High fever (>102°F),keyword,high
Rolling on the floor with belly pain from evening,19,male,0,98.0,63,96,136,8,Severe abdominal pain,paraphrase,high
Severe headache,49,female,0,98.7,82,98,102,,Severe migraine/headache,keyword,medium
My son has cough with yellow sputum and fever from evening,21,male,0,,,,,,Chest infection,paraphrase,medium
My son has slightly warm body and tired since last night,28,male,0,100.0,63,97,135,2,Mild fever,paraphrase,low
"Cannot put weight on the ankle after twisting it for one week, body pains",54,female,0,98.5,89,97,105,,Fracture,paraphrase,high
My son has chest tight and whistling sound when breathing for two days,14,female,0,,,,,3,Asthma attack (mild),paraphrase,medium
My wife has throat is raw since yesterday since last night,38,female,0,,,,,4,Sore throat,paraphrase,low
Throwing up everything I eat since yesterday for one week and mild cough,54,female,0,,,,,4,Persistent vomiting,paraphrase,medium
Splitting headache since yesterday,46,female,0,99.6,95,97,119,5,Severe migraine/headache,keyword,medium
Scratchy throat and painful to swallow,39,female,0,99.7,71,95,107,,Sore throat,paraphrase,low
Head hit the road hard and vomiting since morning,31,female,0,97.5,62,95,148,6,Major trauma,paraphrase,critical
Acute abdomen since morning and body pains,1,female,0,98.9,89,97,126,,Severe abdominal pain,keyword,high
Having stomachache suddenly,21,male,0,98.6,90,96,127,,Stomach pain (mild),keyword,low
Came with knife injury to the stomach since morning,42,female,0,,,,,,Major trauma,paraphrase,critical
Speech became unclear suddenly since yesterday,30,female,0,97.7,156,97,117,,Stroke signs,paraphrase,critical
Patient complains of skin allergy since last night,43,female,0,97.7,75,95,127,,Skin allergy/rash,keyword,low
My son has cough with yellow sputum and fever from evening,34,male,0,97.9,88,97,126,,Chest infection,paraphrase,medium
Came with pain inside the ear and blocked feeling for two days,51,male,0,,,,,,Ear pain,paraphrase,low
"Having ear infection , no chest pain",6,female,0,98.3,76,97,109,,Ear pain,keyword,low
Cough with yellow sputum and fever for one week,68,female,0,98.9,93,99,149,,Chest infection,paraphrase,medium
Came with keep vomiting since last night,16,male,0,,,,,3,Persistent vomiting,keyword,medium
Keep vomiting since yesterday,67,male,0,,,,,,Persistent vomiting,keyword,medium
Accident,33,male,0,98.7,64,97,115,6,Major trauma,keyword,critical
Can't catch breath while sitting,53,male,0,98.4,90,97,82,,Breathing difficulty,paraphrase,critical
Having neck pain for three days,41,female,0,99.5,72,96,98,2,Back pain,keyword,low
My husband has pulsating headache with nausea since morning since morning,38,female,0,,,,,,Severe migraine/headache,paraphrase,medium
Itching since an hour,37,female,0,99.1,77,95,122,1,Skin allergy/rash,keyword,low
My father has worst headache for three days,57,male,0,98.8,96,97,121,,Severe migraine/headache,keyword,medium
Patient complains of sudden loss of balance and blurred vision for three days,62,female,0,98.8,153,96,130,6,Stroke signs,paraphrase,critical
My husband has found lying on the floor not answering,1,male,0,97.9,35,98,117,9,Unconscious / collapsed,paraphrase,critical
Eczema from evening,55,male,0,,,,,,Skin allergy/rash,keyword,low
Burning in the stomach after spicy food,49,female,0,,,,,2,Stomach pain (mild),paraphrase,low
Having check up since morning,63,female,0,97.6,75,94,134,,Routine check-up,keyword,low
Patient complains of indigestion since morning,64,male,0,98.2,87,97,153,5,Stomach pain (mild),keyword,low
My son has fever touching 104 since yesterday since yesterday,6,female,0,102.5,70,96,125,,High fever (>102°F),paraphrase,high
"Bronchitis since an hour, no fever",50,male,0,,,,,,Chest infection,keyword,medium
Pain in the lower spine after lifting from evening and a little nausea,26,male,0,,,,,5,Back pain,paraphrase,low
Patient complains of throwing up everything I eat since yesterday since last night,19,male,0,99.2,88,97,112,,Persistent vomiting,paraphrase,medium
My husband has face drooping for two days,39,female,0,98.8,89,97,195,7,Stroke signs,keyword,critical
Came with speech became unclear suddenly for one week,71,female,0,98.8,99,97,134,,Stroke signs,paraphrase,critical
Severe belly,2,female,0,,,,,7,Severe abdominal pain,keyword,high
"Having loose stools since morning suddenly, no bleeding",88,female,0,,,,,1,Stomach pain (mild),paraphrase,low
Asthma and poor sleep,65,female,0,99.3,46,96,143,8,Asthma attack (mild),keyword,medium
Came with eczema from evening,49,female,0,100.0,83,95,115,,Skin allergy/rash,keyword,low
Patient complains of acute abdomen since yesterday,51,female,0,99.2,100,98,120,,Severe abdominal pain,keyword,high
My neighbour has sudden weakness in right arm and leg since morning,21,female,0,,,,,,Stroke signs,paraphrase,critical
Patient complains of heart is hurting badly since yesterday,62,female,0,,,,,,Chest pain / suspected heart attack,paraphrase,critical
"Unbearable pain in the lower right side of the tummy from evening, feeling tired",33,male,0,99.8,68,96,125,,Severe abdominal pain,paraphrase,high
"Neck pain, no chest pain",35,female,0,99.0,76,99,110,3,Back pain,keyword,low
Blocked nose,25,female,0,98.1,77,99,137,5,Cold & cough,keyword,low
Having ear is aching since an hour,69,female,0,98.8,91,98,129,,Ear pain,paraphrase,low
Having burning with fever,50,male,0,102.5,147,96,113,,High fever (>102°F),keyword,critical
Kerosene,68,male,0,98.3,90,97,119,,Poisoning / bite / overdose,keyword,critical
Came with productive cough for two days,73,male,0,,,,,,Chest infection,keyword,medium
My mother has feeling feverish since evening for one week,38,female,0,101.3,86,98,113,4,Mild fever,paraphrase,low
Came with high temperature suddenly,64,male,0,103.7,59,95,104,,High fever (>102°F),keyword,high
Having pain inside the ear and blocked feeling since an hour,1,female,0,98.6,85,97,118,,Ear pain,paraphrase,low
Came with very high fever for two days,31,female,0,,,,,7,High fever (>102°F),keyword,high
Patient complains of chest heavy,6,male,0,99.7,140,100,162,,Chest pain / suspected heart attack,keyword,critical
Having mild wheeze after climbing stairs since an hour,35,male,0,98.4,80,97,136,4,Asthma attack (mild),paraphrase,medium
"Cannot put weight on the ankle after twisting it and slight headache, no chest pain",50,female,0,98.2,88,94,123,,Fracture,paraphrase,high
Skin allergy suddenly and mild cough,56,male,0,98.8,89,96,129,,Skin allergy/rash,keyword,low
Patient complains of fever touching 104 since yesterday since morning,32,female,0,103.1,76,97,126,6,High fever (>102°F),paraphrase,high
Worst head pain of my life,30,female,1,,,,,,Severe migraine/headache,paraphrase,medium
Having chest pain since morning,52,male,0,98.7,84,97,90,,Chest pain / suspected heart attack,keyword,critical
"Used the puffer twice, still a bit tight for two days",41,female,0,,,,,,Asthma attack (mild),paraphrase,medium
"Sneezing since yesterday, no chest pain",51,female,0,99.3,83,97,137,2,Cold & cough,keyword,low
Having fever for three days,37,female,0,99.9,91,97,122,,Mild fever,keyword,low
"Follow up visit for blood pressure from evening, poor sleep",39,male,0,,,,,,Routine check-up,paraphrase,low
Having chest tight and whistling sound when breathing since an hour,16,male,0,99.6,73,97,134,,Asthma attack (mild),paraphrase,medium
"Face puffed up and breathing noisy after an injection since yesterday, not eating well",21,male,0,,,,,,Severe allergic reaction,paraphrase,critical
Patient complains of neck pain since last night,11,male,0,,,,,5,Back pain,keyword,low
My husband has skin is itching after using a new soap since morning,50,male,0,97.7,82,96,137,,Skin allergy/rash,paraphrase,low
"Having used the puffer twice, still a bit tight suddenly",13,female,0,99.5,79,98,140,,Asthma attack (mild),paraphrase,medium
Patient complains of general weakness since an hour,32,female,0,97.6,70,96,159,,Unclassified complaint,unclassified,low
Having bone is bent after the fall since morning,92,female,0,,,,,,Fracture,paraphrase,high
"Patient complains of cannot keep even water down , no breathing difficulty",43,female,0,98.6,81,97,135,5,Persistent vomiting,paraphrase,medium
Throat is raw since yesterday suddenly and feeling tired,7,male,0,97.7,77,97,130,,Sore throat,paraphrase,low
Bone is bent after the fall since last night and poor sleep,19,female,0,,,,,6,Fracture,paraphrase,high
Unbearable pain in the lower right side of the tummy,64,female,0,99.7,67,97,134,,Severe abdominal pain,paraphrase,high
Red spots on the arms that itch suddenly,10,female,0,,,,,,Skin allergy/rash,paraphrase,low
Came with cough since an hour,61,female,0,,,,,,Cold & cough,keyword,low
Very hot to touch and rigors at night since morning,45,female,0,103.3,96,96,127,,High fever (>102°F),paraphrase,high
Vomited ten times since morning,22,female,0,98.3,72,97,100,,Persistent vomiting,paraphrase,medium
"Very high fever suddenly, not eating well",68,male,0,103.4,87,96,121,9,High fever (>102°F),keyword,high
Patient complains of fever touching 104 since yesterday since yesterday,46,male,0,102.6,97,78,142,,High fever (>102°F),paraphrase,critical
Came with ear is aching since morning,62,male,0,,,,,,Ear pain,paraphrase,low
Came with sore throat from evening,41,female,0,,,,,,Sore throat,keyword,low
"Whole body was shaking and jerking for one week, mild cough",55,male,0,,,,,7,Seizure,paraphrase,critical
Came with heavy bleeding from evening,53,female,0,,,,,,Severe bleeding,keyword,critical
Fever,63,male,0,101.4,69,95,120,,Mild fever,keyword,low
My father has abdomen pain for two days,48,male,0,,,,,,Stomach pain (mild),keyword,low
Came for regular sugar test for one week and slight headache,86,female,0,,,,,1,Routine check-up,paraphrase,low
Patient complains of head is pounding and light hurts the eyes for one week,69,female,0,,,,,,Severe migraine/headache,paraphrase,medium
"Runny nose and sneezing since two days from evening, slight headache",22,female,0,99.7,76,98,105,,Cold & cough,paraphrase,low
Temperature 103 with chills since an hour and mild cough,71,female,0,,,,,5,High fever (>102°F),paraphrase,high
Patient complains of cough with yellow sputum and fever since yesterday,25,female,1,99.1,87,97,136,,Chest infection,paraphrase,medium
Came with feeling feverish since evening since an hour,72,female,0,101.1,90,97,126,1,Mild fever,paraphrase,low
Having scratchy throat and painful to swallow for three days,52,female,0,,,,,,Sore throat,paraphrase,low
Skin allergy for one week,7,male,0,,,,,,Skin allergy/rash,keyword,low
"Worst head pain of my life since yesterday, feeling tired",33,male,0,98.8,101,97,108,8,Severe migraine/headache,paraphrase,medium
Ear is aching from evening,28,female,0,99.4,87,97,139,5,Ear pain,paraphrase,low
Having speech became unclear suddenly,46,male,0,97.2,42,95,141,,Stroke signs,paraphrase,critical
Severe abdominal pain and poor sleep,23,female,0,98.8,79,98,111,8,Severe abdominal pain,keyword,high
Came with wheezing from evening,43,female,0,99.6,71,95,140,6,Asthma attack (mild),keyword,medium
Arm looks deformed after falling from the bike since morning and body pains,47,female,0,,,,,,Fracture,paraphrase,high
"Having burning in the stomach after spicy food suddenly, no breathing difficulty",4,male,0,,,,,,Stomach pain (mild),paraphrase,low
Came with chest congestion since yesterday,62,female,0,98.5,79,98,85,,Chest infection,keyword,critical
Came with chest congestion,44,male,0,,,,,,Chest infection,keyword,low
"My son has runny nose suddenly, no bleeding",31,female,0,,,,,,Cold & cough,keyword,low
Severe headache,31,female,1,97.9,81,96,121,,Severe migraine/headache,keyword,medium
Drank floor cleaner from evening and body pains,42,female,0,,,,,,Poisoning / bite / overdose,paraphrase,critical
Came with severe abdominal pain for three days,71,male,0,98.8,73,97,109,,Severe abdominal pain,keyword,high
Came with ear is aching for two days,22,female,0,97.9,88,95,133,5,Ear pain,paraphrase,low
Dizziness on standing and mild cough,61,male,0,99.5,90,98,103,,Unclassified complaint,unclassified,low
Sleep problems since morning,38,male,0,98.8,82,96,94,,Unclassified complaint,unclassified,low
Broken arm since an hour and poor sleep,43,female,0,,,,,,Fracture,keyword,critical
Continuous vomiting and very thirsty for three days,38,female,0,,,,,,Persistent vomiting,paraphrase,medium
My grandmother has indigestion since morning,6,male,0,,,,,5,Stomach pain (mild),keyword,low
Came for regular sugar test for one week,43,female,0,98.8,84,95,138,,Routine check-up,paraphrase,low
Neck pain,56,male,0,97.6,93,97,122,,Back pain,keyword,low
My son has scratchy throat and painful to swallow for three days,43,female,0,98.7,92,100,139,,Sore throat,paraphrase,low
Burning with fever,22,male,0,,,,,,High fever (>102°F),keyword,high
Breathing difficulty since last night,25,female,0,,,,,8,Breathing difficulty,keyword,critical
My mother has low grade temperature and body pains since last night,54,female,0,100.1,70,98,119,,Mild fever,paraphrase,low
Splitting headache for two days and poor sleep,63,female,0,99.0,94,95,145,,Severe migraine/headache,keyword,medium
"Runny nose and sneezing since two days for one week, not eating well",22,female,0,99.8,76,95,96,,Cold & cough,paraphrase,low
Severe headache,37,male,0,98.6,78,99,122,,Severe migraine/headache,keyword,medium
Pain in throat,52,male,0,97.1,86,96,132,,Sore throat,keyword,low
Having feeling feverish since evening from evening,20,male,0,99.6,78,99,134,,Mild fever,paraphrase,low
My grandmother has coughing up blood,39,female,0,98.2,65,95,111,,Severe bleeding,keyword,critical
Mild ache in the tummy after food,24,male,0,98.2,87,98,111,,Stomach pain (mild),paraphrase,low
Patient complains of severe abdomen since yesterday,2,male,0,97.0,87,96,92,6,Severe abdominal pain,keyword,medium
Arm looks deformed after falling from the bike since morning,57,male,0,98.1,94,96,131,,Fracture,paraphrase,high
Patient complains of ear is aching for three days,27,female,0,,,,,,Ear pain,paraphrase,low
Cannot keep even water down since last night and not eating well,42,female,0,98.6,37,95,129,,Persistent vomiting,paraphrase,critical
"Pain in my ear , slight headache",3,female,0,99.0,94,98,134,4,Ear pain,keyword,low
Having pulsating headache with nausea since morning since morning,63,female,0,,,,,6,Severe migraine/headache,paraphrase,medium
Having feverish since last night,82,female,0,101.0,80,98,110,,Mild fever,keyword,low
Patient complains of severe head pain for two days,32,male,0,97.1,72,98,135,5,Severe migraine/headache,keyword,medium
"Excruciating pain in the abdomen since night since last night, mild cough",42,female,0,98.3,84,99,112,,Severe abdominal pain,paraphrase,high
"Having earache from evening, not unconscious",2,male,0,98.3,98,97,157,5,Ear pain,keyword,low
"My wife has very hot to touch and rigors at night since an hour, no bleeding",61,male,0,,,,,,High fever (>102°F),paraphrase,high
My mother has stomach is rock hard and paining terribly since last night,45,male,0,98.9,79,98,111,,Severe abdominal pain,paraphrase,critical
Cough bringing up green mucus,42,female,0,99.0,88,97,108,,Chest infection,paraphrase,medium
Tonsil for two days,66,female,0,,,,,1,Sore throat,keyword,low
Lot of blood,60,female,0,,,,,,Severe bleeding,keyword,critical
Pneumonia,65,male,0,,,,,,Chest infection,keyword,medium
"Back is aching while bending for two days, mild cough",59,male,0,,,,,3,Back pain,paraphrase,low
Came with feeling tired and weak for two days,47,male,0,98.5,80,96,147,,Unclassified complaint,unclassified,low
My daughter has cough bringing up green mucus for three days,68,male,0,,,,,,Chest infection,paraphrase,medium
"Came with bone is bent after the fall for three days, no chest pain",14,male,0,,,,,,Fracture,paraphrase,high
Patient complains of sleep problems for three days,38,female,0,97.9,92,99,140,,Unclassified complaint,unclassified,low
Came with pneumonia suddenly,66,female,0,,,,,,Chest infection,keyword,medium
Back is aching while bending,44,female,0,99.1,89,97,119,2,Back pain,paraphrase,low
"Bukhar for three days, poor sleep",41,female,0,,,,,,Mild fever,keyword,low
Patient complains of inhaler since morning,37,female,0,98.6,75,97,151,5,Asthma attack (mild),keyword,medium
Having loose stools since morning from evening,23,male,0,97.9,93,96,128,,Stomach pain (mild),paraphrase,medium
Patient complains of chest congestion for one week,52,female,0,98.0,89,97,130,,Chest infection,keyword,medium
Medical certificate from evening and body pains,16,male,0,98.1,95,96,134,4,Routine check-up,keyword,low
My grandmother has bone is bent after the fall for three days,32,male,0,,,,,,Fracture,paraphrase,high
My neighbour has throbbing pain on one side of the head with vomiting,54,female,0,,,,,7,Severe migraine/headache,paraphrase,medium
My mother has mild ache in the tummy after food from evening,87,female,0,,,,,,Stomach pain (mild),paraphrase,low
"Prescription suddenly, feeling tired",59,female,0,,,,,3,Routine check-up,keyword,low
Throat is raw since yesterday,40,male,0,,,,,,Sore throat,paraphrase,low
"Patient complains of used the puffer twice, still a bit tight for two days",38,female,0,,,,,4,Asthma attack (mild),paraphrase,medium
My father has runny nose and sneezing since two days,13,female,0,98.1,74,96,135,,Cold & cough,paraphrase,low
Came with continuous vomiting and very thirsty since morning,66,male,0,99.2,98,98,112,4,Persistent vomiting,paraphrase,medium
"Pain in my ear , not eating well",3,male,0,99.8,81,96,133,2,Ear pain,keyword,low
My daughter has fever shivering for three days,43,male,0,104.3,86,98,119,8,High fever (>102°F),keyword,high
Hot oil fell on the chest and arms since yesterday and not eating well,58,male,0,,,,,,Severe burns / electric shock,paraphrase,critical
Low grade temperature and body pains,35,male,0,101.4,90,99,121,2,Mild fever,paraphrase,low
Came with stomach is rock hard and paining terribly since morning,40,female,0,,,,,9,Severe abdominal pain,paraphrase,high
Persistent vomiting since yesterday,34,male,0,98.8,66,96,123,,Persistent vomiting,keyword,medium
Chesty cough for a week for three days and not eating well,51,female,0,,,,,,Chest infection,paraphrase,medium
My grandmother has tonsillitis since yesterday,38,male,0,100.0,61,96,121,,Sore throat,keyword,low
Came with came for regular sugar test suddenly,50,female,0,,,,,4,Routine check-up,paraphrase,low
Cough bringing up green mucus suddenly,25,female,0,,,,,,Chest infection,paraphrase,medium
My son has very high fever for one week,74,male,0,104.4,85,96,126,,High fever (>102°F),keyword,high
Worst head pain of my life,66,male,0,98.2,76,98,132,,Severe migraine/headache,paraphrase,medium
Mild wheeze after climbing stairs,7,female,0,99.7,85,98,156,5,Asthma attack (mild),paraphrase,medium
Vomited ten times since morning,24,female,0,98.8,82,97,122,,Persistent vomiting,paraphrase,medium
Fracture from evening,35,male,0,,,,,,Fracture,keyword,high
Belly pain,61,female,0,100.1,82,94,127,,Stomach pain (mild),keyword,low
Having mild wheeze after climbing stairs since morning,26,female,0,98.7,66,96,110,,Asthma attack (mild),paraphrase,medium
"Arm looks deformed after falling from the bike for two days, a little nausea",51,male,0,,,,,,Fracture,paraphrase,high
"Pneumonia since last night, body pains",47,female,0,98.6,101,97,149,5,Chest infection,keyword,medium
Patient complains of dislocated shoulder for one week,48,female,0,99.4,102,98,100,5,Fracture,keyword,high
Patient complains of pain while swallowing food since morning,55,male,0,,,,,,Sore throat,paraphrase,low
"Came with air hunger, cannot talk in full sentences",44,male,0,98.5,74,96,145,7,Breathing difficulty,paraphrase,critical
"Ear ache, no bleeding",9,female,0,96.8,88,98,96,,Ear pain,keyword,low
Having inhaler since last night,33,female,1,98.5,75,97,110,5,Asthma attack (mild),keyword,medium
Mild wheeze after climbing stairs,62,male,0,,,,,,Asthma attack (mild),paraphrase,medium
Having throat closing after a bee sting since an hour,66,male,0,98.3,83,97,119,9,Severe allergic reaction,paraphrase,critical
My neighbour has red patches on the back from evening,61,female,0,,,,,,Skin allergy/rash,paraphrase,low
Came with loss of appetite since an hour,13,male,0,98.7,82,95,107,,Unclassified complaint,unclassified,low
Broken wrist,69,male,0,98.8,82,98,117,,Fracture,keyword,high
"Child stiffened and shook for five minutes since morning, poor sleep",37,female,0,98.2,97,97,151,9,Seizure,paraphrase,critical
Soaked three cloths with blood,45,female,0,97.6,70,84,109,8,Severe bleeding,paraphrase,critical
"Worst head pain of my life for three days, feeling tired",34,female,0,,,,,,Severe migraine/headache,paraphrase,medium
Having fever touching 104 since yesterday since an hour,49,female,0,103.3,75,96,138,,High fever (>102°F),paraphrase,high
"Came with throwing up everything I eat since yesterday for two days, not unconscious",38,female,0,98.1,67,95,128,,Persistent vomiting,paraphrase,medium
Having worst head pain of my life from evening,37,female,1,98.5,99,95,144,,Severe migraine/headache,paraphrase,medium
My wife has bone broke since morning,47,female,0,,,,,,Fracture,keyword,high
Eczema since morning and poor sleep,26,female,0,99.4,65,97,127,,Skin allergy/rash,keyword,low
Slightly warm body and tired,76,female,0,,,,,,Mild fever,paraphrase,low
Pain in ear,10,female,0,99.3,89,97,108,,Ear pain,keyword,low
"Tummy ache from evening, poor sleep",30,male,0,98.4,89,97,140,,Stomach pain (mild),keyword,low
Not responding to calls since an hour and feeling tired,37,male,0,,,,,,Unconscious / collapsed,paraphrase,critical
Need a fitness certificate,25,male,0,98.4,76,98,117,,Routine check-up,paraphrase,low
Cannot keep even water down,32,female,0,,,,,,Persistent vomiting,paraphrase,medium
Itching,57,female,0,100.1,87,95,131,5,Skin allergy/rash,keyword,low
"Pain inside the ear and blocked feeling , slight headache",42,male,0,99.3,58,96,132,,Ear pain,paraphrase,low
Having consumed poison for two days,31,male,0,,,,,,Poisoning / bite / overdose,keyword,critical
"Back is aching while bending from evening, body pains, no chest pain",72,female,0,98.2,80,96,121,,Back pain,paraphrase,low
Patient complains of pain while swallowing food,73,male,0,100.4,83,96,124,,Sore throat,paraphrase,low
Patient complains of worst head pain of my life since yesterday,35,male,0,,,,,,Severe migraine/headache,paraphrase,medium
Throat irritation and cold for three days and feeling tired,67,male,0,98.1,57,98,132,,Cold & cough,paraphrase,low
Having heard a crack in the wrist and it is swollen for one week,54,female,0,99.1,73,97,103,,Fracture,paraphrase,high
Patient complains of temperature 103 with chills for three days,34,female,1,104.1,137,98,105,7,High fever (>102°F),paraphrase,critical
My daughter has severe abdomen since last night,54,female,0,99.0,85,98,120,,Severe abdominal pain,keyword,high
"Cough bringing up green mucus , poor sleep",29,male,0,99.3,42,96,120,,Chest infection,paraphrase,medium
Patient complains of slightly warm body and tired since morning,17,female,0,99.8,84,98,123,,Mild fever,paraphrase,low
"Pneumonia since last night, feeling tired",44,male,0,97.9,148,96,118,7,Chest infection,keyword,critical
"Pain inside the ear and blocked feeling for three days, not eating well",6,female,0,98.1,71,97,131,,Ear pain,paraphrase,low
"Lower back , feeling tired, no chest pain",56,female,0,97.5,82,98,120,,Back pain,keyword,low
"Burning in the stomach after spicy food for three days, poor sleep",64,female,0,,,,,1,Stomach pain (mild),paraphrase,low
"Stiff back since morning, no vomiting",45,female,0,,,,,5,Back pain,paraphrase,low
Patient complains of not feeling well since two days,55,male,0,99.4,80,98,127,1,Unclassified complaint,unclassified,low
Head is pounding and light hurts the eyes since an hour,71,male,0,98.8,81,98,125,,Severe migraine/headache,paraphrase,medium
My daughter has vaccination,24,female,0,,,,,,Routine check-up,keyword,low
Dislocated shoulder,47,male,0,98.0,87,95,119,6,Fracture,keyword,high
Having runny nose and sneezing since two days for two days,92,female,0,,,,,,Cold & cough,paraphrase,low
Ear is aching for one week,2,male,0,,,,,,Ear pain,paraphrase,low
Tonsil for three days,92,male,0,,,,,5,Sore throat,keyword,low
Having red patches on the back for three days,63,male,0,,,,,3,Skin allergy/rash,paraphrase,low
Child pulling at the ear and crying from evening,38,male,0,,,,,,Ear pain,paraphrase,low
"Got current from the electric line for one week, slight headache",76,female,0,,,,,10,Severe burns / electric shock,paraphrase,critical
Stomach is rock hard and paining terribly,62,female,0,,,,,,Severe abdominal pain,paraphrase,high
Patient complains of runny nose and sneezing since two days for two days,46,female,0,97.9,91,98,115,,Cold & cough,paraphrase,low
Having itching for two days,50,female,0,,,,,,Skin allergy/rash,keyword,low
"Gasping for three days, a little nausea",15,male,0,99.5,143,97,115,,Breathing difficulty,keyword,critical
Came with checkup from evening,1,male,0,,,,,2,Routine check-up,keyword,low
Low grade temperature and body pains,18,female,0,100.3,93,99,129,5,Mild fever,paraphrase,low
Patient complains of head is pounding and light hurts the eyes suddenly,42,male,0,98.7,73,98,128,3,Severe migraine/headache,paraphrase,medium
Came with chesty cough for a week since yesterday,4,female,0,97.5,95,97,140,6,Chest infection,paraphrase,medium
My grandmother has swelling tongue since last night,50,female,0,98.4,68,99,135,,Severe allergic reaction,keyword,critical
My husband has blood in sputum for one week,33,female,0,99.6,83,98,122,10,Severe bleeding,keyword,critical
Pain inside the ear and blocked feeling since last night,47,female,0,98.0,88,96,122,2,Ear pain,paraphrase,low
My son has sleep problems since morning,36,female,0,98.7,109,98,111,,Unclassified complaint,unclassified,low
Lower back,7,male,0,98.5,73,96,136,,Back pain,keyword,low
Patient complains of throat infection suddenly,32,male,0,,,,,,Sore throat,keyword,low
"Feeling feverish since evening for three days, not eating well",60,male,0,,,,,3,Mild fever,paraphrase,low
"Feeling tired and weak since an hour, not eating well",58,male,0,99.6,90,97,126,,Unclassified complaint,unclassified,low
"Having continuous vomiting and very thirsty for two days, not unconscious",66,male,0,,,,,,Persistent vomiting,paraphrase,medium
My grandmother has persistent vomiting for one week,23,male,0,99.0,74,99,92,,Persistent vomiting,keyword,medium
Runny nose,42,male,0,,,,,,Cold & cough,keyword,low
Unbearable pain in the lower right side of the tummy,53,female,0,98.5,87,96,113,,Severe abdominal pain,paraphrase,high
Black tarry stools and feeling faint,61,female,0,98.7,78,95,105,10,Severe bleeding,paraphrase,critical
Can't stop vomiting,53,male,0,,,,,8,Persistent vomiting,keyword,medium
Bad headache since an hour,52,female,0,97.8,82,97,118,,Severe migraine/headache,keyword,medium
Came with ear pain for two days,8,female,0,,,,,,Ear pain,keyword,low
My wife has throbbing pain on one side of the head with vomiting since morning,39,male,0,98.4,93,96,134,,Severe migraine/headache,paraphrase,medium
My daughter has chesty cough for a week since yesterday,40,female,0,,,,,,Chest infection,paraphrase,medium
Pain in the leg muscles for one week,12,male,0,,,,,2,Unclassified complaint,unclassified,low
Having high temperature for two days,70,male,0,,,,,,High fever (>102°F),keyword,high
My grandmother has pain in ear for two days,8,male,0,,,,,,Ear pain,keyword,low
"Asthma for three days, mild cough",19,female,0,97.9,90,97,123,3,Asthma attack (mild),keyword,medium
Burning hot body and shivering since two days for three days and poor sleep,1,male,0,,,,,,High fever (>102°F),paraphrase,high
Came with itchy since an hour,39,male,0,98.4,70,97,124,,Skin allergy/rash,keyword,low
My father has need a fitness certificate for three days,66,male,0,,,,,,Routine check-up,paraphrase,low
Severe belly for three days and slight headache,52,male,0,,,,,,Severe abdominal pain,keyword,high
Follow up visit for blood pressure,24,male,0,98.5,65,97,161,,Routine check-up,paraphrase,low
Very bad stomach pain for three days and body pains,61,male,0,99.8,86,96,135,,Severe abdominal pain,keyword,high
Dislocated shoulder,42,female,0,98.7,72,98,140,8,Fracture,keyword,high
"My father has excruciating pain in the abdomen since night for one week, no vomiting",65,male,0,,,,,,Severe abdominal pain,paraphrase,high
Having broken bone since morning,50,female,0,,,,,,Fracture,keyword,high
Patient complains of spine pain,59,female,0,98.0,65,96,137,2,Back pain,keyword,low
"Head is pounding and light hurts the eyes since yesterday, mild cough",43,male,0,,,,,4,Severe migraine/headache,paraphrase,medium
Came with tonsillitis for two days,59,male,0,98.4,77,100,136,1,Sore throat,keyword,low
Temperature 103 with chills suddenly,26,female,0,102.9,87,96,114,,High fever (>102°F),paraphrase,high
Having upset stomach and gas since last night,40,male,0,,,,,2,Stomach pain (mild),paraphrase,low
Burning hot body and shivering since two days,28,male,0,103.3,94,96,107,,High fever (>102°F),paraphrase,high
My father has heard a crack in the wrist and it is swollen for two days,13,female,0,,,,,8,Fracture,paraphrase,high
"Need a fitness certificate since yesterday, not eating well, not unconscious",31,male,0,,,,,,Routine check-up,paraphrase,low
Pain inside the ear and blocked feeling,48,female,0,,,,,3,Ear pain,paraphrase,medium
My grandmother has eczema,30,male,0,97.6,94,96,113,,Skin allergy/rash,keyword,low
Patient complains of throwing up everything I eat since yesterday for one week,59,male,0,99.4,81,99,131,7,Persistent vomiting,paraphrase,medium
Came with runny nose and sneezing since two days for three days,21,male,0,,,,,1,Cold & cough,paraphrase,low
Whole body was shaking and jerking for three days,41,female,0,99.1,41,95,127,,Seizure,paraphrase,critical
My mother has acidity for two days,40,female,0,99.1,87,97,111,,Stomach pain (mild),keyword,low
"Spine pain since last night, feeling tired",60,female,0,98.4,78,96,105,,Back pain,keyword,low
Red patches on the back since an hour and poor sleep,41,male,0,,,,,,Skin allergy/rash,paraphrase,low
"Came with used the puffer twice, still a bit tight from evening",64,female,0,98.3,84,97,128,,Asthma attack (mild),paraphrase,medium
Having unbearable pain in the lower right side of the tummy from evening,36,female,0,,,,,7,Severe abdominal pain,paraphrase,high
Having head is pounding and light hurts the eyes since an hour,43,female,0,,,,,5,Severe migraine/headache,paraphrase,medium
Came with my chest feels heavy and I am sweating since last night,65,male,0,97.7,83,81,125,6,Chest pain / suspected heart attack,paraphrase,critical
Patient complains of very hot to touch and rigors at night for two days,26,male,0,,,,,,High fever (>102°F),paraphrase,high
Follow up,14,male,0,,,,,,Routine check-up,keyword,low
My wife has excruciating pain in the abdomen since night from evening,88,male,0,,,,,10,Severe abdominal pain,paraphrase,high
"Continuous vomiting and very thirsty from evening, a little nausea",25,female,0,,,,,7,Persistent vomiting,paraphrase,medium
Runny nose and sneezing since two days,45,female,0,98.4,77,99,140,,Cold & cough,paraphrase,low
Stomachache since last night,35,female,0,98.1,89,97,123,3,Stomach pain (mild),keyword,low
Came with phlegm since morning,33,male,0,98.2,82,96,104,,Chest infection,keyword,medium
"Bad headache for two days, feeling tired",36,female,0,,,,,,Severe migraine/headache,keyword,medium
My wife has hit by a lorry suddenly,48,female,0,,,,,6,Major trauma,paraphrase,critical
Came with loose motion for three days,66,male,0,,,,,,Stomach pain (mild),keyword,low
"Arm looks deformed after falling from the bike for three days and a little nausea, not unconscious",45,female,0,,,,,,Fracture,paraphrase,high
Chills since yesterday and not eating well,55,female,0,99.8,63,97,117,,Mild fever,keyword,low
Severe burn since last night,47,female,0,98.0,48,98,118,,Severe burns / electric shock,keyword,critical
Having tummy ache since an hour,45,female,0,,,,,,Stomach pain (mild),keyword,low
Came with chest tight and whistling sound when breathing for two days,49,male,0,,,,,,Asthma attack (mild),paraphrase,medium
Burning hot body and shivering since two days since morning,22,male,0,103.3,85,78,137,,High fever (>102°F),paraphrase,critical
Mouth twisted to one side suddenly from evening,27,male,0,98.6,36,97,113,6,Stroke signs,paraphrase,critical
Severe headache for two days and mild cough,54,female,0,99.4,104,97,126,,Severe migraine/headache,keyword,medium
Came with continuous vomiting since morning,19,male,0,,,,,,Persistent vomiting,keyword,medium
Very hot to touch and rigors at night from evening,55,male,0,103.9,74,99,125,6,High fever (>102°F),paraphrase,high
Patient complains of wheezing since last night,40,female,0,,,,,6,Asthma attack (mild),keyword,medium
Having hit by a lorry since morning,19,male,0,98.6,95,100,99,,Major trauma,paraphrase,critical
Chest tight and whistling sound when breathing,51,male,0,,,,,5,Asthma attack (mild),paraphrase,medium
"Nasal congestion for one week, a little nausea",29,male,0,98.0,91,98,131,2,Cold & cough,keyword,low
Patient complains of hives all over and voice became hoarse for two days,39,male,0,98.5,81,94,188,,Severe allergic reaction,paraphrase,critical
Came with lost consciousness at home,26,female,0,98.6,87,98,111,8,Unconscious / collapsed,paraphrase,critical
"Came with mild wheeze after climbing stairs since an hour, no chest pain",17,male,0,,,,,,Asthma attack (mild),paraphrase,medium
My neighbour has worst head pain of my life since an hour,47,female,0,99.0,137,98,121,8,Severe migraine/headache,paraphrase,critical
Allergy since yesterday,21,female,0,99.0,77,98,125,,Skin allergy/rash,keyword,low
Burning hot body and shivering since two days for one week,59,female,0,104.5,97,97,138,6,High fever (>102°F),paraphrase,high
"Patient complains of cannot put weight on the ankle after twisting it for two days, no chest pain",47,male,0,99.1,48,98,120,,Fracture,paraphrase,high
Cough with yellow sputum and fever for three days,1,male,0,,,,,,Chest infection,paraphrase,medium
Productive cough since last night,37,female,0,,,,,,Chest infection,keyword,medium
Patient complains of ear infection,4,male,0,,,,,1,Ear pain,keyword,low
Slightly warm body and tired,43,male,0,,,,,,Mild fever,paraphrase,low
"Wheezing from evening, a little nausea",30,female,0,97.9,92,96,140,,Asthma attack (mild),keyword,medium
Patient complains of review visit from evening,31,female,0,98.4,82,100,136,5,Routine check-up,keyword,low
Patient complains of cannot put weight on the ankle after twisting it suddenly,10,female,0,99.4,97,94,122,,Fracture,paraphrase,high
Having swallowed many sleeping pills for three days,46,female,0,98.5,82,98,118,,Poisoning / bite / overdose,paraphrase,critical
Came with ear is aching for two days,11,male,0,,,,,,Ear pain,paraphrase,low
Pain in the lower spine after lifting since an hour and feeling tired,42,female,0,97.8,93,96,141,2,Back pain,paraphrase,low
"Arm looks deformed after falling from the bike for two days, mild cough",81,female,0,98.3,77,96,107,,Fracture,paraphrase,high
Spine pain and a little nausea,55,male,0,98.3,74,99,103,5,Back pain,keyword,low
Fever touching 104 since yesterday,54,male,0,102.3,80,97,102,8,High fever (>102°F),paraphrase,high
"Very high fever for two days, mild cough",57,female,0,102.7,95,95,137,,High fever (>102°F),keyword,high
Pain in the lower spine after lifting,14,female,0,,,,,,Back pain,paraphrase,low
"Used the puffer twice, still a bit tight since yesterday and poor sleep",4,male,0,,,,,8,Asthma attack (mild),paraphrase,medium
Came with fever touching 104 since yesterday since last night,56,male,0,104.1,79,98,107,9,High fever (>102°F),paraphrase,high
Having vomiting many times from evening,13,female,0,98.6,80,96,130,6,Persistent vomiting,keyword,medium
Splitting headache,8,female,0,99.5,74,98,154,,Severe migraine/headache,keyword,medium
Came with pain in ear for three days,42,male,0,98.7,102,98,105,1,Ear pain,keyword,low
Blocked nose and mild cough,43,male,0,97.2,96,97,125,,Cold & cough,paraphrase,low
"Unbearable pain in the lower right side of the tummy , a little nausea",11,male,0,98.2,98,98,140,,Severe abdominal pain,paraphrase,high
Worst head pain of my life,31,female,0,98.2,89,96,127,,Severe migraine/headache,paraphrase,medium
Having hot oil fell on the chest and arms for one week,91,female,0,,,,,9,Severe burns / electric shock,paraphrase,critical
My mother has throat infection for one week,70,female,0,98.9,85,97,141,,Sore throat,keyword,low
Patient complains of cough with sputum for two days,55,male,0,98.5,103,97,134,,Chest infection,keyword,medium
"Worst head pain of my life since morning, feeling tired",38,female,0,98.8,79,99,91,,Severe migraine/headache,paraphrase,medium
Came with repeated vomiting suddenly,31,male,0,97.5,85,96,146,8,Persistent vomiting,keyword,medium
"General weakness from evening, no vomiting",50,female,0,,,,,4,Unclassified complaint,unclassified,low
Came with bone is bent after the fall since last night,26,female,0,99.0,93,99,116,,Fracture,paraphrase,high
Child pulling at the ear and crying since yesterday and slight headache,2,male,0,99.5,96,97,100,,Ear pain,paraphrase,low
Patient complains of pain inside the ear and blocked feeling from evening,12,male,0,98.2,97,99,146,,Ear pain,paraphrase,low
"Stiff back since morning, no chest pain",64,female,0,,,,,1,Back pain,paraphrase,low
Cough bringing up green mucus,37,female,0,98.1,89,96,114,,Chest infection,paraphrase,medium
My mother has stomach very severe since yesterday,54,male,0,98.2,81,97,132,8,Severe abdominal pain,keyword,high
My son has head is pounding and light hurts the eyes from evening,1,male,0,97.8,83,98,135,3,Severe migraine/headache,paraphrase,medium
Bone is bent after the fall,80,male,0,98.2,82,98,125,,Fracture,paraphrase,high
Low grade temperature and body pains from evening and mild cough,38,male,0,,,,,3,Mild fever,paraphrase,low
Patient complains of cough with yellow sputum and fever for two days,53,male,0,,,,,3,Chest infection,paraphrase,medium
Need to collect my monthly medicines,32,female,0,,,,,,Routine check-up,paraphrase,low
"Unconscious since morning, mild cough",62,male,0,97.5,99,98,114,8,Unconscious / collapsed,keyword,critical
My daughter has pulsating headache with nausea since morning since last night,34,male,0,99.1,83,98,129,,Severe migraine/headache,paraphrase,medium
Having chills since yesterday,45,female,0,100.9,75,96,137,4,Mild fever,keyword,low
My husband has broken bone for one week,61,female,0,,,,,,Fracture,keyword,high
Having had a fit and bit the tongue since yesterday,54,female,0,98.4,87,96,125,,Seizure,paraphrase,critical
"Review visit since last night and feeling tired, not unconscious",73,female,0,98.1,86,96,120,,Routine check-up,keyword,low
Came with cough with yellow sputum and fever,41,female,0,99.1,80,98,131,,Chest infection,paraphrase,high
My husband has cannot keep even water down from evening,43,male,0,97.5,80,97,120,3,Persistent vomiting,paraphrase,medium
Came with fever touching 104 since yesterday for one week,32,female,0,103.5,76,96,160,,High fever (>102°F),paraphrase,high
Having heavy vaginal bleeding with dizziness for two days,43,female,0,99.0,90,83,99,,Severe bleeding,paraphrase,critical
Broken leg since an hour and body pains,23,male,0,98.2,82,98,118,6,Fracture,keyword,high
Arm looks deformed after falling from the bike since last night and a little nausea,70,female,0,,,,,9,Fracture,paraphrase,high
"Belly pain since last night, feeling tired",54,female,0,97.6,76,97,129,,Stomach pain (mild),keyword,low
"Upset stomach and gas for three days, slight headache",55,male,0,,,,,1,Stomach pain (mild),paraphrase,low
Chesty cough for a week suddenly,42,female,0,,,,,4,Chest infection,paraphrase,medium
Patient complains of fever touching 104 since yesterday since an hour,69,male,0,103.6,80,97,124,,High fever (>102°F),paraphrase,high
Stomach pain,71,female,0,99.1,79,97,107,,Stomach pain (mild),keyword,low
Difficulty in breathing suddenly and a little nausea,20,male,0,98.6,80,96,128,,Breathing difficulty,keyword,critical
My mother has bronchitis for one week,66,female,0,98.7,82,99,108,,Chest infection,keyword,medium
"My wife has rolling on the floor with belly pain since last night, no bleeding",59,male,0,,,,,5,Severe abdominal pain,paraphrase,high
Having blood pressure check suddenly,48,male,0,98.5,89,97,113,,Routine check-up,keyword,low
Came with child pulling at the ear and crying for one week,41,female,0,,,,,,Ear pain,paraphrase,low
Skin is itching after using a new soap for one week and not eating well,70,male,0,,,,,,Skin allergy/rash,paraphrase,low
My mother has ear is aching from evening,6,male,0,98.0,60,97,128,,Ear pain,paraphrase,low
"Worst head pain of my life for one week, slight headache",29,female,0,,,,,,Severe migraine/headache,paraphrase,medium
Patient complains of stomach is rock hard and paining terribly since morning,1,female,0,,,,,,Severe abdominal pain,paraphrase,critical
Having skin is itching after using a new soap since yesterday,63,female,0,,,,,1,Skin allergy/rash,paraphrase,low
"Having pain in the lower spine after lifting from evening, no vomiting",2,male,0,97.8,93,96,125,,Back pain,paraphrase,low
Patient complains of pain in my ear for one week,7,female,0,,,,,2,Ear pain,keyword,low
Lips blue since last night,38,female,1,,,,,,Breathing difficulty,keyword,critical
Child pulling at the ear and crying for one week,12,female,0,98.9,92,97,109,,Ear pain,paraphrase,low
Came with breathing difficulty suddenly,17,female,0,98.4,99,97,107,7,Breathing difficulty,keyword,critical
My daughter has slightly warm body and tired since an hour,36,female,0,,,,,,Mild fever,paraphrase,low
Broken bone,16,male,0,98.8,73,96,85,,Fracture,keyword,critical
Stomach is rock hard and paining terribly since morning and slight headache,78,female,0,,,,,8,Severe abdominal pain,paraphrase,high
Fever,26,male,0,,,,,,Mild fever,keyword,low
"Excruciating pain in the abdomen since night since an hour, not eating well, not unconscious",42,female,0,97.7,68,97,118,,Severe abdominal pain,paraphrase,high
Itching,36,female,0,98.6,87,96,95,,Skin allergy/rash,keyword,low
"Burning hot body and shivering since two days , poor sleep",79,male,0,104.1,76,84,102,,High fever (>102°F),paraphrase,critical
"Cannot lift left hand since morning, words coming out wrong, no breathing difficulty",83,male,0,,,,,,Stroke signs,paraphrase,critical
My daughter has stomach paining a lot for two days,58,female,0,99.6,79,98,120,,Severe abdominal pain,keyword,high
Worst head pain of my life for one week and body pains,23,female,1,98.0,79,96,124,4,Severe migraine/headache,paraphrase,medium
Stiff back since morning for two days and feeling tired,24,female,0,,,,,,Back pain,paraphrase,low
Patient complains of worst headache for three days,54,male,0,,,,,7,Severe migraine/headache,keyword,medium
Having splitting headache since an hour,44,male,0,,,,,,Severe migraine/headache,keyword,medium
Broken leg since last night,87,male,0,100.3,76,85,118,,Fracture,keyword,critical
"Vomited ten times since morning, no breathing difficulty",1,female,0,,,,,7,Persistent vomiting,paraphrase,medium
Having child pulling at the ear and crying suddenly,11,female,0,,,,,5,Ear pain,paraphrase,low
My daughter has fell from the roof,42,male,0,99.1,73,97,123,,Major trauma,keyword,critical
General weakness,31,female,1,,,,,,Unclassified complaint,unclassified,low
Difficulty swallowing,44,female,0,,,,,5,Sore throat,keyword,low
My son has inhaler suddenly,32,female,0,,,,,,Asthma attack (mild),keyword,medium
"Throbbing pain on one side of the head with vomiting since last night, not eating well",34,male,0,98.6,84,96,123,,Severe migraine/headache,paraphrase,medium
Temperature 103 with chills since last night,1,female,0,103.2,61,98,113,,High fever (>102°F),paraphrase,high
My mother has lower back,50,female,0,97.5,83,96,137,,Back pain,keyword,low
"Slightly warm body and tired, no fever",18,female,0,101.1,89,99,145,,Mild fever,paraphrase,low
My daughter has knife injury to the stomach since morning,71,male,0,99.0,93,81,108,8,Major trauma,paraphrase,critical
My mother has burning in the stomach after spicy food for one week,43,male,0,,,,,,Stomach pain (mild),paraphrase,low
"Sleep problems since morning, feeling tired",1,male,0,98.5,62,96,115,,Unclassified complaint,unclassified,low
"Bone is bent after the fall suddenly, slight headache",53,female,0,,,,,,Fracture,paraphrase,high
Burning hot body and shivering since two days,34,male,0,,,,,,High fever (>102°F),paraphrase,critical
Cannot put weight on the ankle after twisting it for two days and feeling tired,48,male,0,98.8,88,97,123,,Fracture,paraphrase,high
"Worst headache for two days, poor sleep",27,male,0,97.8,82,97,103,,Severe migraine/headache,keyword,medium
Bronchitis for one week,61,male,0,97.5,93,96,132,3,Chest infection,keyword,medium
Blocked nose and not eating well,18,female,0,,,,,5,Cold & cough,keyword,low
My son has had a fit and bit the tongue since last night,35,female,0,,,,,,Seizure,paraphrase,critical
Mild ache in the tummy after food since last night,12,female,0,97.5,84,98,106,4,Stomach pain (mild),paraphrase,low
My mother has chest infection from evening,59,female,0,,,,,,Chest infection,keyword,medium
Having stomach unbearable since an hour,61,male,0,98.6,99,96,111,,Severe abdominal pain,keyword,high
My mother has child pulling at the ear and crying from evening,35,male,0,98.8,44,95,130,,Ear pain,paraphrase,low
Came with stomach very severe suddenly,5,male,0,99.1,49,97,105,,Severe abdominal pain,keyword,high
Slightly warm body and tired since an hour,1,female,0,101.0,72,98,144,,Mild fever,paraphrase,low
My father has rolling on the floor with belly pain for two days,64,female,0,98.6,99,91,126,5,Severe abdominal pain,paraphrase,high
Tummy pain from evening,55,male,0,99.9,74,99,139,4,Stomach pain (mild),keyword,low
"Mild wheeze after climbing stairs for two days, feeling tired",15,male,0,97.7,104,97,127,5,Asthma attack (mild),paraphrase,medium
"Speech became unclear suddenly suddenly, body pains",20,female,0,98.5,83,98,134,,Stroke signs,paraphrase,critical
My neighbour has feeling tired and weak for two days,19,female,0,98.7,82,96,101,,Unclassified complaint,unclassified,low
My grandmother has red spots on the arms that itch for three days,40,male,0,,,,,,Skin allergy/rash,paraphrase,low
Patient complains of throat irritation and cold suddenly,67,male,0,,,,,,Cold & cough,paraphrase,low
Productive cough for one week,56,male,0,99.2,88,97,136,,Chest infection,keyword,medium
Came with runny nose since last night,12,female,0,,,,,,Cold & cough,keyword,low
"Red patches on the back since an hour, feeling tired",9,male,0,,,,,,Skin allergy/rash,paraphrase,low
Patient complains of cough bringing up green mucus suddenly,80,female,0,97.9,94,98,120,,Chest infection,paraphrase,medium
Splitting headache for three days,1,female,0,99.2,77,98,108,,Severe migraine/headache,keyword,medium
Patient complains of lower back since yesterday,22,female,0,98.5,83,97,129,,Back pain,keyword,low
"Fell off a ladder from the second floor from evening, not eating well",50,female,0,,,,,,Major trauma,paraphrase,critical
My father has pneumonia suddenly,35,female,0,99.4,99,96,129,,Chest infection,keyword,low
High temperature for one week and mild cough,7,male,0,102.4,70,96,131,,High fever (>102°F),keyword,high
"Drank floor cleaner since morning, no vomiting",34,male,0,99.7,76,82,131,,Poisoning / bite / overdose,paraphrase,critical
Cough bringing up green mucus suddenly,54,male,0,97.0,108,97,132,3,Chest infection,paraphrase,medium
Having throwing up everything I eat since yesterday since morning,36,female,0,99.1,65,98,116,,Persistent vomiting,paraphrase,medium
"Patient complains of cough bringing up green mucus since morning, no vomiting",67,male,0,,,,,,Chest infection,paraphrase,medium
Persistent vomiting for two days,49,female,0,,,,,,Persistent vomiting,keyword,medium
"Hit by a lorry since last night, feeling tired, no bleeding",31,female,0,97.9,69,98,133,,Major trauma,paraphrase,critical
Came with low grade temperature and body pains since an hour,63,female,0,,,,,,Mild fever,paraphrase,low
Very bad stomach pain,64,female,0,,,,,10,Severe abdominal pain,keyword,high
Burning in the stomach after spicy food,78,male,0,,,,,,Stomach pain (mild),paraphrase,low
Broken arm,45,male,0,,,,,,Fracture,keyword,high
Patient complains of sore throat suddenly,16,female,0,,,,,,Sore throat,keyword,medium
Came with excruciating pain in the abdomen since night since yesterday,51,female,0,98.5,87,98,137,,Severe abdominal pain,paraphrase,high
Neck pain for two days,30,female,1,98.9,105,98,163,,Back pain,keyword,low
"Patient complains of very hot to touch and rigors at night since yesterday, no breathing difficulty",51,male,0,,,,,,High fever (>102°F),paraphrase,high
Came with not feeling well since two days for three days,55,male,0,98.0,79,96,140,,Unclassified complaint,unclassified,low
"Chest infection suddenly, a little nausea",40,male,0,98.1,58,97,136,,Chest infection,keyword,medium
Came with heard a crack in the wrist and it is swollen since last night,34,female,1,98.3,99,96,116,,Fracture,paraphrase,high
Patient complains of cough with yellow sputum and fever suddenly,74,female,0,99.5,94,96,128,6,Chest infection,paraphrase,medium
Itchy from evening,60,male,0,,,,,,Skin allergy/rash,keyword,low
Came with cannot put weight on the ankle after twisting it since last night,69,male,0,99.3,77,96,121,5,Fracture,paraphrase,high
Patient complains of keep vomiting since an hour,41,male,0,,,,,,Persistent vomiting,keyword,medium
Having came for regular sugar test for three days,33,male,0,98.6,98,99,128,5,Routine check-up,paraphrase,low
Patient complains of cough bringing up green mucus suddenly,11,male,0,99.6,82,95,128,4,Chest infection,paraphrase,medium
Having severe head pain since an hour,1,male,0,,,,,4,Severe migraine/headache,keyword,medium
Patient complains of cough bringing up green mucus since yesterday,6,female,0,98.1,89,99,113,,Chest infection,paraphrase,medium
Came with red patches on the back,19,female,0,99.5,101,94,138,3,Skin allergy/rash,paraphrase,low
My mother has red patches on the back from evening,20,female,0,,,,,1,Skin allergy/rash,paraphrase,low
Came with fever touching 104 since yesterday for three days,49,female,0,,,,,10,High fever (>102°F),paraphrase,high
"Stiff back since morning for three days, feeling tired",49,female,0,97.8,74,99,115,,Back pain,paraphrase,low
Slightly warm body and tired for three days,64,female,0,,,,,,Mild fever,paraphrase,low
Having vomited ten times since morning suddenly,32,male,0,99.4,150,97,136,8,Persistent vomiting,paraphrase,critical
"Head hit the road hard and vomiting suddenly, poor sleep",24,female,0,,,,,,Major trauma,paraphrase,critical
"Burns on face and hands from a gas cylinder since an hour, no bleeding",32,female,0,,,,,,Severe burns / electric shock,paraphrase,critical
Allergy,57,male,0,98.0,106,98,122,,Skin allergy/rash,keyword,low
Came with vomited ten times since morning for two days,18,male,0,98.7,83,97,134,,Persistent vomiting,paraphrase,medium
Chest tight and whistling sound when breathing suddenly,58,male,0,98.1,89,96,118,,Asthma attack (mild),paraphrase,medium
Chest tight and whistling sound when breathing,27,male,0,97.5,81,98,113,5,Asthma attack (mild),paraphrase,medium
Came with ear infection suddenly,44,male,0,,,,,3,Ear pain,keyword,low
"Need to collect my monthly medicines since yesterday, feeling tired",7,female,0,,,,,4,Routine check-up,paraphrase,low
Not breathing for two days and body pains,20,female,1,,,,,,Unconscious / collapsed,keyword,critical
Patient complains of head is pounding and light hurts the eyes,27,female,0,98.9,91,97,142,3,Severe migraine/headache,paraphrase,medium
Patient complains of worst head pain of my life since yesterday,60,male,0,99.0,79,97,134,,Severe migraine/headache,paraphrase,medium
Came with ear is aching,7,female,0,99.1,98,97,101,4,Ear pain,paraphrase,low
Wheezing and slight headache,52,male,0,98.2,50,98,118,,Asthma attack (mild),keyword,medium
My wife has burns on face and hands from a gas cylinder suddenly,31,male,0,98.9,86,97,135,,Severe burns / electric shock,paraphrase,critical
My grandmother has bukhar from evening,19,female,0,,,,,5,Mild fever,keyword,low
Stomach is rock hard and paining terribly,36,female,0,,,,,7,Severe abdominal pain,paraphrase,high
Fever shivering since an hour and poor sleep,40,female,0,103.8,78,96,142,,High fever (>102°F),keyword,high
Cannot put weight on the ankle after twisting it since yesterday and mild cough,67,male,0,,,,,8,Fracture,paraphrase,high
Came with cannot keep even water down since an hour,31,female,0,97.3,92,99,123,,Persistent vomiting,paraphrase,medium
Having throat is raw since yesterday,69,male,0,98.7,82,96,131,3,Sore throat,paraphrase,low
Came with skin is itching after using a new soap for one week,30,male,0,97.8,86,96,120,,Skin allergy/rash,paraphrase,low
Came with speech became unclear suddenly for two days,18,male,0,98.2,85,95,113,6,Stroke signs,paraphrase,critical
Child pulling at the ear and crying,6,male,0,,,,,,Ear pain,paraphrase,low
"Fracture, not unconscious",21,male,0,98.6,97,99,107,9,Fracture,keyword,high
Need to collect my monthly medicines for three days and body pains,55,female,0,98.1,87,96,108,1,Routine check-up,paraphrase,low
"Stomach is rock hard and paining terribly since an hour, poor sleep",35,female,0,98.7,93,95,107,,Severe abdominal pain,paraphrase,high
"Came with used the puffer twice, still a bit tight suddenly",35,female,0,,,,,5,Asthma attack (mild),paraphrase,medium
My father has skin allergy for two days,67,female,0,,,,,4,Skin allergy/rash,keyword,low
"Cannot put weight on the ankle after twisting it , slight headache",28,male,0,98.0,85,96,126,,Fracture,paraphrase,high
Cough for one week,5,female,0,99.8,75,96,138,,Cold & cough,keyword,low
"Broken wrist for one week, not eating well",38,female,0,98.8,33,97,129,,Fracture,keyword,critical
Patient complains of productive cough,49,male,0,97.5,72,95,99,,Chest infection,keyword,medium
Broken ankle since morning,37,female,0,,,,,,Fracture,keyword,high
Check up for two days,40,female,0,99.2,98,97,113,4,Routine check-up,keyword,medium
Pain inside the ear and blocked feeling since yesterday,6,male,0,98.8,91,98,110,,Ear pain,paraphrase,low
Fever touching 104 since yesterday for two days,45,male,0,104.3,87,97,130,,High fever (>102°F),paraphrase,high
Patient complains of chest tight and whistling sound when breathing for three days,36,female,0,98.8,152,97,119,7,Asthma attack (mild),paraphrase,critical
Indigestion,27,female,0,,,,,1,Stomach pain (mild),keyword,low
Checkup since yesterday,16,female,0,97.1,82,96,118,,Routine check-up,keyword,low
"Used the puffer twice, still a bit tight from evening, poor sleep",18,male,0,,,,,7,Asthma attack (mild),paraphrase,medium
My grandmother has unconscious since last night,33,male,0,99.2,121,97,137,,Unconscious / collapsed,keyword,critical
Having hot oil fell on the chest and arms since an hour,66,male,0,100.0,133,97,112,,Severe burns / electric shock,paraphrase,critical
"Having used the puffer twice, still a bit tight",70,female,0,98.3,96,98,124,5,Asthma attack (mild),paraphrase,medium
Fitting since an hour,28,female,0,98.0,156,98,118,,Seizure,keyword,critical
Patient complains of pain in the leg muscles since last night,75,male,0,,,,,,Unclassified complaint,unclassified,low
"Throat infection since morning, feeling tired",49,male,0,99.2,79,97,117,1,Sore throat,keyword,low
Runny nose since last night,48,female,0,99.2,85,96,128,,Cold & cough,keyword,low
Pulsating headache with nausea since morning since morning and a little nausea,47,male,0,98.3,79,96,116,,Severe migraine/headache,paraphrase,medium
"Pulsating headache with nausea since morning from evening, a little nausea",51,male,0,98.7,76,96,129,,Severe migraine/headache,paraphrase,medium
Red patches on the back for three days and body pains,15,female,0,98.2,68,97,124,1,Skin allergy/rash,paraphrase,low
My husband has worst head pain of my life for two days,53,male,0,98.2,84,97,113,,Severe migraine/headache,paraphrase,medium
Pesticide from evening,59,female,0,99.4,70,98,124,,Poisoning / bite / overdose,keyword,critical
Patient complains of asthma since an hour,64,female,0,,,,,,Asthma attack (mild),keyword,medium
Cannot move my leg,69,female,0,97.8,100,97,133,5,Fracture,keyword,high
Throat pain,26,female,0,98.9,62,97,133,3,Sore throat,keyword,low
"Cough bringing up green mucus since an hour, poor sleep",55,male,0,,,,,,Chest infection,paraphrase,medium
Head is pounding and light hurts the eyes since an hour,92,female,0,99.7,86,97,125,8,Severe migraine/headache,paraphrase,medium
Throat irritation and cold since morning and not eating well,44,male,0,98.6,86,95,136,,Cold & cough,paraphrase,low
Back ache since morning and a little nausea,35,male,0,98.4,95,97,117,,Back pain,keyword,low
Check up since last night and not eating well,51,male,0,,,,,3,Routine check-up,keyword,low
Patient complains of red spots on the arms that itch for one week,24,female,0,97.4,89,97,134,,Skin allergy/rash,paraphrase,low
Ear ache since yesterday,7,male,0,98.4,92,97,146,,Ear pain,keyword,low
Patient complains of broken bone since an hour,49,female,0,98.1,71,97,150,9,Fracture,keyword,high
"Temperature 103 with chills suddenly, body pains",33,female,0,102.3,77,95,131,,High fever (>102°F),paraphrase,high
Pain in the lower spine after lifting,58,male,0,97.2,80,97,113,3,Back pain,paraphrase,low
"My son has red spots on the arms that itch since an hour, no chest pain",65,male,0,97.9,74,98,143,2,Skin allergy/rash,paraphrase,low
Having loose stools since morning suddenly,52,female,0,97.6,82,97,134,,Stomach pain (mild),paraphrase,low
My mother has came for regular sugar test since morning,70,male,0,,,,,3,Routine check-up,paraphrase,low
"Vomiting diarrhea since yesterday, feeling tired, no vomiting",1,female,0,,,,,,Persistent vomiting,keyword,medium
My daughter has child drank kerosene by mistake since yesterday,51,male,0,,,,,,Poisoning / bite / overdose,paraphrase,critical
Pain in the lower spine after lifting,59,male,0,,,,,,Back pain,paraphrase,low
Having runny nose and sneezing since two days since morning,28,male,0,98.0,106,98,134,,Cold & cough,paraphrase,low
Throat closing after a bee sting for three days and feeling tired,56,female,0,98.2,144,98,139,6,Severe allergic reaction,paraphrase,critical
"Patient complains of unbearable pain in the lower right side of the tummy since morning, not unconscious",16,female,0,97.9,85,98,141,,Severe abdominal pain,paraphrase,high
"Follow up for two days, poor sleep",56,male,0,98.9,78,98,152,,Routine check-up,keyword,low
My grandmother has overdose suddenly,45,female,0,,,,,,Poisoning / bite / overdose,keyword,critical
Excruciating pain in the abdomen since night suddenly and slight headache,86,female,0,,,,,,Severe abdominal pain,paraphrase,high
Came with red spots on the arms that itch suddenly,27,female,0,,,,,,Skin allergy/rash,paraphrase,low
"Chest tight and whistling sound when breathing since last night, feeling tired",47,male,0,98.9,73,99,122,3,Asthma attack (mild),paraphrase,medium
My neighbour has red patches on the back for one week,33,male,0,,,,,3,Skin allergy/rash,paraphrase,low
Throat infection,38,male,0,,,,,4,Sore throat,keyword,low
Came with very hot to touch and rigors at night since yesterday,10,male,0,,,,,,High fever (>102°F),paraphrase,high
My father has appendicitis since morning,51,male,0,,,,,,Severe abdominal pain,keyword,high
Came with found lying on the floor not answering since yesterday,23,female,0,98.5,85,100,114,,Unconscious / collapsed,paraphrase,critical
My son has throwing up everything I eat since yesterday for one week,65,male,0,98.0,142,98,116,,Persistent vomiting,paraphrase,critical
Back ache,38,female,0,,,,,,Back pain,keyword,low
Patient complains of skin is itching after using a new soap since last night,15,female,0,,,,,5,Skin allergy/rash,paraphrase,low
Having deep cut on the leg bleeding non stop since an hour,56,male,0,98.7,101,97,84,9,Severe bleeding,paraphrase,critical
My mother has black tarry stools and feeling faint for three days,68,female,0,98.6,98,99,120,,Severe bleeding,paraphrase,critical
My neighbour has red spots on the arms that itch since an hour,66,female,0,99.7,90,96,125,2,Skin allergy/rash,paraphrase,low
Asthma,44,male,0,97.5,67,96,122,,Asthma attack (mild),keyword,medium
"Cough bringing up green mucus , not eating well, no vomiting",50,female,0,99.3,87,97,81,3,Chest infection,paraphrase,critical
Pulsating headache with nausea since morning,80,male,0,98.4,78,98,102,,Severe migraine/headache,paraphrase,medium
Rolling on the floor with belly pain from evening,23,male,0,,,,,5,Severe abdominal pain,paraphrase,high
Asthma,1,male,0,,,,,,Asthma attack (mild),keyword,medium
Blocked nose,40,female,0,99.9,72,97,134,2,Cold & cough,keyword,low
Having abdominal pain since an hour,62,female,0,,,,,,Stomach pain (mild),keyword,low
My son has broken arm for two days,22,male,0,,,,,6,Fracture,keyword,high
Throat is raw since yesterday,20,female,0,99.3,84,97,126,,Sore throat,paraphrase,low
Seizure,36,male,0,99.2,35,97,153,,Seizure,keyword,critical
My father has unbearable pain in the lower right side of the tummy since an hour,21,female,0,99.3,102,97,137,,Severe abdominal pain,paraphrase,high
Came with throat irritation and cold for one week,66,female,0,99.6,71,96,101,,Cold & cough,paraphrase,low
Chills,2,female,0,,,,,,Mild fever,keyword,low
"Having hives all over and voice became hoarse since morning, no fever",65,male,0,98.6,100,98,133,,Severe allergic reaction,paraphrase,critical
My father has blood is gushing from the cut since yesterday,15,male,0,99.1,99,97,94,,Severe bleeding,paraphrase,critical
"Slightly warm body and tired, no chest pain",71,male,0,100.6,80,95,126,,Mild fever,paraphrase,low
"Bone is bent after the fall , body pains",59,female,0,99.7,82,98,103,9,Fracture,paraphrase,high
Fracture since an hour and body pains,63,female,0,,,,,,Fracture,keyword,high
Struggling for breath since an hour since yesterday and slight headache,69,female,0,98.1,149,97,131,,Breathing difficulty,paraphrase,critical
Having itching for two days,80,male,0,,,,,5,Skin allergy/rash,keyword,low
"My chest feels heavy and I am sweating since yesterday, body pains",8,male,0,99.1,89,97,127,10,Chest pain / suspected heart attack,paraphrase,critical
"Inhaler for one week and not eating well, not unconscious",49,male,0,98.7,84,97,159,5,Asthma attack (mild),keyword,medium
"Patient complains of mild wheeze after climbing stairs since last night, no chest pain",22,male,0,,,,,5,Asthma attack (mild),paraphrase,medium
Having upset stomach and gas since morning,19,female,0,98.0,70,96,114,,Stomach pain (mild),paraphrase,low
My mother has temperature 103 with chills suddenly,17,male,0,103.4,62,98,102,9,High fever (>102°F),paraphrase,high
Having back is aching while bending from evening,47,female,0,98.0,82,99,118,,Back pain,paraphrase,low
Patient complains of rolling on the floor with belly pain,34,male,0,98.8,91,99,110,,Severe abdominal pain,paraphrase,high
"Rolling on the floor with belly pain since morning, a little nausea",45,female,0,99.1,90,95,118,,Severe abdominal pain,paraphrase,high
Medical certificate for one week,40,female,0,99.0,86,98,112,,Routine check-up,keyword,low
Stomach is rock hard and paining terribly suddenly and not eating well,63,male,0,98.8,88,96,114,,Severe abdominal pain,paraphrase,high
My neighbour has unconscious for three days,72,female,0,,,,,,Unconscious / collapsed,keyword,critical
Having feeling tired and weak,54,female,0,98.8,93,97,115,4,Unclassified complaint,unclassified,low
"Heard a crack in the wrist and it is swollen for three days, no chest pain",66,female,0,98.5,96,97,123,8,Fracture,paraphrase,high
Came with hit by car since an hour,49,female,0,97.6,153,99,119,8,Major trauma,keyword,critical
Having chest tight and whistling sound when breathing since morning,74,female,0,97.9,92,97,112,5,Asthma attack (mild),paraphrase,medium
"Wheezing for one week, slight headache",71,male,0,,,,,3,Asthma attack (mild),keyword,medium
Patient complains of appendicitis from evening,32,female,0,97.4,66,98,128,,Severe abdominal pain,keyword,high
Pulsating headache with nausea since morning suddenly,36,female,0,98.2,89,97,150,,Severe migraine/headache,paraphrase,medium
Chest tightness,21,male,0,98.3,79,98,150,6,Chest pain / suspected heart attack,keyword,critical
Sore throat suddenly and not eating well,45,female,0,,,,,,Sore throat,keyword,low
My wife has bike crash on the highway for two days,8,male,0,98.6,86,99,108,8,Major trauma,paraphrase,critical
Came with itching since an hour,52,male,0,98.9,92,93,153,4,Skin allergy/rash,keyword,high
Came with cannot move my leg since last night,45,male,0,,,,,,Fracture,keyword,high
"Head is pounding and light hurts the eyes for three days, slight headache",55,female,0,98.0,72,99,133,5,Severe migraine/headache,paraphrase,medium
Patient complains of body ache from evening,46,female,0,100.1,95,95,116,,Mild fever,keyword,low
"Burning hot body and shivering since two days for two days, slight headache",56,male,0,,,,,,High fever (>102°F),paraphrase,high
"Patient complains of used the puffer twice, still a bit tight since morning",36,male,0,98.2,74,97,124,,Asthma attack (mild),paraphrase,medium
Came with throwing up everything I eat since yesterday for one week,61,female,0,98.2,75,97,127,,Persistent vomiting,paraphrase,medium
My wife has fever touching 104 since yesterday for two days,49,male,0,102.4,91,96,142,,High fever (>102°F),paraphrase,high
Ear is aching from evening,71,female,0,98.8,42,99,133,,Ear pain,paraphrase,low
Came with throbbing pain on one side of the head with vomiting for three days,51,female,0,98.6,99,99,104,,Severe migraine/headache,paraphrase,medium
"Broken wrist for three days, a little nausea",15,female,0,98.5,95,97,71,,Fracture,keyword,critical
Itching,47,male,0,,,,,2,Skin allergy/rash,keyword,low
"Belly pain since an hour, feeling tired",32,female,1,,,,,,Stomach pain (mild),keyword,high
Came with asthma for one week,34,female,0,98.8,90,96,150,,Asthma attack (mild),keyword,medium
My daughter has pain in throat,77,female,0,,,,,1,Sore throat,keyword,low
Indigestion,25,female,1,99.2,90,97,118,2,Stomach pain (mild),keyword,high
Follow-up since yesterday and slight headache,75,male,0,,,,,,Routine check-up,keyword,low
Patient complains of my chest feels heavy and I am sweating since yesterday,5,male,0,98.2,85,98,124,,Chest pain / suspected heart attack,paraphrase,critical
My grandmother has allergy since an hour,26,male,0,99.4,71,98,120,,Skin allergy/rash,keyword,low
Patient complains of lips and eyes swelled up after eating prawns for three days,23,female,0,100.4,82,96,141,,Severe allergic reaction,paraphrase,critical
"Runny nose and sneezing since two days since yesterday, a little nausea",56,male,0,98.9,75,98,90,,Cold & cough,paraphrase,low
Patient complains of review visit for two days,7,male,0,97.7,93,97,124,,Routine check-up,keyword,low
"Fits for two days, no breathing difficulty",84,female,0,100.0,85,97,119,,Seizure,keyword,critical
Having cannot put weight on the ankle after twisting it suddenly,70,male,0,98.8,69,96,128,8,Fracture,paraphrase,high
Body ache since an hour and body pains,10,female,0,,,,,1,Mild fever,keyword,low
Excruciating pain in the abdomen since night for three days and body pains,25,male,0,97.5,82,96,129,8,Severe abdominal pain,paraphrase,high
Patient complains of stiff back since morning from evening,77,male,0,97.8,80,96,138,,Back pain,paraphrase,low
Vaccination since an hour and body pains,32,male,0,,,,,3,Routine check-up,keyword,low
My father has pain inside the ear and blocked feeling from evening,32,female,0,,,,,5,Ear pain,paraphrase,low
"Skin allergy since morning, not eating well",57,female,0,,,,,,Skin allergy/rash,keyword,low
"Very high fever since an hour, poor sleep",28,male,0,,,,,6,High fever (>102°F),keyword,high
Pain while swallowing food for three days and poor sleep,52,female,0,,,,,3,Sore throat,paraphrase,low
Bukhar suddenly and feeling tired,79,male,0,101.2,70,99,112,1,Mild fever,keyword,low
Fitting for three days,17,female,0,,,,,,Seizure,keyword,critical
"Cough with yellow sputum and fever since an hour, not eating well",12,female,0,,,,,,Chest infection,paraphrase,medium
Lost consciousness at home since yesterday and poor sleep,47,male,0,97.4,89,84,136,,Unconscious / collapsed,paraphrase,critical
Ate some unknown seeds and is drowsy,20,female,0,98.8,101,95,86,,Poisoning / bite / overdose,paraphrase,critical
My mother has chest infection since an hour,48,male,0,98.9,95,95,138,,Chest infection,keyword,medium
Bad headache,76,female,0,,,,,,Severe migraine/headache,keyword,medium
Cannot keep even water down,39,female,0,,,,,6,Persistent vomiting,paraphrase,medium
"Nasal congestion for three days, mild cough",64,female,0,,,,,,Cold & cough,keyword,low
Keeps vomiting,21,female,0,98.2,89,98,106,8,Persistent vomiting,keyword,medium
Having continuous vomiting and very thirsty for one week,56,female,0,,,,,,Persistent vomiting,paraphrase,medium
Severe allergic,20,male,0,98.6,82,97,123,,Severe allergic reaction,keyword,critical
Patient complains of sleep problems since yesterday,10,male,0,98.1,72,97,127,3,Unclassified complaint,unclassified,low
Blocked nose and mild cough,52,female,0,98.4,65,98,138,,Cold & cough,paraphrase,medium
Bone is bent after the fall and a little nausea,54,female,0,98.5,87,98,142,,Fracture,paraphrase,high
"Phlegm, not unconscious",46,female,0,98.7,80,96,111,,Chest infection,keyword,medium
My wife has burning hot body and shivering since two days since an hour,92,male,0,103.0,79,97,121,,High fever (>102°F),paraphrase,high
My father has bone broke for two days,70,male,0,,,,,,Fracture,keyword,high
Heard a crack in the wrist and it is swollen suddenly and a little nausea,72,female,0,,,,,,Fracture,paraphrase,high
My daughter has head is pounding and light hurts the eyes since an hour,39,male,0,99.3,92,95,126,3,Severe migraine/headache,paraphrase,medium
"Pain in the lower spine after lifting for three days, poor sleep",69,male,0,98.4,49,100,131,,Back pain,paraphrase,low
Skin is itching after using a new soap,55,male,0,98.2,88,97,134,,Skin allergy/rash,paraphrase,low
Having cough bringing up green mucus since last night,17,female,0,98.3,90,96,112,,Chest infection,paraphrase,medium
Continuous vomiting and very thirsty,21,female,0,98.8,76,97,128,,Persistent vomiting,paraphrase,medium
My neighbour has very hot to touch and rigors at night for three days,48,female,0,,,,,8,High fever (>102°F),paraphrase,high
"Throwing up everything I eat since yesterday suddenly, a little nausea",41,female,0,99.0,66,97,132,,Persistent vomiting,paraphrase,medium
Pain in my ear,69,male,0,,,,,5,Ear pain,keyword,low
"Burning in the stomach after spicy food for three days, slight headache",38,female,0,98.4,93,98,116,,Stomach pain (mild),paraphrase,low
Patient complains of heard a crack in the wrist and it is swollen since yesterday,26,male,0,,,,,,Fracture,paraphrase,high
My mother has fever touching 104 since yesterday for three days,53,female,0,,,,,5,High fever (>102°F),paraphrase,high
Major burn,29,female,0,98.3,44,98,102,,Severe burns / electric shock,keyword,critical
Excruciating pain in the abdomen since night,16,male,0,97.8,94,98,120,,Severe abdominal pain,paraphrase,high
"Upset stomach and gas from evening and feeling tired, no breathing difficulty",37,female,0,97.7,84,98,136,5,Stomach pain (mild),paraphrase,low
Snake bite suddenly,49,male,0,,,,,,Poisoning / bite / overdose,keyword,critical
Unresponsive since morning and a little nausea,55,male,0,97.1,45,96,143,,Unconscious / collapsed,keyword,critical
Fell off a ladder from the second floor and feeling tired,30,female,0,100.0,90,96,132,,Major trauma,paraphrase,critical
Back ache for one week,45,female,0,98.8,90,95,141,,Back pain,keyword,low
Loss of appetite,14,female,0,,,,,2,Unclassified complaint,unclassified,low
Backache,63,female,0,98.4,78,98,118,,Back pain,keyword,low
Unbearable pain in the lower right side of the tummy,25,female,1,98.0,88,98,141,8,Severe abdominal pain,paraphrase,high
Patient complains of throat is raw since yesterday since yesterday,45,female,0,97.7,95,98,118,2,Sore throat,paraphrase,low
"Came with hives since yesterday, no fever",57,male,0,98.7,79,97,129,1,Skin allergy/rash,keyword,low
My husband has slightly warm body and tired for one week,31,male,0,101.0,102,97,124,1,Mild fever,paraphrase,low
"Throbbing pain on one side of the head with vomiting since morning, not eating well",43,male,0,98.0,79,98,117,5,Severe migraine/headache,paraphrase,medium
Came with pain in the lower spine after lifting from evening,61,male,0,98.9,72,99,122,,Back pain,paraphrase,low
My husband has knife injury to the stomach for one week,67,female,0,97.8,81,84,120,8,Major trauma,paraphrase,critical
Pain in the leg muscles since last night and not eating well,1,male,0,98.2,78,99,129,,Unclassified complaint,unclassified,low
Having cough bringing up green mucus for two days,12,male,0,99.4,88,96,108,,Chest infection,paraphrase,medium
Patient complains of not feeling well since two days since morning,37,female,0,,,,,5,Unclassified complaint,unclassified,low
"My father has used the puffer twice, still a bit tight for one week",60,male,0,99.3,155,97,102,,Asthma attack (mild),paraphrase,critical
Spine pain since yesterday and a little nausea,57,male,0,,,,,2,Back pain,keyword,low
Having vomiting diarrhea for three days,70,male,0,,,,,,Persistent vomiting,keyword,medium
Came with allergy for one week,55,male,0,98.8,88,97,118,,Skin allergy/rash,keyword,low
My daughter has deep cut on the leg bleeding non stop since an hour,7,female,0,,,,,,Severe bleeding,paraphrase,critical
Throat swelling since yesterday and not eating well,28,female,0,99.6,93,98,101,,Severe allergic reaction,keyword,critical
Patient complains of cough with yellow sputum and fever since an hour,23,male,0,99.1,90,95,117,,Chest infection,paraphrase,medium
"Cannot move my arm for one week, no bleeding",39,male,0,,,,,,Fracture,keyword,high
Patient complains of broken arm suddenly,40,female,0,,,,,,Fracture,keyword,high
Back is aching while bending,26,female,0,,,,,,Back pain,paraphrase,low
My husband has asthma since last night,72,male,0,,,,,,Asthma attack (mild),keyword,medium
Having earache since morning,19,female,1,98.9,89,98,122,,Ear pain,keyword,low
Difficulty swallowing,32,male,0,,,,,,Sore throat,keyword,low
Can't stop vomiting since last night,47,female,0,98.3,81,96,128,4,Persistent vomiting,keyword,medium
"Came with used the puffer twice, still a bit tight for three days, no fever",35,female,0,98.9,89,97,125,,Asthma attack (mild),paraphrase,medium
Having low grade temperature and body pains for two days,1,female,0,,,,,3,Mild fever,paraphrase,low
Having pain in the lower spine after lifting since an hour,68,male,0,98.2,83,97,106,2,Back pain,paraphrase,low
Severe tummy,14,female,0,98.4,71,98,113,7,Severe abdominal pain,keyword,high
"Stomach is rock hard and paining terribly since morning, body pains",21,female,0,,,,,10,Severe abdominal pain,paraphrase,high
My neighbour has productive cough suddenly,28,male,0,,,,,,Chest infection,keyword,medium
"Came with used the puffer twice, still a bit tight suddenly",35,female,0,98.9,71,99,133,,Asthma attack (mild),paraphrase,medium
"Having heart attack suddenly, not unconscious",43,male,0,,,,,8,Chest pain / suspected heart attack,keyword,critical
Blocked nose and mild cough for two days,29,female,0,,,,,1,Cold & cough,paraphrase,low
Came with came for regular sugar test for one week,63,male,0,98.6,87,97,128,,Routine check-up,paraphrase,low
Feeling tired and weak,31,female,0,98.2,68,97,101,3,Unclassified complaint,unclassified,low
Vomited ten times since morning,27,female,0,98.2,83,99,117,,Persistent vomiting,paraphrase,medium
Feverish suddenly and mild cough,4,female,0,,,,,5,Mild fever,keyword,low
Patient complains of cough bringing up green mucus for three days,31,male,0,,,,,,Chest infection,paraphrase,medium
Chest is burning and left arm feels numb since yesterday,37,male,0,,,,,,Chest pain / suspected heart attack,paraphrase,critical
My wife has upset stomach and gas for one week,43,male,0,,,,,4,Stomach pain (mild),paraphrase,low
My husband has chills since an hour,25,male,0,100.2,78,97,70,,Mild fever,keyword,critical
Came with chest tight and whistling sound when breathing since an hour,78,female,0,97.9,80,98,124,,Asthma attack (mild),paraphrase,high
Came with follow up suddenly,18,female,0,98.2,86,95,116,,Routine check-up,keyword,low
Having throbbing pain on one side of the head with vomiting since last night,40,male,0,99.0,74,98,129,,Severe migraine/headache,paraphrase,medium
"Pain inside the ear and blocked feeling for two days, mild cough",3,male,0,97.4,84,97,128,,Ear pain,paraphrase,low
Not feeling well since two days from evening,70,female,0,,,,,,Unclassified complaint,unclassified,low
My father has fell down and is not waking since an hour,58,male,0,,,,,,Unconscious / collapsed,paraphrase,critical
"Fever touching 104 since yesterday for three days, feeling tired",5,female,0,103.5,80,99,102,,High fever (>102°F),paraphrase,high
Cough bringing up green mucus from evening and slight headache,47,male,0,,,,,,Chest infection,paraphrase,medium
Hot oil fell on the chest and arms for two days and body pains,14,male,0,,,,,,Severe burns / electric shock,paraphrase,critical
Chest congestion,47,male,0,99.1,78,97,205,,Chest infection,keyword,medium
"Cannot put weight on the ankle after twisting it since an hour, body pains",20,female,0,,,,,,Fracture,paraphrase,high
Patient complains of earache since yesterday,88,male,0,98.3,82,97,86,,Ear pain,keyword,critical
Worst headache for two days and poor sleep,28,female,0,,,,,3,Severe migraine/headache,keyword,medium
Patient complains of need to collect my monthly medicines suddenly,74,female,0,,,,,,Routine check-up,paraphrase,low
Chest congestion since last night,55,male,0,98.2,79,100,139,,Chest infection,keyword,medium
Chest tight and whistling sound when breathing,52,male,0,,,,,,Asthma attack (mild),paraphrase,medium
Snake bite,59,male,0,98.1,75,95,127,,Poisoning / bite / overdose,keyword,critical
"Patient complains of can't stop vomiting since last night, no vomiting",70,female,0,98.3,83,98,139,,Persistent vomiting,keyword,medium
Burning in the stomach after spicy food from evening and slight headache,24,male,0,,,,,2,Stomach pain (mild),paraphrase,low
Patient complains of tonsil,59,female,0,98.9,77,99,134,3,Sore throat,keyword,low
Diarrhea from evening,40,male,0,97.6,82,97,118,,Stomach pain (mild),keyword,low
My grandmother has back ache since yesterday,59,female,0,98.7,66,98,114,,Back pain,keyword,low
Having broken leg suddenly,50,male,0,98.1,80,98,119,,Fracture,keyword,high
My husband has eyes rolled up and became limp for two days,53,male,0,99.6,97,98,197,,Unconscious / collapsed,paraphrase,critical
My father has cannot keep even water down since last night,65,male,0,98.7,85,97,135,,Persistent vomiting,paraphrase,medium
My mother has stiff back since morning suddenly,34,female,0,,,,,4,Back pain,paraphrase,low
My neighbour has severe headache for three days,15,female,0,,,,,4,Severe migraine/headache,keyword,medium
Having cannot put weight on the ankle after twisting it for three days,39,male,0,99.5,82,98,116,,Fracture,paraphrase,high
"Chest congestion for two days, slight headache, no fever",41,male,0,,,,,6,Chest infection,keyword,medium
"Backache since yesterday, mild cough",7,female,0,,,,,,Back pain,keyword,low
Patient complains of face puffed up and breathing noisy after an injection,50,female,0,,,,,,Severe allergic reaction,paraphrase,critical
Came with severe belly since yesterday,35,female,0,,,,,10,Severe abdominal pain,keyword,high
"Struggling for breath since an hour since an hour, slight headache, no bleeding",27,female,0,,,,,,Breathing difficulty,paraphrase,critical
"Throat closing after a bee sting for one week, poor sleep",52,female,0,98.5,78,83,121,,Severe allergic reaction,paraphrase,critical
Fever touching 104 since yesterday,65,female,0,104.5,82,97,107,10,High fever (>102°F),paraphrase,high
"Stomach is rock hard and paining terribly from evening and poor sleep, no vomiting",8,female,0,99.5,94,96,110,6,Severe abdominal pain,paraphrase,high
Feeling feverish since evening,29,male,0,100.8,97,95,134,,Mild fever,paraphrase,low
"Scratchy throat and painful to swallow for three days, a little nausea",44,male,0,98.1,76,95,118,,Sore throat,paraphrase,low
"Came with pressure in the middle of my chest spreading to my jaw since yesterday, no fever",55,male,0,100.9,43,99,140,,Chest pain / suspected heart attack,paraphrase,critical
My husband has tonsil since last night,63,male,0,98.9,92,97,116,5,Sore throat,keyword,low
"Unbearable stomach since an hour, slight headache",29,female,0,,,,,,Severe abdominal pain,keyword,high
Severe stomach pain and poor sleep,55,male,0,98.6,49,97,142,,Severe abdominal pain,keyword,high
"Jerking movements and foam from mouth from evening, not eating well",48,male,0,98.1,73,97,121,,Seizure,paraphrase,critical
Burning with fever for two days,29,male,0,,,,,8,High fever (>102°F),keyword,high
Came with bitten by a cobra in the field since yesterday,63,male,0,,,,,10,Poisoning / bite / overdose,paraphrase,critical
"Patient complains of used the puffer twice, still a bit tight suddenly",25,male,0,99.4,75,97,126,6,Asthma attack (mild),paraphrase,medium
My son has throat irritation and cold since morning,37,female,0,,,,,,Cold & cough,paraphrase,low
Stomach pain for one week,71,female,0,98.6,81,100,135,,Stomach pain (mild),keyword,low
"Itching for two days, poor sleep",47,male,0,,,,,,Skin allergy/rash,keyword,low
Having slightly warm body and tired since an hour,51,male,0,100.2,110,99,137,1,Mild fever,paraphrase,low
Patient complains of feeling feverish since evening for two days,20,female,0,,,,,,Mild fever,paraphrase,low
Fell from the terrace for one week and feeling tired,32,female,0,,,,,,Major trauma,keyword,critical
Having dizziness on standing since an hour,64,male,0,,,,,5,Unclassified complaint,unclassified,low
"Neck pain , no fever",9,male,0,99.9,87,95,106,,Back pain,keyword,low
"Excruciating pain in the abdomen since night , not eating well",48,male,0,99.1,83,96,82,,Severe abdominal pain,paraphrase,critical
My father has red spots on the arms that itch for one week,56,female,0,97.9,72,96,130,3,Skin allergy/rash,paraphrase,low
Came with stomachache suddenly,78,female,0,97.6,92,97,149,1,Stomach pain (mild),keyword,low
Gastric since yesterday and poor sleep,41,female,0,98.6,74,98,119,5,Stomach pain (mild),keyword,low
Came with continuous vomiting since morning,22,female,0,,,,,6,Persistent vomiting,keyword,medium
"Used the puffer twice, still a bit tight for two days, mild cough",16,female,0,99.2,122,96,124,5,Asthma attack (mild),paraphrase,medium
Eczema,51,male,0,99.8,88,96,137,,Skin allergy/rash,keyword,low
Patient complains of feeling tired and weak from evening,20,female,0,98.9,75,99,106,,Unclassified complaint,unclassified,low
Having cannot move my arm from evening,67,male,0,99.8,91,96,171,8,Fracture,keyword,high
Need to collect my monthly medicines since morning,62,male,0,99.4,83,96,137,3,Routine check-up,paraphrase,low
Belly pain,46,male,0,98.1,86,97,120,,Stomach pain (mild),keyword,low
Sneezing since yesterday,61,female,0,98.7,97,99,120,4,Cold & cough,keyword,low
My neighbour has cold for three days,50,female,0,98.5,79,95,140,,Cold & cough,keyword,low
My daughter has not feeling well since two days for three days,15,male,0,99.7,113,98,115,5,Unclassified complaint,unclassified,medium
Broken arm suddenly,13,female,0,97.8,87,94,128,10,Fracture,keyword,high
Bone is bent after the fall from evening,45,male,0,98.4,70,98,116,,Fracture,paraphrase,high
Having unbearable stomach suddenly,30,male,0,99.0,63,95,144,,Severe abdominal pain,keyword,high
Tonsil since last night,26,female,0,99.7,91,96,130,1,Sore throat,keyword,low
"Loose motion for three days, feeling tired",14,male,0,98.7,86,97,118,,Stomach pain (mild),keyword,low
Came with sneezing since an hour,49,female,0,98.8,74,97,127,,Cold & cough,keyword,low
Patient complains of broken arm since last night,54,male,0,98.9,46,96,132,,Fracture,keyword,high
Came with splitting headache since morning,39,female,0,98.6,90,98,131,5,Severe migraine/headache,keyword,medium
Having skin allergy since last night,30,female,0,99.6,97,97,128,2,Skin allergy/rash,keyword,low
Came with cannot move my leg suddenly,74,female,0,98.2,93,96,130,,Fracture,keyword,high
Came with general weakness,30,female,0,,,,,4,Unclassified complaint,unclassified,low
Having runny nose and sneezing since two days since an hour,29,female,0,97.6,104,97,107,,Cold & cough,paraphrase,low
My neighbour has bronchitis since yesterday,52,male,0,98.3,90,97,123,,Chest infection,keyword,medium
Head is pounding and light hurts the eyes since morning and poor sleep,65,male,0,,,,,,Severe migraine/headache,paraphrase,medium
Patient complains of sleep problems,30,female,0,,,,,3,Unclassified complaint,unclassified,low
Arm looks deformed after falling from the bike for two days,26,male,0,99.0,73,97,116,10,Fracture,paraphrase,high
Pain inside the ear and blocked feeling,51,male,0,99.7,103,98,127,,Ear pain,paraphrase,low
Having throat closing after a bee sting since morning,56,male,0,98.2,67,88,101,,Severe allergic reaction,paraphrase,critical
Came with abdominal pain for two days,29,female,0,,,,,,Stomach pain (mild),keyword,low
My wife has broken bone since last night,33,male,0,,,,,,Fracture,keyword,high
My daughter has scratchy throat and painful to swallow,17,male,0,,,,,,Sore throat,paraphrase,low
My wife has cannot keep even water down since last night,1,male,0,,,,,6,Persistent vomiting,paraphrase,medium
Patient complains of indigestion since an hour,20,female,0,,,,,,Stomach pain (mild),keyword,low
My wife has chest infection since yesterday,47,female,0,99.2,72,97,135,,Chest infection,keyword,medium
Patient complains of hives all over and voice became hoarse,11,male,0,98.5,95,83,124,10,Severe allergic reaction,paraphrase,critical
Throat irritation and cold,39,male,0,98.5,83,96,149,,Cold & cough,paraphrase,low
Skin allergy from evening,72,male,0,98.1,81,98,116,2,Skin allergy/rash,keyword,low
"Used the puffer twice, still a bit tight for three days, not eating well",13,female,0,99.2,96,96,114,,Asthma attack (mild),paraphrase,medium
Having sudden weakness in right arm and leg from evening,73,male,0,99.5,97,98,116,,Stroke signs,paraphrase,critical
Came with burning hot body and shivering since two days since yesterday,72,female,0,,,,,10,High fever (>102°F),paraphrase,high
"Stomachache suddenly, not eating well",10,male,0,,,,,1,Stomach pain (mild),keyword,low
Came with jerking movements and foam from mouth since an hour,35,male,0,,,,,9,Seizure,paraphrase,critical
My son has repeated vomiting from evening,30,male,0,99.4,67,95,124,8,Persistent vomiting,keyword,medium
Mild wheeze after climbing stairs since last night,82,female,0,97.3,75,99,112,,Asthma attack (mild),paraphrase,medium
Repeated vomiting,40,male,0,97.7,89,96,121,,Persistent vomiting,keyword,medium
"Breathing difficulty suddenly, mild cough",12,female,0,98.9,43,97,110,,Breathing difficulty,keyword,critical
Patient complains of slightly warm body and tired since yesterday,66,female,0,,,,,4,Mild fever,paraphrase,low
"Cannot lift left hand since morning, words coming out wrong from evening and feeling tired",56,female,0,98.3,95,99,104,,Stroke signs,paraphrase,critical
Having excruciating pain in the abdomen since night for one week,59,female,0,98.1,75,96,111,,Severe abdominal pain,paraphrase,high
Having pain in ear since last night,3,male,0,99.5,96,97,113,,Ear pain,keyword,low
Upset stomach and gas since an hour,43,male,0,,,,,,Stomach pain (mild),paraphrase,low
"Dizziness on standing for two days, feeling tired",43,male,0,,,,,,Unclassified complaint,unclassified,low
Patient complains of slightly warm body and tired since last night,54,male,0,101.1,73,98,143,,Mild fever,paraphrase,low
"My son has burning hot body and shivering since two days since an hour, no fever",27,male,0,104.4,83,96,126,6,High fever (>102°F),paraphrase,high
Feeling feverish since evening,22,female,1,100.1,85,97,121,1,Mild fever,paraphrase,low
Came with throat is raw since yesterday suddenly,56,female,0,,,,,2,Sore throat,paraphrase,low
Patient complains of cannot keep even water down for one week,43,female,0,99.0,73,98,131,,Persistent vomiting,paraphrase,medium
My mother has unbearable stomach for one week,40,male,0,98.5,65,97,131,8,Severe abdominal pain,keyword,high
Came with pain in the lower spine after lifting from evening,31,male,0,98.5,90,98,126,,Back pain,paraphrase,low
Came with sneezing,17,male,0,98.1,71,98,129,4,Cold & cough,keyword,low
Patient complains of sudden loss of balance and blurred vision since yesterday,32,male,0,,,,,,Stroke signs,paraphrase,critical
Having very high fever since an hour,35,male,0,,,,,9,High fever (>102°F),keyword,high
Patient complains of ear is aching for one week,6,female,0,98.3,87,97,139,,Ear pain,paraphrase,low
Having cough with sputum since last night,13,female,0,99.0,88,99,138,3,Chest infection,keyword,medium
My grandmother has low grade temperature and body pains for one week,33,female,0,100.0,73,96,114,,Mild fever,paraphrase,low
Cannot move my leg,45,male,0,,,,,6,Fracture,keyword,high
Kaichal since last night and body pains,36,female,0,,,,,1,Mild fever,keyword,low
"Having red patches on the back for two days, no breathing difficulty",29,female,0,98.3,86,97,108,,Skin allergy/rash,paraphrase,low
Skin is itching after using a new soap since yesterday,11,female,0,,,,,,Skin allergy/rash,paraphrase,low
Check-up since last night,37,female,0,,,,,,Routine check-up,keyword,low
Came with repeated vomiting,54,female,0,98.9,93,96,126,,Persistent vomiting,keyword,medium
Patient complains of sudden weakness in right arm and leg from evening,49,female,0,,,,,,Stroke signs,paraphrase,critical
Sleep problems,28,male,0,98.7,94,96,111,,Unclassified complaint,unclassified,low
Throat irritation and cold,39,male,0,,,,,,Cold & cough,paraphrase,low
"Used the puffer twice, still a bit tight suddenly, slight headache",62,female,0,98.0,72,98,114,,Asthma attack (mild),paraphrase,medium
Came with child pulling at the ear and crying from evening,2,male,0,99.0,100,97,104,5,Ear pain,paraphrase,low
"Broken wrist since morning, not eating well, not unconscious",36,female,0,97.5,85,96,104,6,Fracture,keyword,high
"Red spots on the arms that itch for one week, a little nausea",42,female,0,99.7,86,96,143,,Skin allergy/rash,paraphrase,low
Came with severe head pain since an hour,56,male,0,,,,,6,Severe migraine/headache,keyword,medium
Feeling tired and weak,32,male,0,,,,,1,Unclassified complaint,unclassified,low
Blocked nose and mild cough since an hour,10,male,0,,,,,,Cold & cough,paraphrase,low
Having fever shivering since yesterday,32,female,0,103.9,75,97,120,9,High fever (>102°F),keyword,high
Vomiting many times,43,male,0,98.6,88,97,123,,Persistent vomiting,keyword,medium
Having backache for two days,12,male,0,,,,,,Back pain,keyword,low
Came with bone is bent after the fall from evening,44,female,0,,,,,,Fracture,paraphrase,high
Having back ache since morning,28,female,0,,,,,,Back pain,keyword,low
"Pain in ear for two days, slight headache",6,female,0,,,,,,Ear pain,keyword,medium
Not responding to calls since last night and not eating well,42,female,0,98.9,63,99,84,,Unconscious / collapsed,paraphrase,critical
"Breathing trouble for two days, slight headache",50,male,0,,,,,8,Breathing difficulty,keyword,critical
Mild ache in the tummy after food for three days and a little nausea,49,female,0,,,,,,Stomach pain (mild),paraphrase,low
Patient complains of red spots on the arms that itch since last night,38,male,0,99.0,83,97,146,,Skin allergy/rash,paraphrase,low
My father has difficulty swallowing for one week,33,male,0,98.7,104,98,127,,Sore throat,keyword,low
My wife has general weakness,67,female,0,99.2,83,96,133,3,Unclassified complaint,unclassified,low
Came with throat is raw since yesterday for one week,76,male,0,100.4,81,97,95,,Sore throat,paraphrase,low
My father has arm looks deformed after falling from the bike suddenly,63,female,0,,,,,,Fracture,paraphrase,high
"Very high fever for three days, mild cough",23,male,0,102.6,92,97,130,,High fever (>102°F),keyword,high
Having pain in throat since an hour,25,female,0,99.0,87,95,112,,Sore throat,keyword,low
Prescription,48,male,0,97.9,73,97,135,5,Routine check-up,keyword,low
Came with burning in the stomach after spicy food since yesterday,43,male,0,97.8,94,97,118,1,Stomach pain (mild),paraphrase,low
"Facial droop since morning, feeling tired",43,female,0,97.4,81,97,106,,Stroke signs,keyword,critical
Lips and eyes swelled up after eating prawns and slight headache,77,female,0,,,,,,Severe allergic reaction,paraphrase,critical
Gunshot,61,female,0,97.7,141,97,121,10,Major trauma,keyword,critical
My grandmother has child pulling at the ear and crying for one week,46,female,0,98.6,95,98,154,,Ear pain,paraphrase,low
"Fell off a ladder from the second floor for one week, not eating well, no bleeding",19,female,0,99.1,83,96,73,10,Major trauma,paraphrase,critical
Wheezing from evening,2,male,0,99.3,80,95,145,7,Asthma attack (mild),keyword,medium
"Belly pain from evening, mild cough",20,female,0,98.9,90,96,137,,Stomach pain (mild),keyword,low
"Asthma for three days, poor sleep",22,female,0,98.4,82,99,114,8,Asthma attack (mild),keyword,medium
"Cough with yellow sputum and fever since last night, slight headache",74,female,0,99.2,70,96,139,3,Chest infection,paraphrase,medium
My husband has upset stomach and gas suddenly,27,female,0,99.0,91,96,132,4,Stomach pain (mild),paraphrase,low
Keep vomiting since an hour,12,female,0,,,,,,Persistent vomiting,keyword,medium
Patient complains of breathing very fast and wheezing badly lips look dark for one week,28,female,0,98.1,90,98,108,10,Breathing difficulty,paraphrase,critical
Having upset stomach and gas for one week,45,female,0,98.1,82,97,134,5,Stomach pain (mild),paraphrase,low
Cannot keep even water down,27,female,0,97.6,72,99,123,,Persistent vomiting,paraphrase,medium
Asthma,26,female,0,98.5,62,100,113,,Asthma attack (mild),keyword,medium
Patient complains of acidity for one week,24,female,1,99.1,68,97,126,,Stomach pain (mild),keyword,high
My wife has stomach pain for two days,16,female,0,99.4,90,97,132,,Stomach pain (mild),keyword,low
Came with burning in the stomach after spicy food suddenly,6,male,0,,,,,,Stomach pain (mild),paraphrase,low
Patient complains of fever shivering suddenly,20,male,0,,,,,,High fever (>102°F),keyword,high
"Came with pain in ear for one week, no vomiting",3,female,0,98.5,92,96,108,,Ear pain,keyword,low
Heart attack and body pains,53,male,0,99.3,115,96,119,,Chest pain / suspected heart attack,keyword,critical
Came with appendicitis for one week,27,female,0,99.1,95,95,112,,Severe abdominal pain,keyword,high
Bukhar suddenly,56,male,0,,,,,,Mild fever,keyword,low
Vomiting diarrhoea,55,male,0,98.2,99,100,135,,Persistent vomiting,keyword,medium
Having upset stomach and gas for one week,31,male,0,98.4,75,97,124,,Stomach pain (mild),paraphrase,low
"Speech became unclear suddenly from evening and body pains, no chest pain",52,female,0,98.3,81,99,140,,Stroke signs,paraphrase,critical
Patient complains of unbearable pain in the lower right side of the tummy suddenly,58,female,0,98.9,87,100,107,7,Severe abdominal pain,paraphrase,high
Came with knife injury to the stomach,69,female,0,99.1,104,97,111,10,Major trauma,paraphrase,critical
My wife has feeling feverish since evening,45,male,0,,,,,,Mild fever,paraphrase,low
Heard a crack in the wrist and it is swollen since yesterday and slight headache,31,male,0,,,,,,Fracture,paraphrase,high
Patient complains of mild ache in the tummy after food since an hour,41,male,0,99.5,94,97,133,,Stomach pain (mild),paraphrase,low
Patient complains of skin is itching after using a new soap since an hour,37,female,0,98.5,88,96,132,,Skin allergy/rash,paraphrase,low
Wheezing for two days and poor sleep,4,female,0,98.9,95,98,88,4,Asthma attack (mild),keyword,critical
Patient complains of worst headache,29,male,0,,,,,,Severe migraine/headache,keyword,medium
My daughter has stomach is rock hard and paining terribly since yesterday,45,female,0,,,,,9,Severe abdominal pain,paraphrase,high
Came for regular sugar test since yesterday,55,male,0,,,,,2,Routine check-up,paraphrase,low
Came with epileptic attack since last night,37,female,0,,,,,,Seizure,keyword,critical
Patient complains of stomach paining a lot,64,male,0,98.9,91,97,106,,Severe abdominal pain,keyword,high
Body ache since an hour and a little nausea,77,male,0,100.2,87,99,136,1,Mild fever,keyword,low
Sudden weakness in right arm and leg,53,male,0,98.4,80,84,140,,Stroke signs,paraphrase,critical
Having upset stomach and gas from evening,50,male,0,98.4,94,96,131,,Stomach pain (mild),paraphrase,low
Pain in ear,41,female,0,,,,,,Ear pain,keyword,low
Came with pulsating headache with nausea since morning since last night,35,female,0,,,,,,Severe migraine/headache,paraphrase,medium
Patient complains of very hot to touch and rigors at night for three days,46,male,0,103.0,73,97,116,,High fever (>102°F),paraphrase,high
Patient complains of stomach paining a lot for one week,9,male,0,97.9,75,97,112,7,Severe abdominal pain,keyword,high
Ate some unknown seeds and is drowsy,15,male,0,,,,,,Poisoning / bite / overdose,paraphrase,critical
My daughter has skin allergy for one week,71,female,0,98.8,61,97,132,,Skin allergy/rash,keyword,low
Black tarry stools and feeling faint since last night,34,female,0,99.0,83,84,114,9,Severe bleeding,paraphrase,critical
Back pain for three days and mild cough,33,female,0,99.2,74,97,114,,Back pain,keyword,low
Pain while swallowing food,41,female,0,,,,,4,Sore throat,paraphrase,low
"Bp check, no bleeding",71,male,0,,,,,,Routine check-up,keyword,low
Very hot to touch and rigors at night,31,female,0,104.3,90,97,109,,High fever (>102°F),paraphrase,high
"Stiff back since morning since yesterday and poor sleep, no bleeding",15,male,0,,,,,,Back pain,paraphrase,low
"Child drank kerosene by mistake since an hour, no fever",30,male,0,100.0,70,99,133,,Poisoning / bite / overdose,paraphrase,critical
Fainting since last night and a little nausea,47,male,0,98.3,81,97,119,,Unconscious / collapsed,keyword,critical
Patient complains of unbearable pain in the lower right side of the tummy since yesterday,41,female,0,98.5,91,97,190,7,Severe abdominal pain,paraphrase,high
"Pesticide from evening and feeling tired, no fever",35,female,0,97.6,92,96,131,,Poisoning / bite / overdose,keyword,critical
My son has throat closing after a bee sting from evening,31,female,0,99.1,79,95,140,7,Severe allergic reaction,paraphrase,critical
Came with asthma,60,male,0,97.9,87,95,141,,Asthma attack (mild),keyword,medium
Patient complains of ear infection for one week,8,female,0,,,,,,Ear pain,keyword,low
Pulsating headache with nausea since morning for three days and body pains,52,male,0,,,,,,Severe migraine/headache,paraphrase,medium
"Upset stomach and gas since last night, body pains",51,male,0,99.1,78,96,114,,Stomach pain (mild),paraphrase,low
Came with mild ache in the tummy after food since last night,42,male,0,97.2,99,97,126,,Stomach pain (mild),paraphrase,low
My wife has blocked nose and mild cough for three days,31,male,0,,,,,,Cold & cough,paraphrase,low
"Came with skin is itching after using a new soap since morning, no vomiting",27,female,0,97.8,99,97,132,,Skin allergy/rash,paraphrase,low
My grandmother has feeling feverish since evening for one week,24,female,1,,,,,,Mild fever,paraphrase,low
Blocked nose and mild cough,54,male,0,,,,,4,Cold & cough,paraphrase,low
Need a fitness certificate since yesterday and not eating well,37,male,0,100.9,76,97,110,,Routine check-up,paraphrase,low
My wife has chest infection for one week,44,male,0,98.1,40,97,135,3,Chest infection,keyword,critical
Red patches on the back for two days and slight headache,67,female,0,98.4,66,99,138,1,Skin allergy/rash,paraphrase,low
Blocked nose and mild cough,77,male,0,,,,,,Cold & cough,paraphrase,low
Having severe abdomen suddenly,19,male,0,,,,,,Severe abdominal pain,keyword,high
Patient complains of loose stools since morning for three days,22,female,0,,,,,,Stomach pain (mild),paraphrase,low
Need a fitness certificate suddenly and not eating well,31,male,0,98.5,89,98,131,,Routine check-up,paraphrase,low
Feels like suffocating,43,female,0,99.3,84,95,106,9,Breathing difficulty,paraphrase,critical
Patient complains of hives all over and voice became hoarse for one week,57,male,0,,,,,,Severe allergic reaction,paraphrase,critical
"My neighbour has can't move one side since yesterday, no vomiting",73,female,0,98.5,140,98,134,,Stroke signs,keyword,critical
Came with need a fitness certificate for one week,18,male,0,,,,,,Routine check-up,paraphrase,low
High fever,6,female,0,103.1,78,90,130,,High fever (>102°F),keyword,critical
Came with rolling on the floor with belly pain since an hour,92,male,0,97.7,61,97,133,,Severe abdominal pain,paraphrase,high
Patient complains of mild ache in the tummy after food for two days,38,male,0,97.0,84,99,110,,Stomach pain (mild),paraphrase,low
Burns severe,47,female,0,97.6,94,97,121,,Severe burns / electric shock,keyword,critical
"Ear is aching since yesterday, slight headache",73,male,0,,,,,3,Ear pain,paraphrase,low
My mother has pain in ear since an hour,2,male,0,99.2,73,95,122,,Ear pain,keyword,low
Cough bringing up green mucus,42,female,0,100.2,82,96,141,,Chest infection,paraphrase,medium
Patient complains of fever shivering,39,female,1,103.2,90,95,190,5,High fever (>102°F),keyword,high
Abdominal pain,30,female,0,98.6,110,95,123,,Stomach pain (mild),keyword,low
Patient complains of ear infection since last night,17,female,0,98.9,78,98,142,3,Ear pain,keyword,low
"Tonsillitis, no vomiting",47,female,0,,,,,,Sore throat,keyword,low
Patient complains of asthma since an hour,17,female,0,,,,,6,Asthma attack (mild),keyword,medium
Burning with fever,67,female,0,104.2,83,96,140,8,High fever (>102°F),keyword,high
Mild wheeze after climbing stairs,36,female,0,,,,,,Asthma attack (mild),paraphrase,medium
Wheezing since last night,49,female,0,,,,,,Asthma attack (mild),keyword,medium
Ear is aching for two days and a little nausea,50,female,0,99.3,56,96,122,,Ear pain,paraphrase,low
Bronchitis since morning and a little nausea,47,female,0,,,,,,Chest infection,keyword,medium
My neighbour has child drank kerosene by mistake for one week,48,female,0,,,,,,Poisoning / bite / overdose,paraphrase,critical
Patient complains of general weakness,68,male,0,,,,,,Unclassified complaint,unclassified,low
Having runny nose for three days,35,female,0,96.9,91,98,104,,Cold & cough,keyword,low
Having appendicitis for two days,1,male,0,99.1,90,97,111,8,Severe abdominal pain,keyword,high
"Came with very high fever for one week, no vomiting",49,male,0,102.3,92,99,129,,High fever (>102°F),keyword,high
Patient complains of throbbing pain on one side of the head with vomiting from evening,53,female,0,98.5,92,98,98,3,Severe migraine/headache,paraphrase,medium
Patient complains of broken ankle since yesterday,52,male,0,98.6,84,97,125,10,Fracture,keyword,high
Not feeling well since two days,69,female,0,98.5,98,98,113,,Unclassified complaint,unclassified,low
Swelling tongue since an hour and body pains,46,male,0,,,,,10,Severe allergic reaction,keyword,critical
My neighbour has anaphylactic since yesterday,42,female,1,98.5,142,96,135,,Severe allergic reaction,keyword,critical
Cough with yellow sputum and fever,68,female,0,,,,,,Chest infection,paraphrase,medium
My grandmother has pain in ear since last night,41,male,0,99.2,81,98,103,,Ear pain,keyword,low
My grandmother has inhaler for one week,51,male,0,,,,,,Asthma attack (mild),keyword,medium
Having body ache suddenly,38,male,0,,,,,,Mild fever,keyword,low
Patient complains of cough with sputum since an hour,1,male,0,,,,,4,Chest infection,keyword,medium
Came with stomach is rock hard and paining terribly for two days,22,female,0,98.5,86,98,132,,Severe abdominal pain,paraphrase,high
Came with throat pain from evening,35,male,0,,,,,,Sore throat,keyword,low
Fever shivering,49,female,0,104.2,79,97,124,,High fever (>102°F),keyword,high
Patient complains of red patches on the back suddenly,14,male,0,,,,,,Skin allergy/rash,paraphrase,low
Mild wheeze after climbing stairs,55,female,0,99.3,74,89,128,,Asthma attack (mild),paraphrase,critical
Bone is bent after the fall since yesterday,55,male,0,,,,,,Fracture,paraphrase,high
My daughter has pain inside the ear and blocked feeling since morning,8,male,0,99.3,94,96,122,,Ear pain,paraphrase,low
"Used the puffer twice, still a bit tight for one week and slight headache",30,female,0,,,,,,Asthma attack (mild),paraphrase,medium
Came with cough bringing up green mucus for two days,53,male,0,,,,,,Chest infection,paraphrase,medium
Cough for two days and mild cough,27,female,0,,,,,,Cold & cough,keyword,low
"Cannot lift left hand since morning, words coming out wrong since last night",40,female,1,,,,,,Stroke signs,paraphrase,critical
"Hives since morning, a little nausea",41,female,1,98.4,152,95,101,,Skin allergy/rash,keyword,critical
Having red patches on the back for three days,36,male,0,98.9,79,98,133,3,Skin allergy/rash,paraphrase,low
My wife has scratchy throat and painful to swallow for one week,58,male,0,99.5,88,98,121,1,Sore throat,paraphrase,low
Burning hot body and shivering since two days since yesterday and a little nausea,42,female,0,103.9,74,97,129,,High fever (>102°F),paraphrase,high
Came with pain in my ear from evening,2,female,0,,,,,2,Ear pain,keyword,low
Having deep cut on the leg bleeding non stop since yesterday,46,male,0,98.2,78,95,128,,Severe bleeding,paraphrase,critical
Came with excruciating pain in the abdomen since night since morning,32,male,0,,,,,,Severe abdominal pain,paraphrase,high
Soaked three cloths with blood for three days,62,female,0,99.0,94,91,94,8,Severe bleeding,paraphrase,critical
Came with hot oil fell on the chest and arms since morning,46,female,0,98.1,34,97,118,,Severe burns / electric shock,paraphrase,critical
Having slightly warm body and tired for two days,46,male,0,99.9,76,99,142,4,Mild fever,paraphrase,low
My father has worst head pain of my life since yesterday,55,male,0,99.6,83,98,107,,Severe migraine/headache,paraphrase,medium
Having cough bringing up green mucus for two days,13,male,0,99.5,101,96,120,,Chest infection,paraphrase,medium
Throat infection suddenly and poor sleep,45,female,0,,,,,,Sore throat,keyword,low
Stomach pain,79,male,0,,,,,,Stomach pain (mild),keyword,low
My grandmother has asthma from evening,50,female,0,98.5,86,95,114,8,Asthma attack (mild),keyword,medium
Broken ankle and poor sleep,53,male,0,99.0,89,96,120,,Fracture,keyword,high
Vomiting since,46,female,0,,,,,,Persistent vomiting,keyword,medium
Severe head pain,50,male,0,,,,,,Severe migraine/headache,keyword,medium
Came with feverish since morning,82,male,0,,,,,3,Mild fever,keyword,low
Having not feeling well since two days suddenly,58,male,0,,,,,1,Unclassified complaint,unclassified,low
Skin is itching after using a new soap for two days,45,female,0,,,,,5,Skin allergy/rash,paraphrase,low
Skin is itching after using a new soap,25,female,0,,,,,,Skin allergy/rash,paraphrase,low
Cannot keep even water down since last night and feeling tired,43,male,0,,,,,,Persistent vomiting,paraphrase,medium
"Patient complains of slurred speech suddenly, no fever",48,male,0,99.1,120,98,126,9,Stroke signs,keyword,critical
My son has child pulling at the ear and crying,31,male,0,,,,,,Ear pain,paraphrase,low
"Back ache , not eating well",10,male,0,98.3,76,100,122,,Back pain,keyword,low
"Cannot put weight on the ankle after twisting it since an hour and not eating well, no vomiting",50,male,0,98.2,63,96,133,,Fracture,paraphrase,high
Patient complains of back ache since last night,60,male,0,,,,,3,Back pain,keyword,low
"Back ache from evening, mild cough, no chest pain",69,female,0,97.5,97,96,107,4,Back pain,keyword,low
Came with red patches on the back since last night,51,female,0,,,,,3,Skin allergy/rash,paraphrase,low
"Severe head pain for one week, slight headache",54,male,0,,,,,,Severe migraine/headache,keyword,medium
Very high fever,63,male,0,104.2,127,97,138,6,High fever (>102°F),keyword,high
Patient complains of follow up visit for blood pressure since yesterday,23,male,0,,,,,,Routine check-up,paraphrase,low
Burning hot body and shivering since two days from evening and a little nausea,81,female,0,,,,,8,High fever (>102°F),paraphrase,high
Nasal congestion since an hour,42,female,0,,,,,,Cold & cough,keyword,low
Burning in the stomach after spicy food since morning,36,male,0,,,,,,Stomach pain (mild),paraphrase,low
Red spots on the arms that itch,21,male,0,,,,,5,Skin allergy/rash,paraphrase,low
Continuous vomiting and very thirsty since an hour and a little nausea,60,male,0,,,,,,Persistent vomiting,paraphrase,medium
"Having used the puffer twice, still a bit tight",28,male,0,,,,,,Asthma attack (mild),paraphrase,medium
Came with red patches on the back suddenly,26,female,0,98.6,81,97,156,,Skin allergy/rash,paraphrase,low
My mother has burning with fever from evening,35,male,0,,,,,,High fever (>102°F),keyword,high
Came with chest infection since an hour,43,female,0,98.7,67,97,79,6,Chest infection,keyword,critical
My neighbour has very hot to touch and rigors at night since yesterday,1,male,0,102.5,82,97,117,7,High fever (>102°F),paraphrase,high
Having red patches on the back for one week,46,female,0,98.3,91,95,121,2,Skin allergy/rash,paraphrase,low
Came with blocked nose and mild cough since morning,58,female,0,98.8,82,98,148,1,Cold & cough,paraphrase,low
Patient complains of pain while swallowing food since last night,33,female,0,98.4,80,96,108,,Sore throat,paraphrase,low
"Used the puffer twice, still a bit tight",50,female,0,98.2,90,98,119,6,Asthma attack (mild),paraphrase,medium
Blocked nose and mild cough since morning and poor sleep,15,male,0,,,,,2,Cold & cough,paraphrase,low
Having bronchitis since last night,40,male,0,,,,,,Chest infection,keyword,medium
Cannot put weight on the ankle after twisting it,14,female,0,97.3,67,96,111,5,Fracture,paraphrase,high
My father has severe head pain since an hour,41,female,0,,,,,8,Severe migraine/headache,keyword,medium
"Having head is pounding and light hurts the eyes since morning, not unconscious",58,female,0,,,,,,Severe migraine/headache,paraphrase,medium
My husband has difficulty swallowing since morning,45,male,0,,,,,2,Sore throat,keyword,low
Bitten by a cobra in the field,53,male,0,98.6,76,96,127,9,Poisoning / bite / overdose,paraphrase,critical
Burning hot body and shivering since two days,57,female,0,104.4,89,98,144,8,High fever (>102°F),paraphrase,high
Came with burning in the stomach after spicy food for three days,21,male,0,97.8,83,95,136,,Stomach pain (mild),paraphrase,low
"Abdominal pain suddenly, not eating well",11,male,0,98.6,74,97,122,,Stomach pain (mild),keyword,low
Came with stiff back since morning since morning,32,male,0,,,,,1,Back pain,paraphrase,low
My grandmother has seizure,33,female,1,98.8,76,95,117,,Seizure,keyword,critical
Blood pressure check since morning,34,male,0,98.7,73,98,123,4,Routine check-up,keyword,low
My wife has throwing up everything I eat since yesterday for one week,52,male,0,,,,,,Persistent vomiting,paraphrase,medium
Sudden weakness in right arm and leg for three days and not eating well,35,male,0,,,,,,Stroke signs,paraphrase,critical
Sugar check,48,female,0,,,,,,Routine check-up,keyword,low
"Patient complains of stiff back since morning since an hour, no bleeding",40,male,0,,,,,,Back pain,paraphrase,low
Blood pressure check,37,female,0,97.9,76,96,129,,Routine check-up,keyword,low
My mother has gasping for air from evening,1,female,0,,,,,,Breathing difficulty,paraphrase,critical
Throbbing pain on one side of the head with vomiting suddenly,52,male,0,98.9,65,97,114,,Severe migraine/headache,paraphrase,medium
Having body ache,35,female,0,,,,,3,Mild fever,keyword,low
Very hot to touch and rigors at night since last night,1,male,0,104.5,67,96,123,5,High fever (>102°F),paraphrase,high
Having high fever,56,female,0,,,,,,High fever (>102°F),keyword,high
"Skin allergy since morning, not eating well",48,male,0,,,,,,Skin allergy/rash,keyword,low
Having body ache,26,male,0,,,,,,Mild fever,keyword,low
Having skin is itching after using a new soap from evening,18,female,0,99.6,78,99,158,5,Skin allergy/rash,paraphrase,low
Excruciating pain in the abdomen since night,18,female,0,,,,,6,Severe abdominal pain,paraphrase,high
Lips swelling allergy,52,female,0,98.2,36,97,129,,Severe allergic reaction,keyword,critical
"My mother has migraine since yesterday, no vomiting",19,female,0,98.8,94,96,119,,Severe migraine/headache,keyword,medium
Dehydrated,52,female,0,98.2,88,99,126,,Persistent vomiting,keyword,medium
Ear is aching for three days and feeling tired,11,female,0,98.2,83,96,113,3,Ear pain,paraphrase,low
Having not responding to calls since yesterday,36,female,1,,,,,,Unconscious / collapsed,paraphrase,critical
"Patient complains of used the puffer twice, still a bit tight since an hour",73,male,0,,,,,,Asthma attack (mild),paraphrase,medium
"Having feeling feverish since evening suddenly, no bleeding",19,female,0,100.8,74,98,112,,Mild fever,paraphrase,low
Child pulling at the ear and crying since yesterday,12,female,0,98.6,84,97,119,,Ear pain,paraphrase,low
Dizziness on standing since morning and poor sleep,52,male,0,99.2,90,99,117,1,Unclassified complaint,unclassified,low
Stomachache,15,female,0,98.7,87,97,128,,Stomach pain (mild),keyword,low
Choking,11,female,0,97.3,82,97,134,9,Breathing difficulty,keyword,critical
"Red patches on the back since last night, poor sleep",63,female,0,,,,,5,Skin allergy/rash,paraphrase,low
"Having need to collect my monthly medicines , no vomiting",22,male,0,98.0,82,97,107,,Routine check-up,paraphrase,low
"Persistent vomiting for one week, body pains",38,male,0,98.6,70,97,110,5,Persistent vomiting,keyword,medium
"Rolling on the floor with belly pain for one week, body pains",54,female,0,99.9,87,98,136,,Severe abdominal pain,paraphrase,high
"Loss of appetite for one week, a little nausea",28,male,0,99.6,85,99,135,,Unclassified complaint,unclassified,low
Throbbing pain on one side of the head with vomiting from evening,28,male,0,99.4,83,97,131,,Severe migraine/headache,paraphrase,medium
My daughter has came for regular sugar test suddenly,47,female,0,99.2,104,96,106,,Routine check-up,paraphrase,low
"Patient complains of temperature suddenly, no bleeding",34,male,0,99.7,85,96,126,,Mild fever,keyword,low
Not waking up since yesterday and a little nausea,20,female,0,98.2,89,81,127,9,Unconscious / collapsed,keyword,critical
Having chest tight and whistling sound when breathing since yesterday,49,male,0,,,,,,Asthma attack (mild),paraphrase,medium
Rolling on the floor with belly pain,55,female,0,,,,,,Severe abdominal pain,paraphrase,high
General weakness,49,male,0,,,,,1,Unclassified complaint,unclassified,low
Came with feverish for one week,56,female,0,,,,,5,Mild fever,keyword,low
Came with cough with sputum for three days,32,male,0,,,,,,Chest infection,keyword,medium
"Cannot put weight on the ankle after twisting it since morning, body pains",69,male,0,98.1,77,96,114,8,Fracture,paraphrase,high
"Patient complains of stiff back since morning since yesterday, no breathing difficulty",52,female,0,98.9,94,96,129,2,Back pain,paraphrase,low
Having bukhar suddenly,56,male,0,100.7,79,97,99,,Mild fever,keyword,low
"Having migraine , no breathing difficulty",33,female,0,97.7,73,95,99,4,Severe migraine/headache,keyword,medium
Having feeling tired and weak from evening,42,male,0,,,,,,Unclassified complaint,unclassified,low
Having chesty cough for a week since morning,17,female,0,98.6,71,97,109,,Chest infection,paraphrase,medium
Came with need a fitness certificate for one week,44,male,0,98.4,72,97,103,,Routine check-up,paraphrase,low
Lips and eyes swelled up after eating prawns,63,female,0,98.3,32,96,102,,Severe allergic reaction,paraphrase,critical
Itching since morning,37,female,0,97.8,90,96,125,1,Skin allergy/rash,keyword,low
Follow up visit for blood pressure since last night and mild cough,23,male,0,,,,,,Routine check-up,paraphrase,low
Came with abdominal pain since an hour,23,female,0,,,,,,Stomach pain (mild),keyword,low
"Patient complains of blocked nose and mild cough since morning, not unconscious",56,male,0,,,,,,Cold & cough,paraphrase,low
Eczema,1,female,0,98.3,74,98,108,,Skin allergy/rash,keyword,low
Patient complains of high fever from evening,73,male,0,102.3,73,97,116,7,High fever (>102°F),keyword,high
Having poison from evening,62,female,0,99.1,86,82,141,,Poisoning / bite / overdose,keyword,critical
Hemorrhage,64,male,0,98.8,91,98,75,,Severe bleeding,keyword,critical
Pain in the lower spine after lifting since last night,45,male,0,,,,,,Back pain,paraphrase,low
"Repeated vomiting, no vomiting",89,female,0,97.8,79,97,131,,Persistent vomiting,keyword,medium
Patient complains of major burn,41,female,0,97.4,88,99,110,8,Severe burns / electric shock,keyword,critical
Having bronchitis,65,male,0,,,,,7,Chest infection,keyword,medium
My grandmother has swallowed many sleeping pills since an hour,74,male,0,,,,,10,Poisoning / bite / overdose,paraphrase,critical
Came with bone is bent after the fall for three days,18,female,0,98.2,89,98,118,,Fracture,paraphrase,high
"Pneumonia , feeling tired",46,male,0,98.6,84,96,135,8,Chest infection,keyword,medium
Having rolling on the floor with belly pain since last night,35,male,0,,,,,6,Severe abdominal pain,paraphrase,high
My wife has high fever for three days,38,male,0,,,,,8,High fever (>102°F),keyword,high
"Used the puffer twice, still a bit tight",34,male,0,97.9,59,96,117,,Asthma attack (mild),paraphrase,medium
Having mild wheeze after climbing stairs for two days,65,female,0,98.7,74,95,134,,Asthma attack (mild),paraphrase,medium
Having slightly warm body and tired since last night,6,female,0,,,,,,Mild fever,paraphrase,low
Unbearable stomach and feeling tired,29,female,0,98.5,120,96,120,9,Severe abdominal pain,keyword,high
Throwing up everything I eat since yesterday since last night,35,male,0,98.9,80,98,140,4,Persistent vomiting,paraphrase,medium
"Blocked nose and mild cough since an hour, mild cough",38,female,0,98.6,86,97,142,,Cold & cough,paraphrase,low
"Unbearable abdominal since an hour, not eating well",39,male,0,,,,,,Severe abdominal pain,keyword,high
My grandmother has bukhar since yesterday,50,male,0,100.1,82,99,131,,Mild fever,keyword,low
"Slightly warm body and tired, no bleeding",39,female,0,100.3,79,95,115,,Mild fever,paraphrase,low
Stomach is rock hard and paining terribly since morning and not eating well,33,male,0,98.4,97,98,118,9,Severe abdominal pain,paraphrase,high
Throat irritation and cold suddenly,47,female,0,98.9,75,98,111,4,Cold & cough,paraphrase,low
My grandmother has severe abdominal pain since morning,51,female,0,,,,,8,Severe abdominal pain,keyword,high
Came with back is aching while bending,48,male,0,,,,,,Back pain,paraphrase,low
"Cannot keep even water down for one week, no vomiting",1,female,0,98.3,75,98,120,,Persistent vomiting,paraphrase,medium
Throat is raw since yesterday,92,male,0,,,,,3,Sore throat,paraphrase,low
My mother has vomiting diarrhea suddenly,34,female,0,96.8,61,98,199,,Persistent vomiting,keyword,high
"Cold since yesterday and mild cough, no fever",39,male,0,97.6,68,99,132,,Cold & cough,keyword,low
"Rolling on the floor with belly pain since yesterday, a little nausea",27,female,0,98.2,135,99,158,,Severe abdominal pain,paraphrase,critical
My neighbour has hit by a lorry for three days,61,male,0,98.7,87,98,159,,Major trauma,paraphrase,critical
Vomited blood since morning and mild cough,18,male,0,,,,,,Severe bleeding,keyword,critical
"Can't stop vomiting , feeling tired",31,male,0,,,,,,Persistent vomiting,keyword,medium
My neighbour has feverish suddenly,47,male,0,100.1,66,97,109,,Mild fever,keyword,low
Patient complains of fell from the terrace since last night,45,female,0,98.1,47,96,122,,Major trauma,keyword,critical
Having vomiting for three days,36,male,0,,,,,,Stomach pain (mild),keyword,low
Very high fever since yesterday and feeling tired,50,male,0,,,,,,High fever (>102°F),keyword,high
"Severe abdomen, no chest pain",44,male,0,98.7,121,98,126,,Severe abdominal pain,keyword,high
Came with inhaler for one week,10,male,0,100.5,79,97,104,,Asthma attack (mild),keyword,medium
Burning with fever and poor sleep,59,female,0,104.2,119,97,101,6,High fever (>102°F),keyword,high
"Patient complains of loose stools since morning for two days, no vomiting",1,female,0,96.8,80,98,133,4,Stomach pain (mild),paraphrase,low
"Need to collect my monthly medicines , not eating well",54,male,0,,,,,3,Routine check-up,paraphrase,low
Burning with fever suddenly,19,male,0,,,,,,High fever (>102°F),keyword,high
Patient complains of mild ache in the tummy after food since yesterday,63,female,0,98.3,92,98,115,3,Stomach pain (mild),paraphrase,low
Sudden loss of balance and blurred vision,43,male,0,97.5,87,97,126,8,Stroke signs,paraphrase,critical
My son has hives suddenly,15,female,0,,,,,,Skin allergy/rash,keyword,low
Fever shivering for two days,42,female,0,103.4,64,97,133,,High fever (>102°F),keyword,high
Kaichal since yesterday and feeling tired,40,male,0,101.3,85,97,136,,Mild fever,keyword,low
Having short of breath for three days,54,female,0,98.7,95,100,142,6,Breathing difficulty,keyword,critical
Follow up visit for blood pressure since last night,65,male,0,98.7,97,97,90,,Routine check-up,paraphrase,low
"Burning with fever for one week, feeling tired",45,female,0,,,,,6,High fever (>102°F),keyword,high
My neighbour has tonsil since an hour,50,male,0,98.3,92,97,126,,Sore throat,keyword,low
Arm looks deformed after falling from the bike for one week,33,male,0,99.0,66,98,120,9,Fracture,paraphrase,high
Having lips and eyes swelled up after eating prawns since morning,36,female,0,98.0,74,97,96,,Severe allergic reaction,paraphrase,critical
Having sleep problems for one week,39,female,0,,,,,,Unclassified complaint,unclassified,low
Came with throat pain since yesterday,34,male,0,,,,,2,Sore throat,keyword,low
Patient complains of worst head pain of my life for two days,66,male,0,,,,,,Severe migraine/headache,paraphrase,medium
Patient complains of continuous vomiting for three days,10,female,0,,,,,,Persistent vomiting,keyword,medium
My mother has tonsil for one week,65,female,0,99.1,106,98,112,2,Sore throat,keyword,low
My wife has ear is aching since morning,39,male,0,99.3,78,96,122,2,Ear pain,paraphrase,low
Patient complains of skin peeled off after boiling water spilled since yesterday,53,male,0,,,,,8,Severe burns / electric shock,paraphrase,critical
Patient complains of kerosene since an hour,28,male,0,100.3,64,98,99,,Poisoning / bite / overdose,keyword,critical
"Throbbing pain on one side of the head with vomiting for two days, a little nausea",60,female,0,,,,,,Severe migraine/headache,paraphrase,medium
My wife has ear is aching since an hour,57,female,0,,,,,,Ear pain,paraphrase,low
Had a fit and bit the tongue since yesterday and body pains,92,female,0,,,,,7,Seizure,paraphrase,critical
Throat is raw since yesterday,32,female,0,99.6,103,96,119,3,Sore throat,paraphrase,low
Pain in the leg muscles for three days and feeling tired,55,female,0,,,,,,Unclassified complaint,unclassified,low
My father has came for regular sugar test since yesterday,59,female,0,98.3,75,95,147,3,Routine check-up,paraphrase,low
Having stiff back since morning since yesterday,30,male,0,,,,,,Back pain,paraphrase,low
Throat is raw since yesterday,41,male,0,98.9,94,98,149,,Sore throat,paraphrase,low
Having cannot put weight on the ankle after twisting it,36,male,0,98.4,87,97,130,,Fracture,paraphrase,high
Came with skin allergy,56,female,0,,,,,1,Skin allergy/rash,keyword,low
Broken arm for two days and mild cough,32,female,0,98.0,69,95,117,,Fracture,keyword,high
My daughter has diarrhea since last night,84,female,0,98.2,75,98,108,3,Stomach pain (mild),keyword,low
"Came with stiff back since morning since yesterday, no bleeding",25,male,0,99.2,86,97,127,,Back pain,paraphrase,low
Worst headache,67,female,0,,,,,,Severe migraine/headache,keyword,medium
Ear pain,27,female,0,98.3,72,99,112,,Ear pain,keyword,low
"Loose stools since morning and a little nausea, no fever",27,female,0,98.3,73,99,119,,Stomach pain (mild),paraphrase,low
"Pain in throat for three days, poor sleep",13,male,0,,,,,,Sore throat,keyword,low
Ear is aching since an hour and feeling tired,7,female,0,97.5,65,98,114,,Ear pain,paraphrase,low
Worst head pain of my life,75,female,0,,,,,,Severe migraine/headache,paraphrase,medium
Throwing up everything I eat since yesterday since last night,11,female,0,,,,,,Persistent vomiting,paraphrase,medium
Came with cannot put weight on the ankle after twisting it for three days,67,male,0,100.0,72,97,140,,Fracture,paraphrase,high
Cold since yesterday and a little nausea,42,male,0,97.8,84,97,114,,Cold & cough,keyword,low
"Chest congestion since an hour, poor sleep",39,male,0,,,,,7,Chest infection,keyword,medium
Can't stop vomiting since morning and body pains,55,female,0,,,,,5,Persistent vomiting,keyword,medium
Having severe belly from evening,48,female,0,,,,,9,Severe abdominal pain,keyword,high
"My grandmother has body ache since morning, no breathing difficulty",31,male,0,101.1,80,95,125,,Mild fever,keyword,low
Having heart is hurting badly for one week,43,male,0,99.0,75,95,169,,Chest pain / suspected heart attack,paraphrase,critical
Chest tight and whistling sound when breathing for three days,18,female,0,,,,,,Asthma attack (mild),paraphrase,medium
My wife has lips and eyes swelled up after eating prawns for one week,75,female,0,,,,,,Severe allergic reaction,paraphrase,critical
Shortness of breath since an hour and a little nausea,67,male,0,99.3,100,97,77,,Breathing difficulty,keyword,critical
Patient complains of very hot to touch and rigors at night for three days,6,male,0,102.9,77,98,117,,High fever (>102°F),paraphrase,high
"Burnt badly, no chest pain",24,female,0,,,,,,Severe burns / electric shock,keyword,critical
Broken arm,35,female,0,,,,,,Fracture,keyword,high
Came with found lying on the floor not answering since yesterday,53,male,0,98.4,94,95,77,,Unconscious / collapsed,paraphrase,critical
Came with sudden weakness in right arm and leg from evening,31,male,0,98.0,72,96,97,9,Stroke signs,paraphrase,critical
"Throat irritation and cold from evening, body pains",49,female,0,98.7,91,96,168,1,Cold & cough,paraphrase,low
My neighbour has slightly warm body and tired,10,female,0,101.3,77,97,133,5,Mild fever,paraphrase,low
My mother has unbearable pain in the lower right side of the tummy for two days,32,female,0,98.0,75,96,135,,Severe abdominal pain,paraphrase,high
Having cough bringing up green mucus since an hour,54,female,0,,,,,,Chest infection,paraphrase,medium
Worst headache,39,male,0,98.3,89,98,115,3,Severe migraine/headache,keyword,medium
"Used the puffer twice, still a bit tight",29,male,0,98.7,66,97,117,6,Asthma attack (mild),paraphrase,medium
Heard a crack in the wrist and it is swollen,46,female,0,99.0,107,97,104,,Fracture,paraphrase,high
Phlegm,35,male,0,99.0,89,98,131,,Chest infection,keyword,medium
Patient complains of tonsil for one week,48,male,0,98.5,72,99,121,4,Sore throat,keyword,medium
Deep cut on the leg bleeding non stop since morning,22,male,0,99.1,92,98,132,,Severe bleeding,paraphrase,critical
Patient complains of burning with fever since morning,70,female,0,103.2,102,99,113,,High fever (>102°F),keyword,high
Throbbing pain on one side of the head with vomiting since an hour and not eating well,63,male,0,,,,,,Severe migraine/headache,paraphrase,medium
Feels like an elephant sitting on my chest since morning and mild cough,50,male,0,97.1,90,98,105,7,Chest pain / suspected heart attack,paraphrase,critical
Came with temperature 103 with chills,49,male,0,,,,,,High fever (>102°F),paraphrase,high
Road accident,48,male,0,,,,,7,Major trauma,keyword,critical
"My husband has my chest feels heavy and I am sweating for two days, no bleeding",14,female,0,,,,,,Chest pain / suspected heart attack,paraphrase,critical
Patient complains of mild ache in the tummy after food for two days,28,male,0,98.1,86,98,126,5,Stomach pain (mild),paraphrase,low
Patient complains of severe headache suddenly,7,male,0,98.2,104,97,127,,Severe migraine/headache,keyword,medium
Fever,48,male,0,,,,,1,Mild fever,keyword,low
Patient complains of burning with fever since yesterday,1,female,0,,,,,,High fever (>102°F),keyword,high
Checkup,43,male,0,99.0,89,98,111,,Routine check-up,keyword,low
Severe abdominal pain since an hour and a little nausea,14,male,0,,,,,,Severe abdominal pain,keyword,high
Patient complains of had a fit and bit the tongue suddenly,66,female,0,98.9,88,96,115,,Seizure,paraphrase,critical
Hives,11,male,0,99.0,79,98,116,,Skin allergy/rash,keyword,low
Throat irritation and cold since yesterday and slight headache,47,female,0,99.2,79,97,131,,Cold & cough,paraphrase,low
My father has throat infection since yesterday,41,male,0,99.3,94,96,97,,Sore throat,keyword,low
Red patches on the back,22,male,0,,,,,,Skin allergy/rash,paraphrase,low
General weakness,60,female,0,,,,,2,Unclassified complaint,unclassified,low
Patient complains of ear ache for one week,89,male,0,,,,,,Ear pain,keyword,low
Came with belly pain for one week,58,male,0,97.3,80,93,145,,Stomach pain (mild),keyword,high
Having stabbing suddenly,33,male,0,,,,,,Major trauma,keyword,critical
"Chest tight and whistling sound when breathing since yesterday, poor sleep",39,male,0,98.7,76,96,105,,Asthma attack (mild),paraphrase,medium
"Ear is aching for two days, body pains",1,female,0,,,,,,Ear pain,paraphrase,low
Unbearable pain in the lower right side of the tummy,41,female,0,,,,,,Severe abdominal pain,paraphrase,high
Blocked nose and mild cough since an hour and a little nausea,16,female,0,,,,,,Cold & cough,paraphrase,low
Got current from the electric line from evening,36,male,0,,,,,,Severe burns / electric shock,paraphrase,critical
My daughter has ear pain,80,male,0,,,,,,Ear pain,keyword,low
Patient complains of jerking movements and foam from mouth,27,male,0,99.0,85,95,131,,Seizure,paraphrase,critical
My daughter has whole body was shaking and jerking since an hour,57,male,0,,,,,6,Seizure,paraphrase,critical
Need to collect my monthly medicines for two days and not eating well,14,female,0,,,,,,Routine check-up,paraphrase,low
Bronchitis,6,female,0,,,,,,Chest infection,keyword,medium
Patient complains of very bad stomach pain since last night,4,female,0,99.1,90,94,111,9,Severe abdominal pain,keyword,high
Feeling tired and weak for two days,51,male,0,,,,,,Unclassified complaint,unclassified,low
Patient complains of red patches on the back,67,female,0,,,,,,Skin allergy/rash,paraphrase,low
Came with head is pounding and light hurts the eyes for two days,25,female,0,,,,,,Severe migraine/headache,paraphrase,medium
Came with hives suddenly,24,female,0,98.2,100,98,130,3,Skin allergy/rash,keyword,low
"Productive cough from evening, feeling tired",68,female,0,99.5,81,97,129,,Chest infection,keyword,medium
"Came with vomiting diarrhea since morning, no bleeding",35,female,0,99.1,78,98,115,,Persistent vomiting,keyword,medium
Skin allergy for three days and feeling tired,28,male,0,,,,,,Skin allergy/rash,keyword,low
Came with chest is burning and left arm feels numb suddenly,47,male,0,,,,,9,Chest pain / suspected heart attack,paraphrase,critical
Very hot to touch and rigors at night since yesterday,32,male,0,103.6,98,96,125,,High fever (>102°F),paraphrase,high
Cough for two days and feeling tired,62,female,0,98.6,81,98,128,,Cold & cough,keyword,low
Having hit by a since yesterday,68,male,0,99.3,67,99,70,,Major trauma,keyword,critical
"Bp check since an hour, poor sleep",63,female,0,98.4,98,98,115,,Routine check-up,keyword,low
Pain inside the ear and blocked feeling suddenly,29,female,0,,,,,,Ear pain,paraphrase,low
Patient complains of tonsillitis suddenly,22,female,0,99.2,57,96,110,4,Sore throat,keyword,low
Patient complains of broken ankle since last night,33,female,0,98.7,92,97,109,,Fracture,keyword,high
Broken wrist from evening and body pains,35,male,0,99.5,71,97,107,,Fracture,keyword,high
Came with loose stools since morning suddenly,35,female,0,97.6,95,98,134,,Stomach pain (mild),paraphrase,low
Follow up visit for blood pressure,33,male,0,,,,,,Routine check-up,paraphrase,low
"Unbearable pain in the lower right side of the tummy for one week, feeling tired",50,male,0,97.4,67,95,123,9,Severe abdominal pain,paraphrase,high
Came with very hot to touch and rigors at night suddenly,38,female,0,,,,,,High fever (>102°F),paraphrase,high
"Scratchy throat and painful to swallow since last night, not eating well",31,male,0,99.0,109,99,133,,Sore throat,paraphrase,low
Came with rolling on the floor with belly pain since yesterday,65,female,0,,,,,6,Severe abdominal pain,paraphrase,high
Having bone is bent after the fall since an hour,52,male,0,,,,,,Fracture,paraphrase,high
My daughter has accident since yesterday,48,female,0,98.0,73,98,85,,Major trauma,keyword,critical
Skin is itching after using a new soap suddenly and mild cough,50,male,0,,,,,1,Skin allergy/rash,paraphrase,low
"Continuous vomiting for two days, a little nausea",56,male,0,,,,,,Persistent vomiting,keyword,medium
"Fever touching 104 since yesterday for three days, slight headache",17,female,0,,,,,,High fever (>102°F),paraphrase,high
Having throbbing pain on one side of the head with vomiting from evening,54,male,0,,,,,,Severe migraine/headache,paraphrase,medium
Pain in ear,4,female,0,98.7,81,97,121,3,Ear pain,keyword,low
Patient complains of not responding to calls since yesterday,45,female,0,97.5,110,97,105,,Unconscious / collapsed,paraphrase,critical
"Having chest infection for two days, not unconscious",1,female,0,99.6,86,96,118,3,Chest infection,keyword,medium
Patient complains of itching since an hour,13,male,0,,,,,4,Skin allergy/rash,keyword,low
Blocked nose and mild cough,59,female,0,98.3,97,97,125,,Cold & cough,paraphrase,low
Patient complains of red patches on the back,33,female,0,,,,,1,Skin allergy/rash,paraphrase,low
Came with burning in the stomach after spicy food for two days,59,male,0,97.9,77,98,128,2,Stomach pain (mild),paraphrase,low
Acute abdomen for one week and feeling tired,32,female,0,,,,,,Severe abdominal pain,keyword,high
Patient complains of cough with sputum since an hour,59,male,0,97.7,91,96,99,,Chest infection,keyword,medium
Productive cough since morning,81,male,0,,,,,,Chest infection,keyword,medium
Patient complains of eczema since an hour,16,male,0,,,,,,Skin allergy/rash,keyword,low
Throat pain,36,male,0,,,,,,Sore throat,keyword,low
"My father has used the puffer twice, still a bit tight since morning, no breathing difficulty",14,female,0,,,,,,Asthma attack (mild),paraphrase,medium
"Bone is bent after the fall suddenly, feeling tired",37,male,0,,,,,10,Fracture,paraphrase,high
High temperature for two days and slight headache,75,female,0,,,,,,High fever (>102°F),keyword,high
Hit by a lorry for three days,75,female,0,100.3,120,97,111,,Major trauma,paraphrase,critical
"My son has ear pain , no vomiting",1,female,0,,,,,,Ear pain,keyword,low
Very high fever for two days and body pains,38,female,0,,,,,,High fever (>102°F),keyword,high
Pain inside the ear and blocked feeling since last night and not eating well,8,female,0,97.3,85,99,98,,Ear pain,paraphrase,low
My mother has my chest feels heavy and I am sweating for one week,57,male,0,98.1,86,97,102,,Chest pain / suspected heart attack,paraphrase,critical
Excruciating pain in the abdomen since night from evening,50,female,0,98.7,38,99,144,,Severe abdominal pain,paraphrase,critical
"Patient complains of dizziness on standing , no breathing difficulty",49,female,0,,,,,,Unclassified complaint,unclassified,low
Phlegm for three days,19,female,0,97.6,77,96,115,6,Chest infection,keyword,medium
Patient complains of passed out since yesterday,45,female,0,98.3,39,95,125,,Unconscious / collapsed,keyword,critical
Pain in the lower spine after lifting from evening and a little nausea,22,male,0,98.6,86,94,121,2,Back pain,paraphrase,low
Chesty cough for a week since an hour and poor sleep,35,female,0,98.5,97,96,116,8,Chest infection,paraphrase,medium
Having throwing up everything I eat since yesterday,66,male,0,97.7,80,98,117,,Persistent vomiting,paraphrase,medium
Patient complains of loose stools since morning for one week,25,male,0,99.3,81,94,122,4,Stomach pain (mild),paraphrase,low
Wheezing suddenly and body pains,24,female,0,97.9,71,96,115,6,Asthma attack (mild),keyword,medium
Child pulling at the ear and crying,41,male,0,,,,,,Ear pain,paraphrase,low
Came with chest infection for two days,55,male,0,98.3,59,97,127,6,Chest infection,keyword,medium
Came with worst head pain of my life for three days,44,male,0,,,,,,Severe migraine/headache,paraphrase,medium
"Fainted for two days, mild cough",49,female,0,,,,,,Unconscious / collapsed,keyword,critical
My husband has rat poison since last night,68,female,0,98.6,53,96,109,9,Poisoning / bite / overdose,keyword,critical
My neighbour has sharp pain near the heart with sweating for one week,55,female,0,99.6,62,96,93,7,Chest pain / suspected heart attack,paraphrase,critical
Came with runny nose since morning,24,female,0,,,,,,Cold & cough,keyword,low
My mother has pain in my ear since morning,56,female,0,,,,,,Ear pain,keyword,low
"Feeling feverish since evening since yesterday, mild cough, no bleeding",56,male,0,,,,,4,Mild fever,paraphrase,low
General weakness since yesterday and body pains,30,female,0,,,,,,Unclassified complaint,unclassified,low
Chest infection for two days and mild cough,14,female,0,98.5,85,98,105,,Chest infection,keyword,medium
"Slightly warm body and tired since an hour, slight headache",56,female,0,,,,,4,Mild fever,paraphrase,low
Pain inside the ear and blocked feeling for three days,11,male,0,98.2,69,96,116,,Ear pain,paraphrase,low
Unable to breathe for one week,68,male,0,99.2,81,95,121,,Breathing difficulty,keyword,critical
"My daughter has unbearable pain in the lower right side of the tummy since morning, no bleeding",34,female,0,,,,,6,Severe abdominal pain,paraphrase,high
Severe abdominal since yesterday and body pains,26,female,0,97.9,66,97,122,8,Severe abdominal pain,keyword,high
Review visit for three days and slight headache,63,male,0,,,,,2,Routine check-up,keyword,low
"Head is pounding and light hurts the eyes , mild cough",19,male,0,,,,,6,Severe migraine/headache,paraphrase,medium
Vomiting diarrhoea since morning,38,male,0,,,,,,Persistent vomiting,keyword,medium
Came with temperature 103 with chills for one week,60,male,0,104.4,89,96,137,,High fever (>102°F),paraphrase,high
Patient complains of abdomen pain for one week,15,male,0,,,,,,Stomach pain (mild),keyword,low
Cannot put weight on the ankle after twisting it for one week,12,male,0,98.6,57,94,126,,Fracture,paraphrase,high
Temperature for two days and a little nausea,14,female,0,100.7,92,96,139,,Mild fever,keyword,low
Patient complains of cannot put weight on the ankle after twisting it for three days,69,female,0,98.3,87,97,113,,Fracture,paraphrase,high
Found lying on the floor not answering,1,female,0,99.1,68,95,210,,Unconscious / collapsed,paraphrase,critical
My neighbour has throat closing after a bee sting since morning,38,male,0,99.3,85,96,130,,Severe allergic reaction,paraphrase,critical
Continuous vomiting and very thirsty from evening,50,male,0,99.3,93,95,110,,Persistent vomiting,paraphrase,medium
Came with bitten by a snake,24,female,1,,,,,,Poisoning / bite / overdose,keyword,critical
Back ache,51,female,0,,,,,,Back pain,keyword,low
"Having worst headache for three days, no fever",69,female,0,,,,,,Severe migraine/headache,keyword,medium
Came with chesty cough for a week since morning,18,female,0,,,,,,Chest infection,paraphrase,medium
Temperature 103 with chills suddenly,34,female,0,104.4,76,98,209,,High fever (>102°F),paraphrase,high
Burning hot body and shivering since two days,24,male,0,,,,,,High fever (>102°F),paraphrase,high
Came with blocked nose and mild cough since an hour,32,male,0,97.4,109,97,123,,Cold & cough,paraphrase,low
Dehydrated since morning,20,female,0,98.1,77,98,125,6,Persistent vomiting,keyword,medium
Cannot put weight on the ankle after twisting it,34,female,0,98.1,70,97,127,,Fracture,paraphrase,high
Having runny nose and sneezing since two days suddenly,60,male,0,,,,,,Cold & cough,paraphrase,low
"Need to collect my monthly medicines for one week, poor sleep",49,female,0,97.6,90,97,135,1,Routine check-up,paraphrase,low
Patient complains of vaccination since morning,34,female,0,,,,,,Routine check-up,keyword,low
Cannot put weight on the ankle after twisting it,67,male,0,,,,,8,Fracture,paraphrase,high
Having snakebite from evening,31,female,0,97.0,71,97,110,,Poisoning / bite / overdose,keyword,critical
Ear is aching,14,male,0,98.0,89,97,135,,Ear pain,paraphrase,low
My grandmother has whole body was shaking and jerking since last night,35,male,0,98.6,71,100,117,,Seizure,paraphrase,critical
Low grade temperature and body pains from evening,22,female,0,101.4,82,98,111,,Mild fever,paraphrase,low
Having cough bringing up green mucus for three days,5,female,0,98.8,99,97,137,,Chest infection,paraphrase,low
Anaphylactic suddenly,1,female,0,,,,,,Severe allergic reaction,keyword,critical
"Stomach ache since an hour, not eating well",48,female,0,,,,,,Stomach pain (mild),keyword,low
Patient complains of throat infection since yesterday,37,male,0,99.6,91,97,118,,Sore throat,keyword,low
Having vomited ten times since morning suddenly,35,female,0,97.4,95,94,168,,Persistent vomiting,paraphrase,medium
Bukhar for three days,1,male,0,,,,,3,Mild fever,keyword,low
Back ache for one week and feeling tired,65,female,0,,,,,4,Back pain,keyword,low
Patient complains of feeling tired and weak suddenly,36,female,0,,,,,,Unclassified complaint,unclassified,low
My grandmother has burn face since yesterday,50,female,0,97.8,75,97,130,,Severe burns / electric shock,keyword,critical
Ear ache from evening and slight headache,31,male,0,,,,,,Ear pain,keyword,low
My daughter has chills for two days,17,female,0,,,,,,Mild fever,keyword,low
My neighbour has found lying on the floor not answering for two days,40,male,0,,,,,,Unconscious / collapsed,paraphrase,high
Came with cardiac for three days,56,male,0,,,,,,Chest pain / suspected heart attack,keyword,critical
Burning hot body and shivering since two days and body pains,59,female,0,104.3,132,97,139,7,High fever (>102°F),paraphrase,critical
"Having rash for one week, no fever",26,male,0,99.9,103,97,126,4,Skin allergy/rash,keyword,low
Patient complains of snake bite from evening,50,male,0,,,,,,Poisoning / bite / overdose,keyword,critical
"My son has throat irritation and cold since an hour, no vomiting",50,female,0,100.0,81,97,128,,Cold & cough,paraphrase,low
"Came for regular sugar test for three days, slight headache",11,male,0,,,,,2,Routine check-up,paraphrase,low
"Unbearable pain in the lower right side of the tummy since last night, body pains",61,male,0,97.1,90,98,117,5,Severe abdominal pain,paraphrase,high
Child drank kerosene by mistake since morning,70,male,0,,,,,,Poisoning / bite / overdose,paraphrase,critical
Patient complains of skin peeled off after boiling water spilled for two days,25,male,0,99.6,89,80,111,,Severe burns / electric shock,paraphrase,critical
Came with red spots on the arms that itch since yesterday,16,male,0,98.0,82,96,135,2,Skin allergy/rash,paraphrase,low
"Worst head pain of my life for one week, mild cough",36,male,0,98.4,86,98,106,,Severe migraine/headache,paraphrase,medium
Severe head pain for one week and slight headache,57,male,0,,,,,,Severe migraine/headache,keyword,medium
Fell down and is not waking since an hour,43,male,0,,,,,,Unconscious / collapsed,paraphrase,critical
Having cannot put weight on the ankle after twisting it since last night,49,female,0,,,,,,Fracture,paraphrase,high
Pulsating headache with nausea since morning,47,male,0,98.4,85,96,118,5,Severe migraine/headache,paraphrase,medium
Cannot put weight on the ankle after twisting it for one week,65,male,0,99.2,94,98,127,,Fracture,paraphrase,high
Having breathing difficulty for one week,42,female,0,,,,,,Breathing difficulty,keyword,critical
"Fitting from evening, not eating well",39,female,0,99.0,73,96,113,,Seizure,keyword,critical
Came with cannot move my arm since yesterday,55,female,0,,,,,,Fracture,keyword,high
Patient complains of pain while swallowing food for three days,72,male,0,,,,,,Sore throat,paraphrase,low
Fever touching 104 since yesterday,19,female,0,,,,,,High fever (>102°F),paraphrase,high
Arm looks deformed after falling from the bike suddenly,28,female,0,,,,,6,Fracture,paraphrase,high
My grandmother has ear is aching for two days,5,male,0,,,,,,Ear pain,paraphrase,low
Bone broke since yesterday and slight headache,24,male,0,,,,,,Fracture,keyword,high
Bronchitis since an hour,29,female,0,,,,,,Chest infection,keyword,medium
My neighbour has broken wrist for three days,43,female,0,98.4,82,97,116,,Fracture,keyword,high
My father has routine since morning,44,female,0,99.4,74,100,106,,Routine check-up,keyword,low
My son has throat irritation and cold for two days,32,female,0,100.0,71,96,128,,Cold & cough,paraphrase,low
My neighbour has spine pain,16,female,0,,,,,,Back pain,keyword,low
"Throbbing pain on one side of the head with vomiting since yesterday, not eating well",48,female,0,97.7,84,96,120,8,Severe migraine/headache,paraphrase,medium
Having skin allergy since morning,35,female,0,,,,,,Skin allergy/rash,keyword,low
Acute abdomen for two days and slight headache,42,female,0,97.9,78,97,117,7,Severe abdominal pain,keyword,high
Ear infection since morning,46,female,0,97.6,70,99,129,,Ear pain,keyword,low
Patient complains of very bad stomach pain since yesterday,45,female,0,97.6,83,98,140,7,Severe abdominal pain,keyword,high
Patient complains of cannot put weight on the ankle after twisting it since an hour,44,female,0,99.8,85,97,127,,Fracture,paraphrase,high
Having bronchitis for three days,22,male,0,,,,,,Chest infection,keyword,medium
Runny nose and sneezing since two days since morning and slight headache,39,female,0,98.1,90,98,118,,Cold & cough,paraphrase,low
Blocked nose and mild cough for one week,56,male,0,98.5,87,97,146,2,Cold & cough,paraphrase,low
"Having keeps vomiting since morning, no vomiting",33,female,0,98.6,81,98,123,,Persistent vomiting,keyword,medium
"Swelling throat from evening, feeling tired",54,female,0,98.6,75,94,147,,Severe allergic reaction,keyword,critical
Cold for one week,89,female,0,98.9,82,98,116,,Cold & cough,keyword,low
Migraine,75,male,0,98.9,76,96,122,,Severe migraine/headache,keyword,medium
"Face puffed up and breathing noisy after an injection since morning, slight headache",28,female,0,,,,,,Severe allergic reaction,paraphrase,critical
Mild ache in the tummy after food,33,female,0,97.4,103,96,131,4,Stomach pain (mild),paraphrase,low
Severe headache since last night,62,male,0,,,,,5,Severe migraine/headache,keyword,medium
Keep vomiting since morning,5,male,0,98.9,79,97,151,,Persistent vomiting,keyword,medium
Follow up visit for blood pressure,34,female,0,99.2,84,95,117,,Routine check-up,paraphrase,low
Came with throwing up everything I eat since yesterday from evening,36,male,0,99.5,79,96,125,6,Persistent vomiting,paraphrase,medium
Patient complains of inhaler since last night,8,male,0,,,,,,Asthma attack (mild),keyword,medium
Vomiting since since last night,92,male,0,97.6,45,96,129,,Persistent vomiting,keyword,medium
My wife has fell down and is not waking for three days,10,female,0,98.6,97,96,198,,Unconscious / collapsed,paraphrase,critical
Patient complains of intense abdominal for three days,64,female,0,99.0,78,92,122,9,Severe abdominal pain,keyword,high
Red spots on the arms that itch for two days and mild cough,21,female,0,,,,,,Skin allergy/rash,paraphrase,low
Child pulling at the ear and crying suddenly and a little nausea,37,male,0,97.3,97,97,125,2,Ear pain,paraphrase,low
Rolling on the floor with belly pain,12,male,0,98.2,42,98,126,,Severe abdominal pain,paraphrase,high
Temperature since last night and poor sleep,52,male,0,,,,,,Mild fever,keyword,low
Having wheezing for three days,67,female,0,,,,,,Asthma attack (mild),keyword,medium
Child stiffened and shook for five minutes from evening and feeling tired,54,male,0,,,,,10,Seizure,paraphrase,critical
Chesty cough for a week since morning,54,male,0,98.8,100,96,98,,Chest infection,paraphrase,medium
Having soaked three cloths with blood since last night,33,female,0,,,,,,Severe bleeding,paraphrase,critical
Patient complains of swelling throat since an hour,2,male,0,,,,,,Severe allergic reaction,keyword,critical
Came with appendicitis since an hour,28,male,0,98.6,66,96,146,,Severe abdominal pain,keyword,high
Upset stomach and gas,27,male,0,,,,,4,Stomach pain (mild),paraphrase,low
My mother has throwing up everything I eat since yesterday since morning,37,male,0,98.3,80,100,114,,Persistent vomiting,paraphrase,medium
"Patient complains of chest tight and whistling sound when breathing since last night, no fever",7,female,0,98.2,71,97,125,,Asthma attack (mild),paraphrase,medium
Kaichal for two days and slight headache,33,male,0,101.2,89,97,141,,Mild fever,keyword,low
"Came with rolling on the floor with belly pain from evening, no chest pain",69,male,0,98.0,84,98,117,,Severe abdominal pain,paraphrase,high
Wheezing,52,male,0,,,,,,Asthma attack (mild),keyword,medium
"Cough with yellow sputum and fever, not unconscious",1,male,0,98.7,80,96,105,,Chest infection,paraphrase,medium
Patient complains of phlegm for two days,42,male,0,,,,,5,Chest infection,keyword,medium
"Worst head pain of my life , a little nausea",59,female,0,99.9,91,95,125,,Severe migraine/headache,paraphrase,medium
"Head is pounding and light hurts the eyes since last night, slight headache",20,male,0,99.8,88,97,107,,Severe migraine/headache,paraphrase,medium
Patient complains of chest tight and whistling sound when breathing since morning,67,female,0,97.7,80,97,120,,Asthma attack (mild),paraphrase,medium
Came with runny nose and sneezing since two days since an hour,67,male,0,98.9,91,97,124,,Cold & cough,paraphrase,medium
My son has severe headache for two days,42,male,0,98.3,54,98,89,,Severe migraine/headache,keyword,critical
Came with belly pain from evening,28,female,0,,,,,3,Stomach pain (mild),keyword,low
Loose stools since morning,36,male,0,99.4,97,97,140,4,Stomach pain (mild),paraphrase,low
"Eczema since yesterday, feeling tired",37,male,0,98.8,96,95,134,,Skin allergy/rash,keyword,medium
Having need a fitness certificate for two days,58,female,0,98.0,92,95,108,,Routine check-up,paraphrase,low
Having asthma since yesterday,42,female,0,,,,,,Asthma attack (mild),keyword,medium
My neighbour has skin is itching after using a new soap since morning,48,male,0,98.4,86,96,136,,Skin allergy/rash,paraphrase,low
Pulsating headache with nausea since morning since last night,47,female,0,98.1,80,98,121,5,Severe migraine/headache,paraphrase,medium
Temperature 103 with chills from evening,43,female,0,103.1,93,95,114,9,High fever (>102°F),paraphrase,high
Having asthma since an hour,16,male,0,97.6,79,97,110,,Asthma attack (mild),keyword,medium
Having badly burned since yesterday,76,male,0,,,,,,Severe burns / electric shock,keyword,critical
My son has skin allergy since an hour,55,male,0,98.5,72,95,120,2,Skin allergy/rash,keyword,low
Patient complains of high temperature for one week,56,male,0,102.9,73,98,123,,High fever (>102°F),keyword,high
My son has slightly warm body and tired from evening,47,female,0,,,,,5,Mild fever,paraphrase,low
My neighbour has child pulling at the ear and crying suddenly,5,female,0,97.8,87,96,116,,Ear pain,paraphrase,low
"My father has red spots on the arms that itch since last night, no chest pain",47,female,0,99.1,68,96,119,,Skin allergy/rash,paraphrase,low
Patient complains of acid attack for three days,37,female,0,,,,,9,Severe burns / electric shock,keyword,critical
Having loss of appetite since yesterday,3,female,0,,,,,5,Unclassified complaint,unclassified,low
Acid attack from evening and a little nausea,51,female,0,,,,,,Severe burns / electric shock,keyword,critical
"Arm looks deformed after falling from the bike from evening, poor sleep",51,male,0,98.8,104,98,124,,Fracture,paraphrase,high
"Pain in my ear for one week, poor sleep",8,female,0,98.3,93,98,136,,Ear pain,keyword,low
Throat closing after a bee sting,25,female,0,,,,,,Severe allergic reaction,paraphrase,critical
Throat is raw since yesterday for two days and a little nausea,50,male,0,,,,,,Sore throat,paraphrase,low
"Came with burning in the stomach after spicy food since yesterday, no vomiting",47,female,0,,,,,,Stomach pain (mild),paraphrase,low
Having loose stools since morning,65,female,0,99.2,76,97,110,,Stomach pain (mild),paraphrase,low
Having throat irritation and cold for two days,50,male,0,,,,,,Cold & cough,paraphrase,low
Having back is aching while bending suddenly,28,female,0,,,,,,Back pain,paraphrase,low
Having fell down and is not waking since last night,25,female,0,98.3,69,97,129,9,Unconscious / collapsed,paraphrase,critical
Patient complains of abdomen pain for two days,31,male,0,98.1,76,96,110,5,Stomach pain (mild),keyword,low
Cannot keep even water down suddenly,20,female,0,98.2,111,97,141,,Persistent vomiting,paraphrase,medium
Stiff back since morning,58,male,0,,,,,,Back pain,paraphrase,low
My son has head is pounding and light hurts the eyes,71,male,0,,,,,,Severe migraine/headache,paraphrase,medium
Came with paralysis suddenly,31,male,0,97.6,94,97,95,7,Stroke signs,keyword,critical
My husband has fever shivering for three days,56,female,0,,,,,8,High fever (>102°F),keyword,high
Came with low grade temperature and body pains since last night,61,female,0,,,,,,Mild fever,paraphrase,low
"Burning hot body and shivering since two days for three days, mild cough",22,female,1,,,,,8,High fever (>102°F),paraphrase,high
"Vomiting many times since yesterday, slight headache",32,male,0,99.8,111,95,98,5,Persistent vomiting,keyword,medium
"Having review visit since yesterday, no bleeding",89,female,0,98.4,67,98,115,5,Routine check-up,keyword,low
"Came with stomach is rock hard and paining terribly for one week, not unconscious",53,female,0,100.8,77,97,119,,Severe abdominal pain,paraphrase,high
Worst head pain of my life for one week and not eating well,50,male,0,98.6,86,97,125,,Severe migraine/headache,paraphrase,medium
"My father has burns on face and hands from a gas cylinder for three days, no chest pain",12,male,0,,,,,6,Severe burns / electric shock,paraphrase,critical
Heavy vaginal bleeding with dizziness,64,male,0,98.4,45,96,133,,Severe bleeding,paraphrase,critical
My son has back pain since last night,58,male,0,99.7,66,95,123,3,Back pain,keyword,low
Feeling feverish since evening since last night,20,male,0,,,,,3,Mild fever,paraphrase,low
"Excruciating pain in the abdomen since night for two days, no breathing difficulty",24,male,0,98.6,56,98,112,5,Severe abdominal pain,paraphrase,high
Came with worst headache since morning,47,male,0,,,,,,Severe migraine/headache,keyword,medium
Came with bone is bent after the fall for three days,6,female,0,98.7,60,97,108,,Fracture,paraphrase,high
Came with epileptic attack since an hour,75,female,0,,,,,,Seizure,keyword,critical
My daughter has swelling throat for one week,68,male,0,98.0,38,96,119,,Severe allergic reaction,keyword,critical
Excruciating pain in the abdomen since night for three days and mild cough,85,female,0,,,,,,Severe abdominal pain,paraphrase,high
"Need a fitness certificate suddenly, slight headache",46,female,0,97.9,83,95,115,,Routine check-up,paraphrase,low
Continuous vomiting since an hour,18,female,1,98.7,68,96,148,7,Persistent vomiting,keyword,medium
Throat is raw since yesterday,52,female,0,98.3,79,96,127,2,Sore throat,paraphrase,low
Having slightly warm body and tired since yesterday,50,male,0,,,,,3,Mild fever,paraphrase,low
Patient complains of pain inside the ear and blocked feeling for two days,2,male,0,,,,,5,Ear pain,paraphrase,low
Came with feels like suffocating suddenly,41,female,0,,,,,6,Breathing difficulty,paraphrase,critical
Ear infection for two days,54,female,0,,,,,3,Ear pain,keyword,low
"Bone is bent after the fall since yesterday, feeling tired",39,male,0,98.3,73,97,109,,Fracture,paraphrase,high
Stomach is rock hard and paining terribly and mild cough,33,male,0,97.9,78,96,117,,Severe abdominal pain,paraphrase,high
Came with lower back since morning,11,male,0,97.3,92,97,152,4,Back pain,keyword,low
Having skin is itching after using a new soap since morning,92,female,0,98.0,82,99,94,,Skin allergy/rash,paraphrase,low
Sore throat and feeling tired,44,male,0,98.8,53,99,130,,Sore throat,keyword,low
Earache since last night and a little nausea,7,female,0,99.0,98,96,124,,Ear pain,keyword,low
Red patches on the back,39,male,0,98.6,79,97,128,,Skin allergy/rash,paraphrase,low
My mother has chest infection for two days,85,male,0,99.1,69,96,136,6,Chest infection,keyword,medium
Burning hot body and shivering since two days,20,male,0,104.3,85,98,114,9,High fever (>102°F),paraphrase,high
"Used the puffer twice, still a bit tight for two days",36,male,0,,,,,,Asthma attack (mild),paraphrase,medium
Patient complains of excruciating pain in the abdomen since night for one week,52,female,0,,,,,,Severe abdominal pain,paraphrase,high
"Jerking movements and foam from mouth suddenly, no breathing difficulty",28,male,0,98.3,86,99,139,,Seizure,paraphrase,critical
Face puffed up and breathing noisy after an injection for three days,61,female,0,98.5,82,96,122,,Severe allergic reaction,paraphrase,critical
"Unbearable pain in the lower right side of the tummy for three days, slight headache",33,female,0,,,,,8,Severe abdominal pain,paraphrase,high
My neighbour has cannot move my leg since yesterday,50,male,0,,,,,,Fracture,keyword,high
Blocked nose and mild cough,28,female,0,99.7,96,97,136,1,Cold & cough,paraphrase,low
My husband has backache since morning,64,female,0,98.0,87,100,149,,Back pain,keyword,low
Came with very high fever for three days,45,male,0,104.5,82,97,116,10,High fever (>102°F),keyword,high
"Repeated vomiting since morning, feeling tired",30,female,0,99.2,80,97,128,,Persistent vomiting,keyword,medium
"Having used the puffer twice, still a bit tight suddenly",58,male,0,99.0,90,98,141,,Asthma attack (mild),paraphrase,medium
"Heart is hurting badly since an hour, not eating well",56,female,0,,,,,,Chest pain / suspected heart attack,paraphrase,critical
Patient complains of cough bringing up green mucus for one week,43,male,0,98.0,79,97,135,,Chest infection,paraphrase,medium
"Seizure , mild cough",51,female,0,,,,,,Seizure,keyword,critical
Upset stomach and gas suddenly,14,male,0,,,,,1,Stomach pain (mild),paraphrase,low
Soaked three cloths with blood since yesterday and not eating well,68,female,0,98.4,79,97,122,,Severe bleeding,paraphrase,critical
Fever shivering,39,male,0,,,,,,High fever (>102°F),keyword,high
Scratchy throat and painful to swallow from evening,21,male,0,98.6,92,96,120,,Sore throat,paraphrase,low
"Chesty cough for a week for three days, not eating well",72,female,0,,,,,,Chest infection,paraphrase,medium
Cough with sputum since last night,56,female,0,97.8,121,97,140,,Chest infection,keyword,medium
Throwing up everything I eat since yesterday,63,female,0,98.1,73,95,125,,Persistent vomiting,paraphrase,medium
"Came with wheezing since morning, no bleeding",31,female,0,,,,,3,Asthma attack (mild),keyword,medium
Fell down and is not waking suddenly and mild cough,76,female,0,,,,,9,Unconscious / collapsed,paraphrase,critical
Came with knife injury to the stomach for three days,56,female,0,98.5,75,97,136,,Major trauma,paraphrase,critical
"Chest tightness from evening, slight headache",52,female,0,,,,,9,Chest pain / suspected heart attack,keyword,critical
My son has pain in my ear for one week,34,female,0,,,,,3,Ear pain,keyword,low
My daughter has very high fever since morning,53,male,0,,,,,,High fever (>102°F),keyword,high
Patient complains of difficulty in breathing from evening,53,male,0,,,,,7,Breathing difficulty,keyword,critical
Came with my chest feels heavy and I am sweating suddenly,37,male,0,,,,,6,Chest pain / suspected heart attack,paraphrase,critical
Unbearable abdominal,42,female,0,,,,,7,Severe abdominal pain,keyword,high
Patient complains of stiff back since morning since an hour,57,male,0,98.6,91,97,106,,Back pain,paraphrase,low
Kaichal since last night,24,female,1,100.5,86,98,119,,Mild fever,keyword,low
Patient complains of bukhar for one week,10,male,0,,,,,3,Mild fever,keyword,low
Having back is aching while bending since last night,20,male,0,,,,,,Back pain,paraphrase,low
Having bronchitis since an hour,43,female,0,,,,,7,Chest infection,keyword,medium
My son has severe head pain for one week,39,male,0,97.6,75,97,131,,Severe migraine/headache,keyword,medium
Came with need to collect my monthly medicines,45,male,0,98.8,62,97,142,5,Routine check-up,paraphrase,low
"Sudden weakness in right arm and leg since an hour, a little nausea",36,female,0,99.2,87,86,122,,Stroke signs,paraphrase,critical
Not feeling well since two days from evening,65,female,0,97.9,84,97,200,3,Unclassified complaint,unclassified,high
"Bone is bent after the fall since last night, body pains",78,female,0,97.3,66,96,120,,Fracture,paraphrase,high
Patient complains of rolling on the floor with belly pain since morning,36,female,0,98.8,79,98,102,,Severe abdominal pain,paraphrase,high
Having red patches on the back suddenly,51,male,0,97.3,65,96,108,,Skin allergy/rash,paraphrase,low
Patient complains of severe abdominal pain for one week,37,male,0,98.2,74,95,125,8,Severe abdominal pain,keyword,high
Repeated vomiting,26,female,0,,,,,,Persistent vomiting,keyword,medium
"High fever from evening, feeling tired",56,female,0,102.6,84,96,115,,High fever (>102°F),keyword,high
Severe stomach pain,63,male,0,98.3,78,98,127,,Severe abdominal pain,keyword,high
My mother has unbearable pain in the lower right side of the tummy for one week,45,female,0,98.5,65,95,123,,Severe abdominal pain,paraphrase,high
Broken wrist for one week,27,male,0,99.5,86,98,124,,Fracture,keyword,high
Rolling on the floor with belly pain suddenly and a little nausea,11,male,0,98.6,80,94,127,,Severe abdominal pain,paraphrase,high
Excruciating pain in the abdomen since night and slight headache,62,male,0,98.5,131,99,130,,Severe abdominal pain,paraphrase,critical
Difficulty in breathing,72,female,0,99.0,89,95,117,7,Breathing difficulty,keyword,critical
Productive cough,48,female,0,97.7,78,97,124,5,Chest infection,keyword,medium
My wife has got current from the electric line since morning,14,male,0,98.6,94,95,148,6,Severe burns / electric shock,paraphrase,critical
Having coughing up blood for three days,28,male,0,98.8,84,95,125,,Severe bleeding,keyword,critical
My son has stomach is rock hard and paining terribly suddenly,74,female,0,98.7,138,97,121,,Severe abdominal pain,paraphrase,critical
Not breathing,61,female,0,98.5,79,97,119,,Unconscious / collapsed,keyword,critical
Patient complains of check-up for two days,46,female,0,99.0,79,97,100,4,Routine check-up,keyword,low
Scratchy throat and painful to swallow for one week,23,female,0,98.6,91,98,113,,Sore throat,paraphrase,low
Cough bringing up green mucus,56,male,0,,,,,,Chest infection,paraphrase,medium
"Fell from the terrace from evening, mild cough",47,male,0,98.4,86,98,133,,Major trauma,keyword,critical
Patient complains of chills since last night,21,female,0,100.1,85,97,144,,Mild fever,keyword,low
Patient complains of rash for two days,44,male,0,,,,,4,Skin allergy/rash,keyword,low
"Swallowed many sleeping pills for one week, slight headache",29,female,0,,,,,,Poisoning / bite / overdose,paraphrase,critical
Chest tight and whistling sound when breathing since an hour and not eating well,67,male,0,99.2,88,95,146,,Asthma attack (mild),paraphrase,medium
Struggling for breath since an hour for one week,23,male,0,98.7,36,96,118,8,Breathing difficulty,paraphrase,critical
Came with kaichal for two days,63,male,0,99.7,89,98,119,,Mild fever,keyword,low
"Worst headache since last night, slight headache",59,male,0,,,,,8,Severe migraine/headache,keyword,medium
Feeling feverish since evening for three days,75,male,0,101.3,85,98,165,,Mild fever,paraphrase,low
"Unbearable abdominal from evening, slight headache",60,female,0,,,,,,Severe abdominal pain,keyword,high
Cannot keep even water down since morning and not eating well,73,female,0,98.2,79,98,140,4,Persistent vomiting,paraphrase,medium
"Sugar check from evening, mild cough",55,female,0,99.7,72,98,126,,Routine check-up,keyword,low
Having need a fitness certificate for one week,15,male,0,,,,,,Routine check-up,paraphrase,low
Having rolling on the floor with belly pain for two days,34,male,0,97.6,79,97,116,,Severe abdominal pain,paraphrase,high
Deep cut on the leg bleeding non stop,25,female,0,98.7,42,97,87,,Severe bleeding,paraphrase,critical
Patient complains of need a fitness certificate for two days,21,male,0,,,,,,Routine check-up,paraphrase,low
Face puffed up and breathing noisy after an injection since an hour and mild cough,27,female,0,,,,,9,Severe allergic reaction,paraphrase,critical
Having difficulty swallowing since morning,51,male,0,99.5,98,98,142,4,Sore throat,keyword,low
"Temperature 103 with chills for three days, feeling tired",5,female,0,,,,,9,High fever (>102°F),paraphrase,high
"My son has severe headache since yesterday, no bleeding",27,female,0,98.1,92,98,140,,Severe migraine/headache,keyword,medium
Tonsil,58,male,0,97.9,104,99,123,,Sore throat,keyword,low
"My father has appendicitis since yesterday, no vomiting",49,female,0,98.1,148,95,124,,Severe abdominal pain,keyword,critical
Patient complains of cannot keep even water down for two days,45,male,0,98.0,100,97,126,,Persistent vomiting,paraphrase,medium
My neighbour has mild wheeze after climbing stairs suddenly,34,male,0,98.0,82,98,131,,Asthma attack (mild),paraphrase,medium
Patient complains of back is aching while bending suddenly,20,female,0,,,,,,Back pain,paraphrase,low
My neighbour has cannot put weight on the ankle after twisting it since an hour,37,male,0,97.8,67,99,92,,Fracture,paraphrase,high
Came with asthma from evening,72,male,0,99.1,80,96,135,8,Asthma attack (mild),keyword,medium
Stroke for two days and slight headache,78,male,0,,,,,10,Stroke signs,keyword,critical
My grandmother has inhaler since last night,11,female,0,99.8,44,98,99,5,Asthma attack (mild),keyword,medium
Pain in my ear since last night and feeling tired,68,male,0,98.1,80,97,109,,Ear pain,keyword,low
Vomiting many times for three days,42,female,0,,,,,,Persistent vomiting,keyword,medium
Burning in the stomach after spicy food,26,male,0,98.1,67,98,122,,Stomach pain (mild),paraphrase,low
Blocked nose and mild cough,19,male,0,97.4,89,96,126,,Cold & cough,paraphrase,low
Having mild wheeze after climbing stairs since an hour,39,male,0,98.8,58,95,131,,Asthma attack (mild),paraphrase,medium
Came with stomach paining a lot since last night,28,female,0,,,,,,Severe abdominal pain,keyword,high
My son has convulsion since yesterday,19,female,0,97.3,73,81,143,,Seizure,keyword,critical
Loose stools since morning,41,male,0,98.2,84,97,137,2,Stomach pain (mild),paraphrase,low
Drank floor cleaner since morning and feeling tired,12,female,0,,,,,8,Poisoning / bite / overdose,paraphrase,critical
Came with fracture since yesterday,36,female,0,99.0,96,97,126,9,Fracture,keyword,high
Having pain in the lower spine after lifting since yesterday,44,male,0,,,,,,Back pain,paraphrase,low
Head is pounding and light hurts the eyes for two days and poor sleep,59,female,0,,,,,,Severe migraine/headache,paraphrase,medium
Unbearable pain in the lower right side of the tummy,54,female,0,,,,,,Severe abdominal pain,paraphrase,high
Vomited ten times since morning since morning and poor sleep,29,female,0,99.6,97,97,122,,Persistent vomiting,paraphrase,medium
Patient complains of chest congestion,1,female,0,,,,,3,Chest infection,keyword,medium
Burning with fever,29,male,0,102.6,80,98,133,,High fever (>102°F),keyword,high
Child pulling at the ear and crying since an hour,11,male,0,97.9,87,98,112,2,Ear pain,paraphrase,low
Came with ear ache for one week,21,female,0,98.2,87,99,131,,Ear pain,keyword,low
"Found lying on the floor not answering , body pains",23,male,0,,,,,,Unconscious / collapsed,paraphrase,critical
"Chest tight and whistling sound when breathing, no fever",54,female,0,,,,,,Asthma attack (mild),paraphrase,medium
Came with pain in the lower spine after lifting for one week,49,male,0,99.2,64,97,123,1,Back pain,paraphrase,low
Pain in my ear suddenly,12,male,0,99.5,84,95,129,,Ear pain,keyword,low
Severe abdominal pain,63,male,0,,,,,,Severe abdominal pain,keyword,high
Inhaler,50,female,0,,,,,,Asthma attack (mild),keyword,medium
Back is aching while bending for two days and poor sleep,62,male,0,,,,,5,Back pain,paraphrase,low
"Rolling on the floor with belly pain since an hour, body pains",34,female,0,99.1,81,98,126,,Severe abdominal pain,paraphrase,high
"Slightly warm body and tired since an hour, slight headache",14,female,0,100.0,91,96,113,,Mild fever,paraphrase,low
Scratchy throat and painful to swallow,38,female,1,97.7,87,97,132,3,Sore throat,paraphrase,low
"Bone broke since an hour and a little nausea, no vomiting",58,male,0,,,,,,Fracture,keyword,high
Patient complains of cannot put weight on the ankle after twisting it since yesterday,43,male,0,,,,,,Fracture,paraphrase,high
"Dislocated shoulder from evening, a little nausea",30,female,0,98.2,88,98,124,8,Fracture,keyword,high
My husband has worst head pain of my life,39,female,0,97.2,86,96,123,,Severe migraine/headache,paraphrase,low
"Bitten by a snake , body pains",52,female,0,,,,,6,Poisoning / bite / overdose,keyword,critical
Vomited ten times since morning since morning,1,male,0,,,,,,Persistent vomiting,paraphrase,medium
Continuous vomiting and very thirsty suddenly,39,male,0,,,,,,Persistent vomiting,paraphrase,medium
Upset stomach and gas from evening,21,male,0,,,,,,Stomach pain (mild),paraphrase,low
"Heard a crack in the wrist and it is swollen for three days, mild cough",36,female,0,99.0,89,87,122,,Fracture,paraphrase,critical
My daughter has inhaler for three days,59,female,0,98.3,75,98,117,,Asthma attack (mild),keyword,medium
"My son has severe head pain for two days, no breathing difficulty",69,female,0,,,,,,Severe migraine/headache,keyword,medium
My grandmother has vomited ten times since morning since an hour,88,female,0,,,,,,Persistent vomiting,paraphrase,medium
Came with sore throat for one week,67,male,0,99.1,75,98,102,,Sore throat,keyword,low
My son has rolling on the floor with belly pain since last night,36,male,0,98.8,77,97,145,,Severe abdominal pain,paraphrase,high
Fever for two days,84,male,0,,,,,5,Mild fever,keyword,low
Patient complains of neck pain since last night,45,male,0,,,,,,Back pain,keyword,low
Belly pain from evening,33,female,0,97.7,74,96,123,5,Stomach pain (mild),keyword,low
Having chest infection since an hour,11,male,0,98.2,94,97,135,,Chest infection,keyword,medium
Throat irritation and cold,59,male,0,98.6,99,97,134,3,Cold & cough,paraphrase,low
Patient complains of bleeding a lot for two days,57,male,0,,,,,,Severe bleeding,keyword,critical
Hit by a since an hour,50,female,0,98.6,67,97,141,,Major trauma,keyword,critical
"Tonsil from evening, body pains",44,male,0,,,,,2,Sore throat,keyword,low
"Blocked nose, no fever",22,male,0,99.4,90,98,130,,Cold & cough,keyword,low
Severe headache from evening,39,male,0,,,,,4,Severe migraine/headache,keyword,medium
Child pulling at the ear and crying since an hour and a little nausea,1,male,0,98.7,69,98,120,,Ear pain,paraphrase,low
Stomach is rock hard and paining terribly since an hour,39,female,0,97.7,88,97,139,,Severe abdominal pain,paraphrase,high
Stomach pain,1,male,0,98.4,81,97,121,,Stomach pain (mild),keyword,low
Patient complains of rolling on the floor with belly pain,63,female,0,99.8,89,98,200,,Severe abdominal pain,paraphrase,high
My grandmother has worst headache for three days,46,female,0,98.1,88,97,103,,Severe migraine/headache,keyword,medium
"Tonsil suddenly, body pains",51,female,0,,,,,3,Sore throat,keyword,low
Patient complains of broken leg for three days,37,male,0,99.3,93,98,116,,Fracture,keyword,high
Bone is bent after the fall,40,male,0,,,,,,Fracture,paraphrase,high
Came with cannot move my arm,52,male,0,,,,,,Fracture,keyword,high
"High fever since last night, poor sleep",18,female,0,,,,,,High fever (>102°F),keyword,high
Chesty cough for a week,19,male,0,,,,,,Chest infection,paraphrase,medium
Migraine for three days and slight headache,42,female,0,97.6,92,95,132,,Severe migraine/headache,keyword,medium
Having stiff back since morning from evening,1,female,0,,,,,,Back pain,paraphrase,low
Patient complains of suicide attempt for one week,52,female,0,98.1,71,97,133,,Poisoning / bite / overdose,keyword,critical
Patient complains of blocked nose and mild cough since last night,42,female,0,,,,,4,Cold & cough,paraphrase,low
My mother has sneezing,66,male,0,,,,,,Cold & cough,keyword,low
"Sneezing since last night, poor sleep",67,male,0,99.0,73,95,141,,Cold & cough,keyword,low
Patient complains of broken ankle since yesterday,30,male,0,99.6,74,97,110,6,Fracture,keyword,high
Body ache since last night,1,male,0,101.2,86,98,121,,Mild fever,keyword,low
Back is aching while bending,28,male,0,100.1,62,96,134,1,Back pain,paraphrase,low
"Came with cough with yellow sputum and fever since morning, no chest pain",23,female,0,,,,,,Chest infection,paraphrase,medium
Came with nasal congestion suddenly,10,male,0,98.1,80,99,155,1,Cold & cough,keyword,low
Difficulty swallowing for one week,29,male,0,97.6,92,98,105,,Sore throat,keyword,low
Patient complains of need to collect my monthly medicines since last night,46,female,0,98.2,74,98,110,,Routine check-up,paraphrase,low
My grandmother has face drooping for one week,39,male,0,98.9,86,88,116,7,Stroke signs,keyword,critical
Having burning hot body and shivering since two days for one week,13,female,0,103.2,87,97,128,,High fever (>102°F),paraphrase,high
Came with severe stomach pain since yesterday,27,male,0,,,,,8,Severe abdominal pain,keyword,high
Tonsillitis since last night,59,male,0,,,,,,Sore throat,keyword,low
Paralyzed from evening and body pains,21,male,0,,,,,7,Stroke signs,keyword,critical
Came with mild wheeze after climbing stairs,39,male,0,99.2,77,96,119,,Asthma attack (mild),paraphrase,medium
Came with vomiting from evening,48,male,0,99.7,97,97,99,5,Stomach pain (mild),keyword,low
Came with pain in my ear suddenly,78,male,0,,,,,2,Ear pain,keyword,low
Patient complains of rolling on the floor with belly pain since yesterday,27,male,0,99.3,86,97,117,5,Severe abdominal pain,paraphrase,high
Came for regular sugar test suddenly,42,male,0,99.6,94,98,135,,Routine check-up,paraphrase,low
"Throat irritation and cold since morning, not eating well",43,male,0,98.5,85,96,118,,Cold & cough,paraphrase,low
Having wheezing,42,female,0,,,,,,Asthma attack (mild),keyword,medium
Patient complains of broken ankle suddenly,62,female,0,97.1,95,98,121,,Fracture,keyword,high
Excruciating pain in the abdomen since night,33,female,0,98.6,81,97,116,5,Severe abdominal pain,paraphrase,high
"Came with found lying on the floor not answering since an hour, no fever",50,female,0,99.0,95,96,180,,Unconscious / collapsed,paraphrase,critical
"Sore throat since last night, poor sleep",40,male,0,98.5,77,99,133,4,Sore throat,keyword,low
Pain while swallowing food since an hour,51,male,0,99.3,69,98,127,,Sore throat,paraphrase,medium
Came with pain inside the ear and blocked feeling since morning,46,male,0,98.6,89,98,115,,Ear pain,paraphrase,low
Patient complains of vomiting since since an hour,86,male,0,,,,,,Persistent vomiting,keyword,medium
"My daughter has used the puffer twice, still a bit tight from evening",5,male,0,98.7,49,95,138,,Asthma attack (mild),paraphrase,medium
Head hit the road hard and vomiting suddenly,31,male,0,,,,,,Major trauma,paraphrase,critical
"Follow up visit for blood pressure for one week, poor sleep",42,male,0,98.5,96,98,131,,Routine check-up,paraphrase,low
Ear is aching,20,male,0,99.8,73,97,122,2,Ear pain,paraphrase,low
Having feverish,21,female,0,,,,,,Mild fever,keyword,low
"Continuous vomiting and very thirsty , slight headache, no vomiting",46,male,0,,,,,,Persistent vomiting,paraphrase,medium
Belly pain,40,female,0,98.9,88,97,141,,Stomach pain (mild),keyword,low
My wife has pain in my ear for three days,2,female,0,99.2,82,97,133,3,Ear pain,keyword,low
"Upset stomach and gas since last night, a little nausea, no chest pain",57,male,0,,,,,5,Stomach pain (mild),paraphrase,low
"Back is aching while bending , not eating well",61,female,0,98.8,102,99,133,,Back pain,paraphrase,low
"Came with kaichal since last night, no fever",35,female,0,101.2,81,95,122,1,Mild fever,keyword,low
Having heart attack from evening,28,female,0,97.4,99,96,138,7,Chest pain / suspected heart attack,keyword,critical
Patient complains of low grade temperature and body pains since morning,61,female,0,,,,,,Mild fever,paraphrase,low
Sugar check,65,male,0,99.0,97,99,128,,Routine check-up,keyword,low
Patient complains of mild wheeze after climbing stairs since last night,40,female,0,98.8,66,97,122,,Asthma attack (mild),paraphrase,medium
Feeling tired and weak since last night,50,female,0,98.8,99,96,142,,Unclassified complaint,unclassified,low
Patient complains of excruciating pain in the abdomen since night since an hour,34,female,0,,,,,,Severe abdominal pain,paraphrase,critical
Eczema,29,male,0,97.0,83,96,126,,Skin allergy/rash,keyword,low
Having rolling on the floor with belly pain for three days,22,male,0,99.3,82,96,145,5,Severe abdominal pain,paraphrase,high
"Used the puffer twice, still a bit tight for two days, not eating well",92,female,0,98.0,79,96,123,,Asthma attack (mild),paraphrase,medium
My son has sugar check since morning,32,male,0,99.3,90,98,119,,Routine check-up,keyword,low
Having indigestion since morning,3,male,0,98.7,69,97,126,,Stomach pain (mild),keyword,low
Patient complains of burning with fever since last night,37,male,0,103.0,85,95,105,6,High fever (>102°F),keyword,high
Having continuous vomiting and very thirsty since morning,27,female,0,,,,,3,Persistent vomiting,paraphrase,medium
Came for regular sugar test,45,male,0,,,,,,Routine check-up,paraphrase,low
Having mild ache in the tummy after food,44,male,0,98.2,79,87,130,,Stomach pain (mild),paraphrase,critical
Came with can't catch breath while sitting from evening,56,female,0,100.1,71,99,103,,Breathing difficulty,paraphrase,critical
Ate some unknown seeds and is drowsy,65,male,0,98.1,75,98,154,6,Poisoning / bite / overdose,paraphrase,critical
"Fever touching 104 since yesterday for two days, no chest pain",30,male,0,102.6,72,96,134,5,High fever (>102°F),paraphrase,high
Came with need a fitness certificate from evening,20,male,0,98.4,76,100,120,,Routine check-up,paraphrase,low
Belly pain since last night and poor sleep,47,female,0,98.0,91,95,133,,Stomach pain (mild),keyword,low
Came with electrocuted for three days,22,male,0,97.6,82,97,190,,Severe burns / electric shock,keyword,critical
My father has convulsion since an hour,54,female,0,99.2,88,97,190,7,Seizure,keyword,critical
Earache since an hour,34,male,0,100.1,73,97,125,1,Ear pain,keyword,low
Follow up visit for blood pressure since yesterday,64,female,0,,,,,,Routine check-up,paraphrase,low
"Child drank kerosene by mistake since last night and feeling tired, no chest pain",59,male,0,98.4,50,95,121,,Poisoning / bite / overdose,paraphrase,critical
Having cough with yellow sputum and fever suddenly,78,female,0,,,,,,Chest infection,paraphrase,high
"Throat irritation and cold from evening, not unconscious",39,female,0,,,,,,Cold & cough,paraphrase,low
Medical certificate for two days,47,female,0,99.4,84,97,111,,Routine check-up,keyword,low
My mother has ate some unknown seeds and is drowsy since yesterday,10,male,0,,,,,,Poisoning / bite / overdose,paraphrase,critical
"Stiff back since morning for two days, slight headache",40,female,1,99.1,90,97,130,,Back pain,paraphrase,low
Eczema from evening,55,male,0,,,,,,Skin allergy/rash,keyword,low
Came with asthma for one week,53,female,0,98.7,84,97,133,,Asthma attack (mild),keyword,medium
Back is aching while bending suddenly and feeling tired,50,female,0,98.6,95,95,128,,Back pain,paraphrase,low
Chesty cough for a week since last night,37,female,0,99.1,144,98,114,,Chest infection,paraphrase,critical
My mother has upset stomach and gas for three days,49,male,0,98.3,77,97,126,,Stomach pain (mild),paraphrase,low
My mother has excruciating pain in the abdomen since night since yesterday,34,female,0,,,,,,Severe abdominal pain,paraphrase,high
"Having pulsating headache with nausea since morning for two days, no chest pain",32,male,0,99.4,72,97,133,,Severe migraine/headache,paraphrase,medium
Having asthma from evening,58,male,0,98.1,80,98,131,,Asthma attack (mild),keyword,medium
Broken bone suddenly and slight headache,61,male,0,99.3,91,99,160,,Fracture,keyword,high
My neighbour has throat is raw since yesterday since yesterday,27,female,1,98.8,82,99,126,,Sore throat,paraphrase,medium
Patient complains of bone is bent after the fall since an hour,61,female,0,,,,,8,Fracture,paraphrase,high
Head injury for three days and mild cough,41,female,0,,,,,,Major trauma,keyword,critical
"Stiff back since morning for two days, poor sleep",48,male,0,,,,,4,Back pain,paraphrase,low
My daughter has need to collect my monthly medicines for one week,58,male,0,98.0,86,98,126,1,Routine check-up,paraphrase,low
"Came with used the puffer twice, still a bit tight since last night",38,female,0,,,,,6,Asthma attack (mild),paraphrase,medium
Cough with yellow sputum and fever since morning and not eating well,42,male,0,,,,,,Chest infection,paraphrase,medium
Itching for three days and feeling tired,69,male,0,99.2,88,96,118,1,Skin allergy/rash,keyword,low
Asthma for three days and not eating well,35,female,0,,,,,,Asthma attack (mild),keyword,medium
Patient complains of throbbing pain on one side of the head with vomiting since yesterday,35,female,0,,,,,5,Severe migraine/headache,paraphrase,medium
Having high fever from evening,35,male,0,,,,,,High fever (>102°F),keyword,high
Came with burning with fever since last night,18,male,0,104.1,91,99,201,,High fever (>102°F),keyword,high
"Having repeated vomiting since an hour, no breathing difficulty",32,male,0,,,,,8,Persistent vomiting,keyword,medium
Came with dizziness on standing,54,male,0,99.4,89,98,114,2,Unclassified complaint,unclassified,low
"Fever touching 104 since yesterday for one week, a little nausea",31,female,0,104.4,90,96,123,,High fever (>102°F),paraphrase,high
Broken leg from evening and mild cough,44,male,0,98.8,88,99,73,9,Fracture,keyword,critical
My husband has hot oil fell on the chest and arms since morning,46,female,0,,,,,,Severe burns / electric shock,paraphrase,critical
Having temperature 103 with chills from evening,36,female,0,,,,,,High fever (>102°F),paraphrase,high
Chest tightness,20,male,0,,,,,7,Chest pain / suspected heart attack,keyword,critical
Patient complains of throat is raw since yesterday since morning,39,male,0,,,,,,Sore throat,paraphrase,low
Patient complains of splitting headache since yesterday,62,male,0,,,,,,Severe migraine/headache,keyword,medium
Patient complains of pain in throat from evening,28,female,0,98.5,108,98,138,,Sore throat,keyword,low
Came with vaccination for one week,43,male,0,97.8,67,97,118,,Routine check-up,keyword,low
Continuous vomiting and very thirsty,67,female,0,98.4,104,96,107,5,Persistent vomiting,paraphrase,medium
"Blocked nose and mild cough for one week, body pains",53,female,0,,,,,5,Cold & cough,paraphrase,low
"My neighbour has jerking movements and foam from mouth for one week, no fever",63,female,0,98.8,43,97,134,,Seizure,paraphrase,critical
Came with skin is itching after using a new soap for three days,3,male,0,99.9,96,98,125,,Skin allergy/rash,paraphrase,low
Skin is itching after using a new soap from evening,22,female,1,,,,,,Skin allergy/rash,paraphrase,low
Came with fever touching 104 since yesterday,29,male,0,102.6,159,97,121,,High fever (>102°F),paraphrase,critical
Came with migraine for one week,50,female,0,98.0,77,95,119,,Severe migraine/headache,keyword,medium
Unbearable stomach,56,male,0,97.2,88,98,135,,Severe abdominal pain,keyword,high
My mother has whole body was shaking and jerking for two days,50,female,0,99.3,74,96,120,,Seizure,paraphrase,critical
Throat is raw since yesterday for two days and feeling tired,39,female,0,98.3,97,97,147,,Sore throat,paraphrase,low
Came with heard a crack in the wrist and it is swollen since yesterday,19,female,0,,,,,5,Fracture,paraphrase,high
My mother has stiff back since morning since an hour,27,male,0,,,,,,Back pain,paraphrase,low
"Severe belly since morning, mild cough",68,female,0,,,,,,Severe abdominal pain,keyword,high
Difficulty swallowing for three days and poor sleep,55,male,0,98.0,70,94,107,,Sore throat,keyword,low
Rash,13,male,0,,,,,5,Skin allergy/rash,keyword,low
Red spots on the arms that itch suddenly and poor sleep,18,male,0,,,,,,Skin allergy/rash,paraphrase,low
Patient complains of vomiting diarrhea since an hour,42,female,0,98.4,82,96,107,,Persistent vomiting,keyword,medium
Came with check up,70,female,0,,,,,,Routine check-up,keyword,low
Appendicitis since morning and body pains,42,male,0,,,,,,Severe abdominal pain,keyword,high
Not responding for three days,2,male,0,98.1,96,90,113,6,Unconscious / collapsed,keyword,critical
Came with arm looks deformed after falling from the bike since morning,27,male,0,,,,,10,Fracture,paraphrase,high
Follow up visit for blood pressure for three days,24,female,0,98.0,75,98,140,,Routine check-up,paraphrase,low
Patient complains of worst headache for two days,23,male,0,98.8,85,98,106,,Severe migraine/headache,keyword,medium
"Came with need a fitness certificate for one week, not unconscious",36,male,0,99.2,96,97,126,,Routine check-up,paraphrase,low
Came with stabbed since last night,42,female,0,98.4,81,97,200,6,Major trauma,keyword,critical
Came with throat is raw since yesterday from evening,20,female,1,98.4,78,97,109,,Sore throat,paraphrase,low
Phlegm for one week and feeling tired,63,male,0,98.8,75,99,125,,Chest infection,keyword,medium
My mother has face drooping,76,female,0,99.0,79,96,124,,Stroke signs,keyword,critical
Bad headache since yesterday and poor sleep,40,male,0,,,,,,Severe migraine/headache,keyword,medium
My husband has throbbing pain on one side of the head with vomiting for two days,43,female,0,98.5,75,97,129,8,Severe migraine/headache,paraphrase,medium
Came with stomach ache suddenly,31,male,0,99.4,100,97,141,,Stomach pain (mild),keyword,low
Pain inside the ear and blocked feeling suddenly and feeling tired,6,female,0,,,,,5,Ear pain,paraphrase,low
Patient complains of vomiting diarrhea,75,male,0,98.9,73,98,138,7,Persistent vomiting,keyword,medium
Having burning in the stomach after spicy food since morning,29,female,0,98.3,76,95,129,,Stomach pain (mild),paraphrase,low
Came with high temperature since last night,60,female,0,103.3,86,98,114,,High fever (>102°F),keyword,high
Scratchy throat and painful to swallow,73,female,0,99.0,63,98,126,,Sore throat,paraphrase,low
Worst headache suddenly,52,female,0,,,,,4,Severe migraine/headache,keyword,medium
Came with chest tight and whistling sound when breathing since morning,46,male,0,99.0,66,98,123,,Asthma attack (mild),paraphrase,medium
"Need to collect my monthly medicines from evening, a little nausea",45,female,0,97.7,93,99,119,,Routine check-up,paraphrase,low
"Came for regular sugar test for one week, body pains",22,female,1,99.1,98,96,130,4,Routine check-up,paraphrase,low
"Need to collect my monthly medicines, not unconscious",60,female,0,99.3,97,97,119,,Routine check-up,paraphrase,low
"Used the puffer twice, still a bit tight since yesterday, body pains",22,male,0,,,,,,Asthma attack (mild),paraphrase,medium
"Heard a crack in the wrist and it is swollen from evening, not unconscious",67,male,0,,,,,9,Fracture,paraphrase,high
Having backache since yesterday,18,male,0,,,,,,Back pain,keyword,low
"Fever touching 104 since yesterday since last night, body pains",40,female,0,102.8,76,96,121,9,High fever (>102°F),paraphrase,high
Came with very hot to touch and rigors at night since morning,7,female,0,103.1,75,97,135,10,High fever (>102°F),paraphrase,high
Checkup for one week,25,male,0,97.0,80,97,137,1,Routine check-up,keyword,low
Pain in the lower spine after lifting for three days and poor sleep,37,male,0,,,,,1,Back pain,paraphrase,low
Came with pain in the leg muscles for two days,71,female,0,99.0,69,98,148,,Unclassified complaint,unclassified,low
"Chest tight and whistling sound when breathing , mild cough, no fever",30,female,0,98.5,96,97,117,,Asthma attack (mild),paraphrase,medium
Came with throat infection from evening,37,female,0,97.5,78,95,121,3,Sore throat,keyword,low
"Asthma , not eating well",16,female,0,,,,,7,Asthma attack (mild),keyword,medium
"Burning hot body and shivering since two days, no chest pain",61,male,0,103.1,87,97,163,6,High fever (>102°F),paraphrase,high
Red patches on the back from evening,47,female,0,98.3,84,96,141,,Skin allergy/rash,paraphrase,low
My wife has pain inside the ear and blocked feeling since yesterday,11,female,0,,,,,2,Ear pain,paraphrase,low
Came with abdominal pain since morning,73,male,0,,,,,,Stomach pain (mild),keyword,low
Patient complains of splitting headache since yesterday,36,male,0,,,,,3,Severe migraine/headache,keyword,medium
Rolling on the floor with belly pain from evening and not eating well,47,female,0,98.9,40,95,128,,Severe abdominal pain,paraphrase,critical
"Itching since morning, no fever",22,female,0,100.1,71,99,138,1,Skin allergy/rash,keyword,low
Runny nose since morning,31,male,0,99.3,83,98,132,,Cold & cough,keyword,low
Having pain in throat since morning,58,female,0,98.2,100,95,155,,Sore throat,keyword,low
Came with mild wheeze after climbing stairs,74,female,0,99.4,91,98,125,,Asthma attack (mild),paraphrase,medium
"Stomach unbearable since an hour, not eating well",33,male,0,99.4,74,94,112,,Severe abdominal pain,keyword,high
Having throat irritation and cold since morning,36,female,0,,,,,5,Cold & cough,paraphrase,low
Patient complains of chest congestion since last night,51,male,0,,,,,,Chest infection,keyword,medium
Came with hives all over and voice became hoarse since an hour,45,female,0,98.7,84,96,129,,Severe allergic reaction,paraphrase,high
Patient complains of cold from evening,31,male,0,99.3,75,96,131,,Cold & cough,keyword,low
Worst head pain of my life for two days and mild cough,64,male,0,,,,,,Severe migraine/headache,paraphrase,low
"Fitting for two days, feeling tired",46,female,0,,,,,9,Seizure,keyword,critical
Having chest tight and whistling sound when breathing,78,female,0,98.7,120,98,125,7,Asthma attack (mild),paraphrase,medium
Worst head pain of my life since an hour,55,male,0,98.8,75,97,104,5,Severe migraine/headache,paraphrase,high
"High fever since morning, not eating well",7,female,0,,,,,,High fever (>102°F),keyword,high
"Kaichal suddenly, mild cough, no bleeding",32,female,0,101.4,76,99,134,4,Mild fever,keyword,low
Having came for regular sugar test for one week,71,male,0,97.8,77,98,125,,Routine check-up,paraphrase,low
Pulsating headache with nausea since morning,21,male,0,98.7,72,96,125,7,Severe migraine/headache,paraphrase,medium
Loose stools since morning,65,female,0,99.6,89,97,125,4,Stomach pain (mild),paraphrase,low
Having drank floor cleaner for three days,36,female,0,97.9,91,97,118,,Poisoning / bite / overdose,paraphrase,critical
Severe headache for three days,8,male,0,98.3,72,95,122,,Severe migraine/headache,keyword,medium
"Bone broke , poor sleep",21,male,0,97.5,105,97,110,9,Fracture,keyword,high
My son has hives since morning,55,female,0,99.5,85,94,128,,Skin allergy/rash,keyword,low
Stomach is rock hard and paining terribly for three days,61,female,0,99.4,101,96,85,7,Severe abdominal pain,paraphrase,critical
"Having runny nose and sneezing since two days since last night, no vomiting",15,female,0,98.2,85,96,124,,Cold & cough,paraphrase,low
Having dizziness on standing suddenly,51,male,0,98.1,78,97,122,,Unclassified complaint,unclassified,low
Came with eyes rolled up and became limp since an hour,63,male,0,98.6,152,97,97,9,Unconscious / collapsed,paraphrase,critical
Burning hot body and shivering since two days,35,male,0,,,,,8,High fever (>102°F),paraphrase,high
Having chesty cough for a week since morning,37,female,0,,,,,7,Chest infection,paraphrase,medium
Patient complains of high fever for one week,59,female,0,,,,,,High fever (>102°F),keyword,high
"Keeps vomiting for one week, poor sleep",52,male,0,99.6,99,97,138,,Persistent vomiting,keyword,medium
Having fell from a tree since last night,42,male,0,,,,,,Major trauma,keyword,critical
Heavy bleeding from evening and feeling tired,44,male,0,,,,,8,Severe bleeding,keyword,critical
My son has pressure in the middle of my chest spreading to my jaw since morning,78,female,0,,,,,9,Chest pain / suspected heart attack,paraphrase,critical
Having ear infection since morning,8,female,0,99.1,94,98,111,1,Ear pain,keyword,low
Having follow up since last night,8,male,0,98.2,81,97,137,,Routine check-up,keyword,low
Came with bad headache,40,female,0,,,,,3,Severe migraine/headache,keyword,medium
Having cannot keep even water down from evening,28,male,0,99.0,84,96,121,,Persistent vomiting,paraphrase,medium
Came with dizziness on standing,24,male,0,97.9,94,98,140,,Unclassified complaint,unclassified,low
"Stiff back since morning , feeling tired",28,female,1,,,,,,Back pain,paraphrase,low
Came with child pulling at the ear and crying,55,female,0,,,,,,Ear pain,paraphrase,low
Having neck pain since yesterday,17,female,0,98.0,79,96,123,2,Back pain,keyword,low
Excruciating pain in the abdomen since night and poor sleep,86,female,0,,,,,10,Severe abdominal pain,paraphrase,high
Rolling on the floor with belly pain for one week and a little nausea,4,female,0,99.3,61,97,120,,Severe abdominal pain,paraphrase,high
Patient complains of asthma for one week,15,male,0,,,,,,Asthma attack (mild),keyword,medium
Having splitting headache since an hour,74,female,0,99.3,75,95,92,,Severe migraine/headache,keyword,medium
Came with severe headache for three days,39,male,0,97.9,88,98,108,,Severe migraine/headache,keyword,medium
Having stomachache since morning,40,male,0,,,,,,Stomach pain (mild),keyword,low
Chesty cough for a week since an hour and poor sleep,21,male,0,,,,,,Chest infection,paraphrase,medium
Came with back pain,25,female,0,,,,,,Back pain,keyword,low
"Came with hives from evening, no bleeding",86,male,0,98.3,76,98,144,,Skin allergy/rash,keyword,low
Chest congestion suddenly,40,male,0,,,,,8,Chest infection,keyword,medium
"Stomach is rock hard and paining terribly since last night, slight headache",36,female,0,98.9,78,96,139,,Severe abdominal pain,paraphrase,high
Patient complains of cannot move my leg suddenly,20,female,0,,,,,,Fracture,keyword,high
"Patient complains of need a fitness certificate since yesterday, no fever",25,female,0,98.4,70,97,128,4,Routine check-up,paraphrase,low
My husband has arm looks deformed after falling from the bike for two days,64,female,0,99.0,77,96,135,10,Fracture,paraphrase,high
Burning in the stomach after spicy food for one week and not eating well,39,female,0,98.9,90,98,118,,Stomach pain (mild),paraphrase,low
My husband has head hit the road hard and vomiting since an hour,38,male,0,97.5,84,97,135,,Major trauma,paraphrase,critical
"Temperature 103 with chills for one week, mild cough",16,male,0,103.1,70,96,110,,High fever (>102°F),paraphrase,high
Heard a crack in the wrist and it is swollen,41,female,0,,,,,5,Fracture,paraphrase,high
Cold,24,male,0,99.2,80,98,127,2,Cold & cough,keyword,low
Body ache for three days,44,male,0,99.6,79,96,131,,Mild fever,keyword,low
Having unbearable abdominal for three days,68,male,0,98.9,77,96,101,,Severe abdominal pain,keyword,high
Inhaler since morning and slight headache,48,female,0,98.5,76,97,119,,Asthma attack (mild),keyword,medium
Throat is raw since yesterday since morning and body pains,37,female,0,,,,,,Sore throat,paraphrase,low
Came with cough bringing up green mucus,32,male,0,98.8,85,98,107,6,Chest infection,paraphrase,medium
Patient complains of child stiffened and shook for five minutes since morning,90,male,0,,,,,,Seizure,paraphrase,critical
Throat irritation and cold since yesterday and mild cough,26,male,0,,,,,,Cold & cough,paraphrase,low
Chest tight and whistling sound when breathing since an hour,44,male,0,98.3,83,97,100,3,Asthma attack (mild),paraphrase,medium
Having cough bringing up green mucus,17,male,0,99.2,75,99,114,3,Chest infection,paraphrase,medium
"My son has loose stools since morning for two days, no vomiting",13,male,0,98.9,80,97,105,1,Stomach pain (mild),paraphrase,low
Having upset stomach and gas for one week,5,female,0,97.9,72,98,117,1,Stomach pain (mild),paraphrase,low
Patient complains of lower back since last night,21,female,0,,,,,1,Back pain,keyword,low
Patient complains of mild ache in the tummy after food,33,female,0,,,,,,Stomach pain (mild),paraphrase,low
"Rolling on the floor with belly pain for one week, slight headache",30,female,0,98.7,91,96,117,,Severe abdominal pain,paraphrase,high
Patient complains of sore throat since morning,73,male,0,,,,,,Sore throat,keyword,low
Patient complains of drank floor cleaner since an hour,51,male,0,,,,,,Poisoning / bite / overdose,paraphrase,critical
"Need a fitness certificate for three days, poor sleep",32,female,0,,,,,,Routine check-up,paraphrase,low
"Pain in ear from evening, a little nausea",68,female,0,,,,,,Ear pain,keyword,low
Broken bone for two days,17,female,0,99.6,83,98,96,,Fracture,keyword,high
Feels like an elephant sitting on my chest,52,male,0,,,,,8,Chest pain / suspected heart attack,paraphrase,critical
"Fits since yesterday, not eating well",23,female,0,98.8,83,80,101,,Seizure,keyword,critical
Fever touching 104 since yesterday,58,female,0,102.7,99,98,140,9,High fever (>102°F),paraphrase,high
Having burning hot body and shivering since two days for three days,27,male,0,104.1,97,98,113,,High fever (>102°F),paraphrase,high
Pain in chest for one week,61,male,0,98.9,140,96,162,,Chest pain / suspected heart attack,keyword,critical
My father has stomach pain since yesterday,12,male,0,99.6,82,99,119,,Stomach pain (mild),keyword,low
Throat is raw since yesterday,28,male,0,99.1,75,98,132,,Sore throat,paraphrase,low
Having arm looks deformed after falling from the bike for two days,47,male,0,97.8,86,96,128,8,Fracture,paraphrase,high
Came with sugar check for three days,56,female,0,98.5,105,97,119,,Routine check-up,keyword,low
Came with vaccination,57,male,0,97.6,81,96,115,4,Routine check-up,keyword,low
Came with asthma suddenly,28,male,0,99.2,84,97,130,,Asthma attack (mild),keyword,medium
Tonsillitis,33,male,0,98.6,81,98,123,,Sore throat,keyword,low
Upset stomach and gas,41,female,0,99.5,78,98,127,,Stomach pain (mild),paraphrase,low
"Child stiffened and shook for five minutes since morning, slight headache",63,male,0,99.3,95,97,93,,Seizure,paraphrase,critical
Sleep problems for one week and mild cough,60,female,0,98.4,84,97,127,,Unclassified complaint,unclassified,low
Loose stools since morning suddenly,43,female,0,,,,,,Stomach pain (mild),paraphrase,low
Came with runny nose and sneezing since two days from evening,16,male,0,,,,,,Cold & cough,paraphrase,low
"Epileptic attack since last night, body pains",30,female,0,,,,,,Seizure,keyword,critical
Having feeling tired and weak suddenly,38,male,0,99.1,89,99,112,,Unclassified complaint,unclassified,low
Fever shivering,42,male,0,103.0,72,99,123,,High fever (>102°F),keyword,high
"Ear ache for two days, no breathing difficulty",16,female,0,98.2,74,97,121,,Ear pain,keyword,low
Cold since an hour and mild cough,51,male,0,97.9,86,97,89,,Cold & cough,keyword,critical
"Lost consciousness at home for one week, slight headache",10,male,0,,,,,,Unconscious / collapsed,paraphrase,critical
Patient complains of chest tight and whistling sound when breathing since yesterday,69,female,0,,,,,,Asthma attack (mild),paraphrase,medium
My grandmother has burning hot body and shivering since two days since an hour,55,male,0,104.2,68,95,133,,High fever (>102°F),paraphrase,high
Having throat swelling since morning,62,male,0,99.2,99,97,128,9,Severe allergic reaction,keyword,critical
Cannot put weight on the ankle after twisting it since last night,33,male,0,,,,,,Fracture,paraphrase,high
"Skin is itching after using a new soap since yesterday, not unconscious",69,male,0,98.7,75,97,95,,Skin allergy/rash,paraphrase,low
Having temperature 103 with chills for two days,29,male,0,104.4,78,96,125,,High fever (>102°F),paraphrase,high
Severe abdominal pain for three days and not eating well,40,male,0,,,,,,Severe abdominal pain,keyword,high
Patient complains of burning with fever from evening,41,male,0,,,,,,High fever (>102°F),keyword,high
Road accident since an hour,53,male,0,,,,,,Major trauma,keyword,critical
My mother has cannot keep even water down from evening,58,female,0,,,,,,Persistent vomiting,paraphrase,medium
Patient complains of back is aching while bending since morning,38,male,0,98.6,82,97,139,,Back pain,paraphrase,low
"Used the puffer twice, still a bit tight for three days and feeling tired",32,female,0,98.4,76,95,111,,Asthma attack (mild),paraphrase,medium
Hemorrhage and not eating well,26,female,0,98.5,85,95,140,,Severe bleeding,keyword,critical
Came with ate some unknown seeds and is drowsy suddenly,43,male,0,98.2,79,98,120,10,Poisoning / bite / overdose,paraphrase,critical
Cough with yellow sputum and fever,32,male,0,99.1,63,97,125,3,Chest infection,paraphrase,medium
Having stomach pain since morning,28,male,0,,,,,4,Stomach pain (mild),keyword,low
Patient complains of pain inside the ear and blocked feeling since an hour,8,female,0,98.7,83,95,122,,Ear pain,paraphrase,low
My father has eczema,79,male,0,97.9,75,98,131,4,Skin allergy/rash,keyword,low
Came with red spots on the arms that itch for three days,47,male,0,97.6,82,95,125,,Skin allergy/rash,paraphrase,low
Patient complains of severe tummy since last night,37,female,0,,,,,8,Severe abdominal pain,keyword,high
Came with acidity since yesterday,35,female,0,98.7,100,96,118,,Stomach pain (mild),keyword,low
Having splitting headache since yesterday,44,male,0,98.5,89,95,127,,Severe migraine/headache,keyword,medium
My daughter has check-up since last night,45,female,0,98.9,79,96,113,,Routine check-up,keyword,low
Came with worst headache since morning,46,female,0,97.0,65,96,130,7,Severe migraine/headache,keyword,medium
"My mother has chest pressure from evening, no chest pain",44,male,0,,,,,,Chest pain / suspected heart attack,keyword,critical
Vomiting since,79,female,0,,,,,,Persistent vomiting,keyword,medium
Eyes rolled up and became limp,57,female,0,98.7,79,96,119,7,Unconscious / collapsed,paraphrase,critical
Severe headache,39,male,0,98.8,71,96,127,3,Severe migraine/headache,keyword,medium
Came with red patches on the back since last night,42,female,0,,,,,1,Skin allergy/rash,paraphrase,low
"Appendicitis since yesterday, mild cough",39,male,0,,,,,,Severe abdominal pain,keyword,high
"Having feeling feverish since evening since morning, no vomiting",26,male,0,,,,,,Mild fever,paraphrase,low
Red spots on the arms that itch since yesterday,45,female,0,98.3,86,97,115,,Skin allergy/rash,paraphrase,low
Caught fire for three days,53,male,0,,,,,,Severe burns / electric shock,keyword,critical
My husband has cannot move my arm suddenly,33,male,0,,,,,,Fracture,keyword,high
Mild ache in the tummy after food,37,female,1,,,,,,Stomach pain (mild),paraphrase,high
"Found lying on the floor not answering for one week, a little nausea, no fever",30,female,0,98.8,88,97,119,6,Unconscious / collapsed,paraphrase,critical
Patient complains of unbearable pain in the lower right side of the tummy suddenly,58,male,0,,,,,,Severe abdominal pain,paraphrase,high
Badly burned,56,male,0,97.8,117,99,139,8,Severe burns / electric shock,keyword,critical
Vomited ten times since morning from evening,69,male,0,,,,,4,Persistent vomiting,paraphrase,medium
My neighbour has wheezing for one week,92,female,0,,,,,,Asthma attack (mild),keyword,medium
Having wheezing since an hour,30,female,0,98.7,93,99,110,,Asthma attack (mild),keyword,high
Came with unbearable stomach,36,male,0,,,,,,Severe abdominal pain,keyword,high
Ear infection for three days and mild cough,69,female,0,99.9,86,96,112,,Ear pain,keyword,low
Patient complains of pain while swallowing food since yesterday,71,female,0,,,,,2,Sore throat,paraphrase,low
My grandmother has feeling tired and weak for one week,53,female,0,,,,,,Unclassified complaint,unclassified,low
Came with cannot keep even water down since morning,39,female,0,97.2,82,98,134,6,Persistent vomiting,paraphrase,medium
Patient complains of burning with fever from evening,37,male,0,103.6,107,96,121,8,High fever (>102°F),keyword,high
Pain in throat,12,female,0,,,,,,Sore throat,keyword,low
"Burning with fever since last night, body pains",39,female,0,103.4,74,96,109,,High fever (>102°F),keyword,high
Having heard a crack in the wrist and it is swollen suddenly,22,male,0,,,,,6,Fracture,paraphrase,high
Having convulsion for one week,61,male,0,98.6,73,97,108,10,Seizure,keyword,critical
Can't stop vomiting for one week and poor sleep,38,female,0,100.8,82,95,122,,Persistent vomiting,keyword,medium
Pain in the lower spine after lifting,72,male,0,97.3,92,97,104,,Back pain,paraphrase,low
Pain while swallowing food suddenly,18,male,0,99.0,95,96,167,2,Sore throat,paraphrase,low
"Belly pain since morning, body pains",33,female,0,98.6,80,98,132,,Stomach pain (mild),keyword,low
My wife has broken ankle since yesterday,36,male,0,,,,,,Fracture,keyword,high
My daughter has pain inside the ear and blocked feeling for two days,9,male,0,,,,,5,Ear pain,paraphrase,low
Cannot put weight on the ankle after twisting it from evening,16,female,0,,,,,6,Fracture,paraphrase,high
Having throat closing after a bee sting for two days,43,male,0,99.1,71,97,119,,Severe allergic reaction,paraphrase,critical
"Worst headache since an hour and slight headache, no chest pain",19,female,0,,,,,,Severe migraine/headache,keyword,medium
"Kaichal since an hour, a little nausea",29,female,0,100.6,77,96,137,,Mild fever,keyword,low
Having stomach pain since yesterday,73,female,0,,,,,,Stomach pain (mild),keyword,low
My grandmother has fell from the roof since yesterday,34,male,0,,,,,7,Major trauma,keyword,critical
Chest tight and whistling sound when breathing suddenly and slight headache,92,male,0,,,,,,Asthma attack (mild),paraphrase,medium
"Cannot lift left hand since morning, words coming out wrong since last night, not eating well",47,male,0,,,,,7,Stroke signs,paraphrase,critical
My wife has routine since yesterday,74,female,0,98.7,62,96,112,2,Routine check-up,keyword,low
My grandmother has heard a crack in the wrist and it is swollen,72,female,0,,,,,,Fracture,paraphrase,critical
Can't breathe since an hour and body pains,25,male,0,99.0,75,79,118,,Breathing difficulty,keyword,critical
Came with chest tight and whistling sound when breathing from evening,55,female,0,,,,,3,Asthma attack (mild),paraphrase,medium
Chesty cough for a week,30,male,0,97.8,94,97,140,4,Chest infection,paraphrase,medium
Having chills for two days,43,male,0,,,,,,Mild fever,keyword,low
Came with blocked nose from evening,53,female,0,,,,,,Cold & cough,keyword,low
Pain in the lower spine after lifting suddenly and slight headache,35,female,0,99.5,100,98,121,,Back pain,paraphrase,low
Came with stiff back since morning since yesterday,49,male,0,,,,,4,Back pain,paraphrase,low
Loose stools since morning,33,female,0,98.7,83,97,133,,Stomach pain (mild),paraphrase,low
Having bronchitis suddenly,26,male,0,99.1,89,96,119,,Chest infection,keyword,medium
"Patient complains of skin allergy since an hour, not unconscious",69,female,0,99.1,64,97,123,1,Skin allergy/rash,keyword,low
Cannot put weight on the ankle after twisting it,58,male,0,,,,,5,Fracture,paraphrase,high
Patient complains of red spots on the arms that itch since morning,67,female,0,97.3,87,98,128,1,Skin allergy/rash,paraphrase,low
Throat irritation and cold for two days and body pains,68,female,0,99.0,86,98,130,,Cold & cough,paraphrase,low
Blocked nose and mild cough for two days,1,male,0,,,,,,Cold & cough,paraphrase,low
Chesty cough for a week,48,male,0,98.0,84,96,122,7,Chest infection,paraphrase,medium
Having loss of appetite for two days,15,male,0,98.4,74,99,103,5,Unclassified complaint,unclassified,low
Patient complains of throat irritation and cold from evening,71,female,0,99.5,72,98,157,4,Cold & cough,paraphrase,low
Having arm looks deformed after falling from the bike,46,female,0,99.0,120,98,127,,Fracture,paraphrase,high
Tonsil since yesterday,85,female,0,,,,,,Sore throat,keyword,low
"My grandmother has throwing up everything I eat since yesterday since an hour, not unconscious",33,female,0,97.8,74,98,143,6,Persistent vomiting,paraphrase,medium
My husband has allergy since morning,22,female,0,,,,,,Skin allergy/rash,keyword,low
Fever for two days and feeling tired,42,male,0,99.9,73,98,133,2,Mild fever,keyword,low
My husband has cough since morning,59,female,0,98.6,93,97,121,,Cold & cough,keyword,low
Having came for regular sugar test for two days,57,female,0,,,,,,Routine check-up,paraphrase,low
"Ear ache for two days and a little nausea, no bleeding",8,female,0,98.9,71,96,113,,Ear pain,keyword,low
Burning in the stomach after spicy food for three days and slight headache,48,male,0,99.0,90,98,136,,Stomach pain (mild),paraphrase,low
Having stomach unbearable since an hour,30,female,0,,,,,,Severe abdominal pain,keyword,high
Having sleep problems suddenly,37,female,0,98.2,84,97,135,,Unclassified complaint,unclassified,low
Chest tight and whistling sound when breathing for three days and feeling tired,53,male,0,98.4,63,97,121,,Asthma attack (mild),paraphrase,medium
"Vomiting many times , a little nausea",68,female,0,,,,,,Persistent vomiting,keyword,medium
My father has vomiting many times since an hour,74,male,0,,,,,6,Persistent vomiting,keyword,medium
My husband has difficulty in breathing suddenly,39,female,0,99.2,78,98,203,7,Breathing difficulty,keyword,critical
My wife has burns on face and hands from a gas cylinder suddenly,49,female,0,,,,,,Severe burns / electric shock,paraphrase,critical
Having stomach is rock hard and paining terribly from evening,27,female,0,,,,,,Severe abdominal pain,paraphrase,high
Feeling tired and weak,42,female,0,98.4,91,98,128,,Unclassified complaint,unclassified,low
Need a fitness certificate since yesterday and a little nausea,44,female,0,,,,,,Routine check-up,paraphrase,low
Chesty cough for a week since an hour,21,female,0,98.5,72,99,128,,Chest infection,paraphrase,medium
Came with stiff back since morning for two days,49,male,0,,,,,,Back pain,paraphrase,low
My son has check up for one week,50,female,0,,,,,3,Routine check-up,keyword,low
My husband has loose stools since morning since last night,6,male,0,,,,,2,Stomach pain (mild),paraphrase,low
Broken ankle suddenly,46,male,0,,,,,6,Fracture,keyword,high
Came with stomach is rock hard and paining terribly since yesterday,26,female,0,97.8,84,97,118,,Severe abdominal pain,paraphrase,high
"Temperature since morning, mild cough",46,female,0,,,,,2,Mild fever,keyword,low
Came with pain in the lower spine after lifting since last night,46,male,0,,,,,,Back pain,paraphrase,low
My mother has fever shivering for one week,25,male,0,104.4,71,97,148,5,High fever (>102°F),keyword,high
"Patient complains of pain in chest , not unconscious",41,female,0,98.8,69,97,136,8,Chest pain / suspected heart attack,keyword,high
Patient complains of lower back since morning,1,male,0,98.8,75,96,137,,Back pain,keyword,low
Loss of appetite since last night,36,female,0,,,,,1,Unclassified complaint,unclassified,low
My daughter has soaked three cloths with blood,4,female,0,,,,,8,Severe bleeding,paraphrase,critical
Came with rolling on the floor with belly pain for three days,24,male,0,98.5,132,96,142,,Severe abdominal pain,paraphrase,critical
Cough with yellow sputum and fever,52,male,0,97.8,80,99,125,,Chest infection,paraphrase,low
"Throat pain for three days, poor sleep",16,male,0,,,,,,Sore throat,keyword,low
Came with fever touching 104 since yesterday for three days,32,male,0,,,,,9,High fever (>102°F),paraphrase,high
My wife has very hot to touch and rigors at night since an hour,44,female,0,102.5,32,96,132,10,High fever (>102°F),paraphrase,critical
High temperature since last night,39,male,0,103.0,67,99,141,9,High fever (>102°F),keyword,critical
My father has slightly warm body and tired for two days,49,male,0,99.9,72,97,127,3,Mild fever,paraphrase,low
Patient complains of head is pounding and light hurts the eyes suddenly,45,female,0,98.3,97,96,124,6,Severe migraine/headache,paraphrase,medium
Came with need to collect my monthly medicines since an hour,59,male,0,97.7,91,96,123,4,Routine check-up,paraphrase,low
Having stiff back since morning since yesterday,20,female,0,98.2,85,99,129,,Back pain,paraphrase,low
Chest congestion,36,female,0,,,,,,Chest infection,keyword,medium
Sneezing,18,male,0,97.9,78,100,110,,Cold & cough,keyword,low
"Dislocated shoulder for two days, a little nausea",53,male,0,,,,,7,Fracture,keyword,high
Follow up visit for blood pressure for one week and slight headache,37,female,0,,,,,,Routine check-up,paraphrase,low
Wheezing since yesterday and mild cough,5,male,0,,,,,4,Asthma attack (mild),keyword,medium
Having unbearable pain in the lower right side of the tummy since last night,55,male,0,98.7,43,96,132,8,Severe abdominal pain,paraphrase,high
Throat is raw since yesterday since last night and body pains,39,male,0,,,,,2,Sore throat,paraphrase,low
Fever shivering for two days,34,male,0,103.6,112,86,147,5,High fever (>102°F),keyword,critical
My wife has burns on face and hands from a gas cylinder,58,female,0,,,,,,Severe burns / electric shock,paraphrase,critical
Came with pain inside the ear and blocked feeling for one week,5,female,0,98.8,78,97,117,4,Ear pain,paraphrase,low
Chest tight and whistling sound when breathing from evening,1,male,0,98.6,90,95,109,5,Asthma attack (mild),paraphrase,medium
Heard a crack in the wrist and it is swollen for two days,53,female,0,,,,,9,Fracture,paraphrase,high
Patient complains of runny nose since yesterday,53,female,0,97.9,80,96,99,,Cold & cough,keyword,low
Having broken arm from evening,1,female,0,99.2,133,96,133,9,Fracture,keyword,critical
Patient complains of pain in my ear for two days,18,male,0,,,,,2,Ear pain,keyword,low
Having burnt badly since last night,29,male,0,99.1,77,95,81,,Severe burns / electric shock,keyword,critical
Came with itchy since yesterday,46,male,0,,,,,,Skin allergy/rash,keyword,low
My daughter has heart is hurting badly for three days,51,female,0,97.2,78,98,139,,Chest pain / suspected heart attack,paraphrase,critical
Heard a crack in the wrist and it is swollen suddenly,69,male,0,,,,,,Fracture,paraphrase,high
"Pain in throat since morning, slight headache, no fever",64,female,0,98.7,80,99,138,,Sore throat,keyword,low
My son has stomach very severe since yesterday,25,female,0,98.3,84,99,141,,Severe abdominal pain,keyword,high
My grandmother has body ache for three days,56,female,0,101.2,70,97,131,,Mild fever,keyword,low
Having pain inside the ear and blocked feeling from evening,7,male,0,,,,,,Ear pain,paraphrase,low
"Stomach pain from evening, body pains",51,female,0,,,,,,Stomach pain (mild),keyword,low
Slightly warm body and tired,13,female,0,,,,,,Mild fever,paraphrase,low
Heavy vaginal bleeding with dizziness,16,male,0,,,,,,Severe bleeding,paraphrase,critical
Patient complains of allergy for one week,27,female,0,97.9,69,95,101,1,Skin allergy/rash,keyword,low
Pain inside the ear and blocked feeling since yesterday and mild cough,1,male,0,,,,,,Ear pain,paraphrase,low
Having red patches on the back suddenly,56,male,0,97.8,69,96,102,3,Skin allergy/rash,paraphrase,low
Having general weakness,9,female,0,98.1,86,99,137,,Unclassified complaint,unclassified,low
"Feeling feverish since evening for two days, poor sleep, no breathing difficulty",45,male,0,100.9,93,97,111,,Mild fever,paraphrase,low
Fell down and is not waking,58,female,0,97.8,86,82,113,,Unconscious / collapsed,paraphrase,critical
Having itchy for one week,41,female,0,97.8,94,97,109,,Skin allergy/rash,keyword,low
Severe headache suddenly,45,male,0,98.0,75,98,136,,Severe migraine/headache,keyword,medium
Upset stomach and gas,43,female,0,,,,,2,Stomach pain (mild),paraphrase,low
My daughter has throat infection since last night,54,male,0,98.2,90,96,121,,Sore throat,keyword,low
"Throat pain for three days, slight headache",60,male,0,,,,,2,Sore throat,keyword,low
Patient complains of migraine for one week,17,female,0,,,,,8,Severe migraine/headache,keyword,medium
"Profuse bleeding from evening, poor sleep",56,male,0,97.9,97,98,119,7,Severe bleeding,keyword,critical
Having vomited ten times since morning since last night,26,male,0,,,,,4,Persistent vomiting,paraphrase,medium
Having cough with yellow sputum and fever suddenly,18,female,0,100.5,80,96,119,3,Chest infection,paraphrase,medium
Having head is pounding and light hurts the eyes suddenly,56,female,0,98.3,92,95,108,,Severe migraine/headache,paraphrase,medium
Child pulling at the ear and crying,54,female,0,,,,,,Ear pain,paraphrase,low
Came with ear pain for three days,13,male,0,,,,,4,Ear pain,keyword,low
Road accident for three days and feeling tired,48,female,0,99.1,50,95,144,,Major trauma,keyword,critical
Came with vomited ten times since morning,72,male,0,,,,,,Persistent vomiting,paraphrase,medium
Patient complains of earache since an hour,1,female,0,98.0,94,96,129,,Ear pain,keyword,low
Back ache since morning and a little nausea,50,female,0,98.4,93,97,125,,Back pain,keyword,low
My son has jerking movements and foam from mouth suddenly,73,male,0,,,,,,Seizure,paraphrase,critical
Having spine pain from evening,24,female,0,98.0,95,99,114,5,Back pain,keyword,low
Came with burns on face and hands from a gas cylinder since morning,20,female,0,98.6,86,97,120,,Severe burns / electric shock,paraphrase,critical
Having dehydrated,58,male,0,,,,,,Persistent vomiting,keyword,medium
Patient complains of feeling feverish since evening for one week,22,male,0,99.6,66,97,141,,Mild fever,paraphrase,low
My wife has caught fire suddenly,55,male,0,,,,,8,Severe burns / electric shock,keyword,critical
Patient complains of mild wheeze after climbing stairs for two days,30,female,1,,,,,,Asthma attack (mild),paraphrase,medium
"Abdomen pain suddenly, feeling tired",46,female,0,,,,,2,Stomach pain (mild),keyword,low
Kaichal since last night,34,female,0,100.0,83,97,121,4,Mild fever,keyword,low
Having cough bringing up green mucus from evening,32,male,0,,,,,4,Chest infection,paraphrase,medium
Having chest infection since yesterday,34,female,0,97.9,76,97,103,6,Chest infection,keyword,medium
Check up from evening and poor sleep,20,male,0,98.5,103,97,115,,Routine check-up,keyword,low
"Asthma for two days, poor sleep",72,male,0,,,,,,Asthma attack (mild),keyword,medium
Having allergy for three days,44,female,0,,,,,5,Skin allergy/rash,keyword,low
"Having spine pain since yesterday, no fever",34,female,0,99.5,95,97,118,4,Back pain,keyword,low
Asthma for three days,23,male,0,97.2,80,97,111,,Asthma attack (mild),keyword,low
Need a fitness certificate from evening,53,female,0,,,,,,Routine check-up,paraphrase,low
"Low grade temperature and body pains since yesterday, body pains",23,female,0,99.5,89,98,126,,Mild fever,paraphrase,low
Patient complains of arm looks deformed after falling from the bike since yesterday,40,female,1,,,,,,Fracture,paraphrase,high
Worst head pain of my life suddenly,36,male,0,98.1,101,96,128,,Severe migraine/headache,paraphrase,medium
Having ear pain since yesterday,6,male,0,,,,,3,Ear pain,keyword,low
Stiff back since morning,51,female,0,,,,,,Back pain,paraphrase,low
Came with acid attack for three days,58,female,0,98.4,75,85,104,,Severe burns / electric shock,keyword,critical
Patient complains of burning in the stomach after spicy food since an hour,34,female,0,,,,,3,Stomach pain (mild),paraphrase,low
Burning with fever for one week,63,female,0,103.4,72,98,100,7,High fever (>102°F),keyword,high
My father has not feeling well since two days for one week,46,male,0,99.1,80,97,131,,Unclassified complaint,unclassified,low
Red patches on the back,9,female,0,98.5,86,96,121,,Skin allergy/rash,paraphrase,low
Pain inside the ear and blocked feeling,45,male,0,98.8,91,100,144,,Ear pain,paraphrase,low
Stiff back since morning for three days,61,male,0,,,,,3,Back pain,paraphrase,low
Patient complains of severe abdomen for three days,43,female,0,98.3,92,96,145,8,Severe abdominal pain,keyword,high
Having slightly warm body and tired for two days,27,female,0,,,,,,Mild fever,paraphrase,low
"Bone is bent after the fall since last night, poor sleep, no breathing difficulty",20,female,0,,,,,,Fracture,paraphrase,high
Difficulty swallowing from evening,4,male,0,,,,,,Sore throat,keyword,low
Having broken leg since last night,49,female,0,,,,,6,Fracture,keyword,high
Heard a crack in the wrist and it is swollen,68,female,0,,,,,,Fracture,paraphrase,high
Slurred speech for three days,37,female,0,,,,,,Stroke signs,keyword,critical
Came with nasal congestion,51,female,0,,,,,1,Cold & cough,keyword,low
Throat irritation and cold,3,female,0,100.0,101,98,130,,Cold & cough,paraphrase,low
Came with checkup from evening,60,female,0,98.5,95,98,142,,Routine check-up,keyword,low
Came with allergy suddenly,40,female,0,97.6,84,96,113,,Skin allergy/rash,keyword,low
Having inhaler since yesterday,59,male,0,99.0,111,95,116,,Asthma attack (mild),keyword,medium
"Feeling feverish since evening since an hour, body pains",57,male,0,99.9,81,98,128,,Mild fever,paraphrase,low
My daughter has cough since yesterday,66,male,0,98.9,93,100,122,,Cold & cough,keyword,low
Came with high temperature from evening,69,male,0,,,,,,High fever (>102°F),keyword,high
Severe tummy,63,female,0,98.3,87,96,129,5,Severe abdominal pain,keyword,high
My mother has cough bringing up green mucus since morning,23,female,0,100.0,77,98,84,,Chest infection,paraphrase,critical
Came with cough bringing up green mucus for one week,22,female,0,,,,,5,Chest infection,paraphrase,medium
Came with head injury suddenly,16,male,0,,,,,8,Major trauma,keyword,critical
"Head is pounding and light hurts the eyes suddenly, poor sleep",14,female,0,98.8,76,96,130,,Severe migraine/headache,paraphrase,medium
Having severe tummy since an hour,36,male,0,98.8,66,94,107,,Severe abdominal pain,keyword,high
Skin allergy,44,female,0,98.0,86,97,117,,Skin allergy/rash,keyword,low
"Came with stiff back since morning for two days, no fever",41,female,0,98.8,83,98,131,1,Back pain,paraphrase,low
Patient complains of scratchy throat and painful to swallow since an hour,19,male,0,,,,,,Sore throat,paraphrase,low
Came with pain inside the ear and blocked feeling from evening,79,male,0,,,,,,Ear pain,paraphrase,low
Came with red patches on the back since yesterday,40,male,0,97.7,74,97,146,,Skin allergy/rash,paraphrase,low
Patient complains of very bad stomach pain since yesterday,45,male,0,,,,,,Severe abdominal pain,keyword,high
Temperature 103 with chills,76,female,0,103.6,86,98,118,,High fever (>102°F),paraphrase,high
High fever,84,male,0,103.4,84,96,128,,High fever (>102°F),keyword,high
Chesty cough for a week since an hour,41,male,0,97.7,92,99,123,3,Chest infection,paraphrase,medium
Head is pounding and light hurts the eyes,66,male,0,99.0,70,99,141,3,Severe migraine/headache,paraphrase,medium
Intense abdominal since last night,57,male,0,99.2,70,98,114,,Severe abdominal pain,keyword,critical
Follow up visit for blood pressure,44,male,0,,,,,3,Routine check-up,paraphrase,low
My husband has bone is bent after the fall for one week,29,female,0,98.6,70,97,100,6,Fracture,paraphrase,high
Patient complains of ear pain since morning,19,female,0,98.5,90,95,150,,Ear pain,keyword,medium
"Severe stomach pain from evening, a little nausea",23,male,0,98.2,94,98,132,7,Severe abdominal pain,keyword,high
Chest tight and whistling sound when breathing for two days,23,female,0,98.5,101,98,121,,Asthma attack (mild),paraphrase,medium
Tongue swelling for two days and feeling tired,36,female,0,99.8,39,97,130,,Severe allergic reaction,keyword,critical
Patient complains of mild wheeze after climbing stairs since morning,8,female,0,,,,,5,Asthma attack (mild),paraphrase,medium
My neighbour has high fever since an hour,44,female,0,,,,,8,High fever (>102°F),keyword,high
Came with runny nose and sneezing since two days since last night,1,male,0,,,,,,Cold & cough,paraphrase,low
"Patient complains of severe abdomen suddenly, no vomiting",46,male,0,98.2,87,99,144,,Severe abdominal pain,keyword,high
"Broken ankle suddenly, body pains",40,male,0,98.3,106,96,126,8,Fracture,keyword,high
My wife has inhaler,87,male,0,98.2,97,97,96,,Asthma attack (mild),keyword,medium
Pain inside the ear and blocked feeling for three days and slight headache,9,female,0,,,,,,Ear pain,paraphrase,low
My wife has bone is bent after the fall since last night,28,male,0,,,,,,Fracture,paraphrase,high
Patient complains of inhaler from evening,77,male,0,,,,,,Asthma attack (mild),keyword,medium
Feeling tired and weak since yesterday and poor sleep,56,female,0,97.9,100,98,93,,Unclassified complaint,unclassified,low
High fever since morning,45,male,0,,,,,,High fever (>102°F),keyword,high
Patient complains of chesty cough for a week since yesterday,66,male,0,97.5,99,96,134,,Chest infection,paraphrase,medium
Having low grade temperature and body pains for two days,63,female,0,,,,,5,Mild fever,paraphrase,low
Blue lips for two days,62,female,0,99.0,82,97,109,,Breathing difficulty,keyword,critical
"Heard a crack in the wrist and it is swollen since yesterday, poor sleep, no chest pain",33,male,0,99.6,76,99,145,,Fracture,paraphrase,high
Patient complains of sleep problems for one week,87,male,0,97.6,79,97,128,,Unclassified complaint,unclassified,low
My daughter has rolling on the floor with belly pain since last night,69,male,0,98.3,101,98,136,7,Severe abdominal pain,paraphrase,high
Having broken arm since last night,80,female,0,97.4,90,98,111,,Fracture,keyword,high
Patient complains of unbearable pain in the lower right side of the tummy for two days,34,female,0,,,,,,Severe abdominal pain,paraphrase,high
Review visit for one week,70,female,0,98.4,91,88,135,2,Routine check-up,keyword,critical
Stiff back since morning suddenly and not eating well,69,female,0,,,,,,Back pain,paraphrase,low
Hot oil fell on the chest and arms from evening and a little nausea,26,female,0,,,,,7,Severe burns / electric shock,paraphrase,critical
"Burnt badly , body pains",31,male,0,98.1,39,97,105,9,Severe burns / electric shock,keyword,critical
Arm looks deformed after falling from the bike since an hour,58,male,0,,,,,,Fracture,paraphrase,high
Came with rolling on the floor with belly pain since morning,53,male,0,98.1,83,99,121,5,Severe abdominal pain,paraphrase,high
"Mild wheeze after climbing stairs for two days, poor sleep",64,female,0,97.5,74,97,130,,Asthma attack (mild),paraphrase,medium
Chest congestion,18,female,0,,,,,,Chest infection,keyword,medium
"Broken ankle for three days, mild cough, no chest pain",6,male,0,99.0,89,82,139,,Fracture,keyword,critical
My husband has breathing very fast and wheezing badly lips look dark since last night,14,female,0,,,,,,Breathing difficulty,paraphrase,critical
Can't stop vomiting since morning and feeling tired,40,male,0,99.1,87,98,127,8,Persistent vomiting,keyword,medium
"Rat poison since last night, feeling tired",23,female,0,97.9,95,98,115,,Poisoning / bite / overdose,keyword,critical
Patient complains of difficulty swallowing for one week,34,male,0,98.7,108,98,137,4,Sore throat,keyword,low
General weakness,44,male,0,97.7,95,97,132,3,Unclassified complaint,unclassified,low
Patient complains of pulsating headache with nausea since morning since yesterday,55,male,0,98.8,75,97,121,,Severe migraine/headache,paraphrase,medium
"My husband has pneumonia since yesterday, not unconscious",90,male,0,,,,,8,Chest infection,keyword,medium
Came with rolling on the floor with belly pain,30,female,0,99.1,89,96,129,,Severe abdominal pain,paraphrase,high
Having eczema since an hour,64,female,0,,,,,1,Skin allergy/rash,keyword,low
Having sleep problems since morning,17,female,0,100.1,103,98,151,3,Unclassified complaint,unclassified,low
"Chest tight and whistling sound when breathing for one week, poor sleep",24,female,0,99.5,87,96,127,,Asthma attack (mild),paraphrase,medium
My father has burning with fever for three days,58,male,0,,,,,9,High fever (>102°F),keyword,high
"Upset stomach and gas for one week, poor sleep, no bleeding",47,male,0,98.8,74,99,102,1,Stomach pain (mild),paraphrase,low
Patient complains of backache since morning,37,male,0,98.7,83,98,110,,Back pain,keyword,low
Pain in ear,14,female,0,,,,,,Ear pain,keyword,low
Patient complains of slightly warm body and tired for three days,23,male,0,101.4,82,98,118,,Mild fever,paraphrase,low
Throat irritation and cold from evening and slight headache,55,male,0,,,,,4,Cold & cough,paraphrase,low
My grandmother has severe stomach pain for one week,52,female,0,,,,,,Severe abdominal pain,keyword,high
"Came with burning hot body and shivering since two days since an hour, no breathing difficulty",39,male,0,102.6,79,96,125,,High fever (>102°F),paraphrase,high
"Ear infection , slight headache",51,female,0,97.6,80,96,138,5,Ear pain,keyword,low
Throbbing pain on one side of the head with vomiting,48,female,0,98.4,79,97,135,,Severe migraine/headache,paraphrase,medium
Cold and feeling tired,35,female,0,99.9,86,96,120,,Cold & cough,keyword,low
Stomachache,37,female,0,97.6,95,96,100,,Stomach pain (mild),keyword,low
Loose stools since morning suddenly and feeling tired,40,female,0,,,,,,Stomach pain (mild),paraphrase,low
Patient complains of migraine for one week,52,male,0,98.9,88,98,119,,Severe migraine/headache,keyword,medium
Cannot keep even water down for one week and body pains,55,male,0,99.1,70,96,119,,Persistent vomiting,paraphrase,medium
Sugar check for one week and not eating well,44,male,0,,,,,,Routine check-up,keyword,low
Red patches on the back suddenly,57,female,0,,,,,,Skin allergy/rash,paraphrase,low
"Throbbing pain on one side of the head with vomiting since last night, poor sleep",65,female,0,,,,,,Severe migraine/headache,paraphrase,medium
"Mouth drooping and mild cough, no fever",18,female,0,98.7,32,95,109,,Stroke signs,keyword,critical
High temperature suddenly and body pains,7,male,0,104.0,81,98,121,,High fever (>102°F),keyword,high
"Dizziness on standing, no chest pain",47,female,0,98.3,98,98,115,,Unclassified complaint,unclassified,low
My neighbour has worst head pain of my life since morning,37,male,0,,,,,8,Severe migraine/headache,paraphrase,medium
Having high fever since yesterday,34,male,0,103.2,89,96,135,6,High fever (>102°F),keyword,high
Patient complains of came for regular sugar test since yesterday,84,female,0,,,,,,Routine check-up,paraphrase,low
"Very hot to touch and rigors at night from evening, not eating well",33,female,0,104.1,35,99,122,,High fever (>102°F),paraphrase,critical
Came with bone is bent after the fall since yesterday,59,female,0,100.4,81,97,118,,Fracture,paraphrase,high
Having very hot to touch and rigors at night from evening,20,male,0,103.6,89,98,119,,High fever (>102°F),paraphrase,high
Having body ache since an hour,36,female,1,100.3,66,97,148,,Mild fever,keyword,low
Having runny nose and sneezing since two days since yesterday,57,male,0,98.5,97,99,105,,Cold & cough,paraphrase,low
"Burning with fever , body pains",69,female,0,,,,,,High fever (>102°F),keyword,high
"Feverish for one week, slight headache",1,female,0,,,,,,Mild fever,keyword,low
Came for regular sugar test suddenly,44,male,0,98.7,74,96,152,3,Routine check-up,paraphrase,low
Bone is bent after the fall suddenly,41,female,0,,,,,5,Fracture,paraphrase,high
Patient complains of throwing up everything I eat since yesterday for three days,22,female,0,98.4,69,97,110,,Persistent vomiting,paraphrase,medium
Vomited ten times since morning,88,female,0,97.7,79,89,108,,Persistent vomiting,paraphrase,critical
My mother has ear infection from evening,8,male,0,98.5,86,99,125,5,Ear pain,keyword,low
Having child pulling at the ear and crying for three days,12,male,0,99.4,90,96,127,2,Ear pain,paraphrase,low
"Chesty cough for a week for two days, slight headache",66,male,0,98.1,82,99,123,,Chest infection,paraphrase,medium
Came with runny nose and sneezing since two days,68,female,0,97.1,73,97,131,2,Cold & cough,paraphrase,low
"Cough bringing up green mucus , feeling tired",36,female,0,98.4,92,96,122,6,Chest infection,paraphrase,medium
My father has pain in the leg muscles since morning,58,female,0,,,,,,Unclassified complaint,unclassified,low
Eczema from evening and slight headache,29,male,0,,,,,5,Skin allergy/rash,keyword,low
Patient complains of tonsillitis for two days,46,female,0,98.4,83,95,127,2,Sore throat,keyword,low
Very hot to touch and rigors at night from evening,28,female,0,102.5,82,97,127,5,High fever (>102°F),paraphrase,high
"Persistent vomiting, no fever",37,female,0,98.4,68,96,135,,Persistent vomiting,keyword,medium
Came with back is aching while bending since yesterday,33,male,0,99.3,72,96,137,,Back pain,paraphrase,low
Worst head pain of my life for two days and body pains,40,female,0,99.1,87,96,118,,Severe migraine/headache,paraphrase,medium
Repeated vomiting for three days and poor sleep,14,female,0,98.5,95,98,194,,Persistent vomiting,keyword,high
My wife has stabbing suddenly,29,female,0,99.4,89,99,123,9,Major trauma,keyword,critical
"Continuous vomiting and very thirsty suddenly, mild cough",58,male,0,,,,,3,Persistent vomiting,paraphrase,medium
"Skin is itching after using a new soap since yesterday, body pains",45,male,0,,,,,,Skin allergy/rash,paraphrase,low
Migraine,73,male,0,99.2,68,96,123,6,Severe migraine/headache,keyword,medium
"Cannot put weight on the ankle after twisting it since an hour, not unconscious",19,male,0,,,,,7,Fracture,paraphrase,high
Came with ear ache since an hour,58,female,0,98.0,47,96,116,,Ear pain,keyword,low
Came with worst headache for two days,43,female,0,,,,,,Severe migraine/headache,keyword,medium
Patient complains of breathless since an hour,31,female,0,,,,,9,Breathing difficulty,keyword,critical
"Bitten by a cobra in the field, not unconscious",40,female,0,98.0,84,96,76,,Poisoning / bite / overdose,paraphrase,critical
Burns on face and hands from a gas cylinder since last night,46,female,0,98.2,69,97,131,,Severe burns / electric shock,paraphrase,critical
"Red spots on the arms that itch since morning and poor sleep, not unconscious",19,female,0,98.3,98,98,128,,Skin allergy/rash,paraphrase,low
Patient complains of severe head pain since yesterday,54,female,0,97.9,32,97,118,,Severe migraine/headache,keyword,critical
Cough with sputum since last night,26,female,0,98.9,81,98,134,,Chest infection,keyword,medium
Having follow up visit for blood pressure suddenly,25,male,0,98.5,91,98,134,,Routine check-up,paraphrase,low
Chest tightness since an hour,33,female,0,98.7,115,100,132,,Chest pain / suspected heart attack,keyword,critical
Having severe abdominal suddenly,14,male,0,98.0,73,96,114,7,Severe abdominal pain,keyword,high
Having severe headache for one week,28,male,0,,,,,,Severe migraine/headache,keyword,medium
Having fell down and is not waking for two days,82,female,0,98.5,91,96,121,,Unconscious / collapsed,paraphrase,critical
Patient complains of cannot put weight on the ankle after twisting it suddenly,52,female,0,98.5,94,99,129,6,Fracture,paraphrase,high
Having ate some unknown seeds and is drowsy,39,male,0,,,,,10,Poisoning / bite / overdose,paraphrase,critical
Having vomiting many times for three days,27,male,0,98.0,85,97,116,,Persistent vomiting,keyword,medium
Bike crash on the highway,47,female,0,98.9,87,97,120,,Major trauma,paraphrase,critical
Pain in the leg muscles since yesterday and not eating well,51,female,0,98.9,105,97,122,,Unclassified complaint,unclassified,low
"My wife has deep cut on the leg bleeding non stop since yesterday, no fever",58,female,0,98.6,35,95,106,,Severe bleeding,paraphrase,critical
Patient complains of routine since morning,6,male,0,98.4,89,96,128,,Routine check-up,keyword,low
"Can't move one side , feeling tired",44,male,0,,,,,,Stroke signs,keyword,critical
Feeling feverish since evening for three days and feeling tired,46,male,0,100.4,107,97,131,2,Mild fever,paraphrase,low
Having broken wrist since yesterday,23,male,0,,,,,,Fracture,keyword,high
Cannot keep even water down since morning,28,male,0,97.9,84,98,126,,Persistent vomiting,paraphrase,medium
Worst head pain of my life,21,female,0,99.0,79,98,101,,Severe migraine/headache,paraphrase,medium
"Rolling on the floor with belly pain suddenly, mild cough",24,male,0,99.2,71,97,80,5,Severe abdominal pain,paraphrase,critical
Patient complains of asthma from evening,38,female,0,,,,,,Asthma attack (mild),keyword,medium
"Mild ache in the tummy after food for three days, slight headache",21,female,0,97.9,81,98,108,,Stomach pain (mild),paraphrase,low
"Loose stools since morning since an hour and mild cough, not unconscious",46,male,0,,,,,,Stomach pain (mild),paraphrase,low
Having fever touching 104 since yesterday from evening,31,male,0,103.1,90,99,113,,High fever (>102°F),paraphrase,high
Vomiting many times from evening,27,female,0,,,,,6,Persistent vomiting,keyword,medium
Cough bringing up green mucus for three days,57,female,0,,,,,,Chest infection,paraphrase,medium
Unbearable pain in the lower right side of the tummy,26,male,0,97.8,69,96,72,10,Severe abdominal pain,paraphrase,critical
Came with stomach paining a lot suddenly,28,male,0,98.5,88,97,144,,Severe abdominal pain,keyword,high
My mother has cough bringing up green mucus since yesterday,40,female,0,98.4,81,97,150,,Chest infection,paraphrase,high
Throwing up everything I eat since yesterday from evening and mild cough,22,male,0,,,,,7,Persistent vomiting,paraphrase,medium
"My father has face swelling allergy for one week, not unconscious",47,female,0,99.1,92,97,110,7,Severe allergic reaction,keyword,critical
Inhaler since an hour,77,male,0,98.4,88,97,128,3,Asthma attack (mild),keyword,medium
Worst head pain of my life,53,male,0,98.8,93,96,155,,Severe migraine/headache,paraphrase,medium
Came with red patches on the back suddenly,27,female,0,,,,,,Skin allergy/rash,paraphrase,low
"Came with sore throat since last night, no chest pain",46,female,0,,,,,,Sore throat,keyword,low
Chest infection and a little nausea,46,male,0,99.4,135,97,134,,Chest infection,keyword,critical
Runny nose since last night and poor sleep,52,female,0,98.2,82,98,119,4,Cold & cough,keyword,low
Tummy pain since morning and feeling tired,73,female,0,99.3,99,95,121,,Stomach pain (mild),keyword,low
Fever touching 104 since yesterday since morning and slight headache,27,female,1,,,,,8,High fever (>102°F),paraphrase,high
"Patient complains of used the puffer twice, still a bit tight for one week",74,male,0,,,,,,Asthma attack (mild),paraphrase,medium
Having low grade temperature and body pains for two days,37,female,0,,,,,,Mild fever,paraphrase,low
Anaphylactic for three days,29,female,0,99.2,36,97,146,,Severe allergic reaction,keyword,critical
Loose stools since morning for two days and not eating well,10,male,0,,,,,,Stomach pain (mild),paraphrase,low
Having feeling feverish since evening since an hour,58,male,0,99.6,86,98,111,,Mild fever,paraphrase,low
Body ache for one week,4,female,0,100.5,70,95,131,,Mild fever,keyword,low
My son has ear is aching,2,male,0,97.9,89,97,124,,Ear pain,paraphrase,low
Patient complains of fever shivering since an hour,42,female,0,102.5,76,97,116,,High fever (>102°F),keyword,high
Came with vomiting diarrhea from evening,36,female,0,98.5,85,97,112,,Persistent vomiting,keyword,medium
"Used the puffer twice, still a bit tight since an hour, poor sleep",14,male,0,98.5,75,95,114,,Asthma attack (mild),paraphrase,medium
Cough with yellow sputum and fever since morning and slight headache,42,female,0,98.3,75,98,110,,Chest infection,paraphrase,medium
Body ache,55,female,0,100.4,71,97,119,,Mild fever,keyword,low
"Bp check suddenly, slight headache",40,female,0,98.8,74,96,129,,Routine check-up,keyword,low
Having stomach unbearable suddenly,58,male,0,99.1,86,97,121,,Severe abdominal pain,keyword,high
Having runny nose and sneezing since two days,37,male,0,,,,,1,Cold & cough,paraphrase,low
High temperature,22,male,0,102.3,82,98,137,7,High fever (>102°F),keyword,high
Came with scratchy throat and painful to swallow,65,male,0,98.9,83,97,117,5,Sore throat,paraphrase,low
Pain while swallowing food,21,female,0,99.8,108,97,123,1,Sore throat,paraphrase,low
Patient complains of severe headache since yesterday,39,female,0,97.5,88,96,107,,Severe migraine/headache,keyword,medium
Severe tummy for two days,28,male,0,99.2,72,97,137,,Severe abdominal pain,keyword,high
Mild wheeze after climbing stairs for three days,23,female,0,,,,,,Asthma attack (mild),paraphrase,medium
Worst headache,38,male,0,,,,,,Severe migraine/headache,keyword,medium
Came with throbbing pain on one side of the head with vomiting since yesterday,80,male,0,97.4,93,97,122,,Severe migraine/headache,paraphrase,medium
Red spots on the arms that itch and body pains,57,female,0,,,,,1,Skin allergy/rash,paraphrase,low
Not breathing,1,male,0,98.2,90,96,126,10,Unconscious / collapsed,keyword,critical
Having vomited ten times since morning for one week,40,male,0,98.3,62,96,90,,Persistent vomiting,paraphrase,medium
Came with fever touching 104 since yesterday,44,male,0,,,,,,High fever (>102°F),paraphrase,high
My daughter has nasal congestion since an hour,34,male,0,98.9,83,97,115,,Cold & cough,keyword,low
Difficulty swallowing since last night,40,female,0,98.3,80,97,140,3,Sore throat,keyword,low
Unbearable abdominal from evening and body pains,37,male,0,,,,,,Severe abdominal pain,keyword,high
"Pulsating headache with nausea since morning since yesterday, not eating well",49,male,0,98.5,86,95,126,6,Severe migraine/headache,paraphrase,medium
Temperature 103 with chills,41,male,0,,,,,,High fever (>102°F),paraphrase,high
Patient complains of skin is itching after using a new soap since yesterday,54,male,0,99.3,117,96,112,,Skin allergy/rash,paraphrase,medium
Having heard a crack in the wrist and it is swollen from evening,14,male,0,,,,,9,Fracture,paraphrase,high
My daughter has pneumonia since an hour,65,female,0,98.2,72,98,107,,Chest infection,keyword,medium
My daughter has severe stomach pain,36,male,0,,,,,,Severe abdominal pain,keyword,high
Patient complains of red spots on the arms that itch since yesterday,38,female,0,99.3,91,95,152,2,Skin allergy/rash,paraphrase,low
Stomach paining a lot for three days,67,male,0,,,,,,Severe abdominal pain,keyword,high
Sneezing,52,female,0,98.4,89,98,123,,Cold & cough,keyword,low
Came with rolling on the floor with belly pain since an hour,55,male,0,98.3,93,99,148,,Severe abdominal pain,paraphrase,high
Patient complains of cough for one week,56,male,0,,,,,,Cold & cough,keyword,low
Lips and eyes swelled up after eating prawns since an hour and body pains,25,male,0,99.4,91,98,80,,Severe allergic reaction,paraphrase,critical
"Patient complains of cannot move my leg for three days, no bleeding",31,male,0,99.3,104,96,139,,Fracture,keyword,high
Severe stomach pain,45,male,0,,,,,8,Severe abdominal pain,keyword,high
Having mild ache in the tummy after food,23,female,0,,,,,,Stomach pain (mild),paraphrase,low
Head is pounding and light hurts the eyes from evening and body pains,38,female,0,98.9,80,98,119,5,Severe migraine/headache,paraphrase,medium
High fever,32,male,0,102.3,107,78,117,10,High fever (>102°F),keyword,critical
Unbearable pain in the lower right side of the tummy,1,male,0,,,,,6,Severe abdominal pain,paraphrase,high
Ear pain,60,male,0,99.1,75,97,123,,Ear pain,keyword,low
Having burning hot body and shivering since two days,21,male,0,103.4,99,98,125,8,High fever (>102°F),paraphrase,high
"My grandmother has ear is aching since an hour, no fever",56,male,0,99.7,87,98,120,,Ear pain,paraphrase,low
Cannot put weight on the ankle after twisting it since morning,51,male,0,,,,,,Fracture,paraphrase,high
"Bad headache from evening, poor sleep",44,female,0,,,,,,Severe migraine/headache,keyword,medium
"Came with follow-up , no bleeding",39,female,0,99.6,81,97,146,,Routine check-up,keyword,low
Spine pain,52,male,0,98.0,71,95,125,,Back pain,keyword,low
Burning in the stomach after spicy food for one week and poor sleep,65,male,0,98.2,108,97,118,,Stomach pain (mild),paraphrase,low
Ear is aching,10,female,0,,,,,1,Ear pain,paraphrase,medium
Blocked nose and mild cough suddenly,1,male,0,98.4,99,96,146,1,Cold & cough,paraphrase,low
Came with back is aching while bending since last night,56,female,0,98.7,88,96,119,,Back pain,paraphrase,low
Patient complains of follow-up since yesterday,25,male,0,98.9,92,100,155,,Routine check-up,keyword,low
Skin is itching after using a new soap,54,male,0,,,,,,Skin allergy/rash,paraphrase,low
Patient complains of inhaler since yesterday,37,female,0,98.6,70,96,146,,Asthma attack (mild),keyword,medium
My son has head is pounding and light hurts the eyes for three days,61,female,0,98.4,91,97,128,6,Severe migraine/headache,paraphrase,medium
Came with temperature from evening,42,female,0,,,,,,Mild fever,keyword,low
My daughter has child drank kerosene by mistake,14,female,0,98.4,92,98,123,,Poisoning / bite / overdose,paraphrase,critical
Patient complains of cold,27,male,0,99.2,94,96,123,,Cold & cough,keyword,low
Patient complains of follow up visit for blood pressure since an hour,51,female,0,97.5,78,96,141,,Routine check-up,paraphrase,low
"Burning hot body and shivering since two days since last night, mild cough",7,female,0,102.3,72,97,132,5,High fever (>102°F),paraphrase,high
"Checkup suddenly, a little nausea",44,male,0,98.6,82,98,91,2,Routine check-up,keyword,low
Having throwing up everything I eat since yesterday for three days,45,female,0,99.0,74,97,123,,Persistent vomiting,paraphrase,medium
My neighbour has stomach pain,42,female,0,99.0,108,99,125,,Stomach pain (mild),keyword,low
"My grandmother has phlegm since yesterday, no fever",14,female,0,98.8,69,97,94,,Chest infection,keyword,medium
My mother has pulsating headache with nausea since morning for two days,50,male,0,99.0,85,96,129,3,Severe migraine/headache,paraphrase,medium
My grandmother has severe abdominal pain suddenly,46,female,0,,,,,,Severe abdominal pain,keyword,high
Patient complains of pain inside the ear and blocked feeling since morning,3,female,0,,,,,4,Ear pain,paraphrase,low
My neighbour has mild ache in the tummy after food,51,female,0,98.2,70,96,131,,Stomach pain (mild),paraphrase,low
My neighbour has chesty cough for a week suddenly,60,female,0,,,,,,Chest infection,paraphrase,medium
"Very high fever since yesterday, poor sleep",43,male,0,,,,,,High fever (>102°F),keyword,high
"Having loss of appetite since morning, no breathing difficulty",19,male,0,,,,,2,Unclassified complaint,unclassified,low
"Throat irritation and cold since yesterday, mild cough",28,female,0,99.1,86,98,125,,Cold & cough,paraphrase,low
Continuous vomiting and very thirsty,57,male,0,98.6,81,96,137,6,Persistent vomiting,paraphrase,medium
Having fever touching 104 since yesterday from evening,21,male,0,,,,,,High fever (>102°F),paraphrase,high
Patient complains of feeling feverish since evening since yesterday,37,male,0,101.0,96,95,117,3,Mild fever,paraphrase,low
Paralyzed suddenly and a little nausea,48,male,0,,,,,,Stroke signs,keyword,critical
Acidity for two days,80,male,0,,,,,1,Stomach pain (mild),keyword,low
Heard a crack in the wrist and it is swollen since an hour and body pains,42,female,0,,,,,,Fracture,paraphrase,high
Patient complains of weakness on one side since an hour,48,male,0,98.5,70,97,130,,Stroke signs,keyword,critical
Patient complains of fell off a ladder from the second floor from evening,48,female,0,99.3,85,97,116,,Major trauma,paraphrase,critical
"Came with severe stomach pain for two days, no bleeding",66,male,0,98.6,97,93,130,8,Severe abdominal pain,keyword,high
Came with pain inside the ear and blocked feeling for two days,36,male,0,97.9,90,98,145,3,Ear pain,paraphrase,low
Heard a crack in the wrist and it is swollen since an hour and poor sleep,51,female,0,99.9,86,99,119,,Fracture,paraphrase,high
Came with struggling for breath since an hour since last night,51,female,0,97.8,48,98,133,,Breathing difficulty,paraphrase,critical
Patient complains of worst head pain of my life for three days,79,male,0,98.5,82,98,130,,Severe migraine/headache,paraphrase,medium
Sleep problems for three days,46,female,0,,,,,2,Unclassified complaint,unclassified,low
Stiff back since morning since last night and poor sleep,67,female,0,98.3,77,97,109,3,Back pain,paraphrase,low
"Cannot put weight on the ankle after twisting it for two days, a little nausea",57,male,0,97.7,91,96,125,,Fracture,paraphrase,high
"Severe headache for three days, slight headache",43,male,0,,,,,,Severe migraine/headache,keyword,medium
Came with not feeling well since two days,41,male,0,99.6,102,95,110,5,Unclassified complaint,unclassified,low
Tonsillitis for three days,62,male,0,97.4,86,96,148,,Sore throat,keyword,low
"Cough with yellow sputum and fever for three days, slight headache",41,male,0,97.9,93,98,111,,Chest infection,paraphrase,medium
Having low grade temperature and body pains since an hour,48,male,0,,,,,,Mild fever,paraphrase,low
Blocked nose and mild cough since an hour,34,male,0,99.1,97,97,130,,Cold & cough,paraphrase,low
My grandmother has fracture from evening,26,female,0,98.4,94,97,114,,Fracture,keyword,high
My chest feels heavy and I am sweating from evening and a little nausea,60,male,0,98.2,80,96,143,,Chest pain / suspected heart attack,paraphrase,critical
My wife has ear is aching for one week,9,female,0,,,,,,Ear pain,paraphrase,low
Having cough with yellow sputum and fever for two days,51,female,0,98.1,74,97,127,6,Chest infection,paraphrase,medium
My father has severe asthma suddenly,29,male,0,98.7,82,95,118,,Breathing difficulty,keyword,critical
Patient complains of cannot move my arm since last night,22,male,0,,,,,,Fracture,keyword,high
Bone is bent after the fall and not eating well,20,male,0,99.3,76,97,118,,Fracture,paraphrase,high
My neighbour has chesty cough for a week since morning,80,male,0,100.4,78,97,125,5,Chest infection,paraphrase,medium
Patient complains of phlegm since yesterday,37,male,0,99.6,68,95,140,3,Chest infection,keyword,medium
"Feeling feverish since evening suddenly, poor sleep",82,male,0,,,,,,Mild fever,paraphrase,low
Red patches on the back since yesterday,61,male,0,97.6,81,97,127,,Skin allergy/rash,paraphrase,low
Patient complains of red spots on the arms that itch since last night,46,male,0,98.7,69,97,158,,Skin allergy/rash,paraphrase,low
Having cannot put weight on the ankle after twisting it from evening,39,female,0,,,,,,Fracture,paraphrase,high
Came with vomited ten times since morning,79,female,0,,,,,6,Persistent vomiting,paraphrase,medium
Patient complains of scratchy throat and painful to swallow,87,male,0,98.8,82,97,126,,Sore throat,paraphrase,low
Pain in the lower spine after lifting since an hour,20,male,0,,,,,3,Back pain,paraphrase,low
Fever for one week,55,male,0,99.9,81,97,122,,Mild fever,keyword,low
Runny nose since yesterday and feeling tired,4,female,0,99.4,90,96,134,,Cold & cough,keyword,low
My neighbour has bitten by a snake,49,female,0,98.8,50,96,121,,Poisoning / bite / overdose,keyword,critical
Review visit for two days and not eating well,40,male,0,,,,,3,Routine check-up,keyword,low
My grandmother has hit by a lorry for one week,8,female,0,99.4,78,97,79,9,Major trauma,paraphrase,critical
Arm looks deformed after falling from the bike suddenly,43,male,0,98.6,63,99,122,5,Fracture,paraphrase,high
Burning in the stomach after spicy food suddenly,50,male,0,,,,,4,Stomach pain (mild),paraphrase,low
Patient complains of cough bringing up green mucus for two days,40,male,0,,,,,,Chest infection,paraphrase,medium
Having unresponsive,36,male,0,,,,,,Unconscious / collapsed,keyword,critical
Having pesticide since morning,46,female,0,99.7,89,94,123,,Poisoning / bite / overdose,keyword,critical
Patient complains of back pain for three days,41,female,0,97.2,72,87,125,,Back pain,keyword,critical
Routine,77,male,0,,,,,3,Routine check-up,keyword,low
Came with inhaler,60,male,0,,,,,,Asthma attack (mild),keyword,medium
Check up,36,female,0,98.3,82,97,129,,Routine check-up,keyword,low
Difficulty swallowing from evening and body pains,28,male,0,98.9,89,97,120,,Sore throat,keyword,low
Skin is itching after using a new soap for one week,37,male,0,99.7,93,99,99,,Skin allergy/rash,paraphrase,low
Pneumonia,47,female,0,98.7,122,99,112,,Chest infection,keyword,medium
"Having low grade temperature and body pains since morning, no chest pain",52,female,0,,,,,,Mild fever,paraphrase,low
Patient complains of red spots on the arms that itch for three days,49,female,0,,,,,,Skin allergy/rash,paraphrase,low
"Follow up visit for blood pressure from evening, slight headache",29,male,0,,,,,,Routine check-up,paraphrase,low
Came with back pain since last night,41,female,0,98.0,114,98,137,,Back pain,keyword,medium
Patient complains of worst headache since an hour,6,male,0,98.4,77,96,149,,Severe migraine/headache,keyword,medium
Having follow up visit for blood pressure since yesterday,64,female,0,97.6,86,97,108,3,Routine check-up,paraphrase,low
My wife has mild wheeze after climbing stairs for two days,58,male,0,,,,,3,Asthma attack (mild),paraphrase,medium
Body ache,40,male,0,99.9,60,94,114,,Mild fever,keyword,low
Vomiting since,32,female,0,100.4,125,97,130,8,Persistent vomiting,keyword,medium
"Came with arm looks deformed after falling from the bike since morning, no bleeding",42,female,0,97.9,86,98,111,5,Fracture,paraphrase,high
"Child pulling at the ear and crying, not unconscious",42,male,0,97.3,84,99,100,4,Ear pain,paraphrase,low
Mild wheeze after climbing stairs,26,male,0,,,,,,Asthma attack (mild),paraphrase,medium
Patient complains of burning hot body and shivering since two days for one week,9,female,0,,,,,,High fever (>102°F),paraphrase,high
Vomiting since from evening,49,male,0,98.7,69,96,134,,Persistent vomiting,keyword,medium
Lower back and a little nausea,18,female,0,99.0,87,98,126,,Back pain,keyword,low
"Patient complains of used the puffer twice, still a bit tight",50,male,0,99.5,103,97,151,,Asthma attack (mild),paraphrase,medium
Runny nose and sneezing since two days,56,female,0,98.1,102,98,146,1,Cold & cough,paraphrase,low
"Broken bone suddenly and body pains, no vomiting",41,male,0,,,,,,Fracture,keyword,high
Pain in the lower spine after lifting from evening and slight headache,68,male,0,,,,,,Back pain,paraphrase,low
Having very high fever since morning,88,female,0,102.8,67,80,112,,High fever (>102°F),keyword,critical
Runny nose and sneezing since two days,11,female,0,,,,,,Cold & cough,paraphrase,low
Having excruciating pain in the abdomen since night for one week,15,male,0,,,,,,Severe abdominal pain,paraphrase,high
Patient complains of excruciating pain in the abdomen since night since last night,46,male,0,,,,,7,Severe abdominal pain,paraphrase,high
Patient complains of itching for two days,28,male,0,99.8,82,95,159,4,Skin allergy/rash,keyword,low
Having vomiting diarrhoea since yesterday,1,female,0,99.0,93,97,121,,Persistent vomiting,keyword,medium
"Bad headache since morning, feeling tired",11,female,0,,,,,,Severe migraine/headache,keyword,medium
Patient complains of cough with yellow sputum and fever since last night,55,female,0,99.2,95,95,132,,Chest infection,paraphrase,low
Having throat irritation and cold since an hour,33,male,0,,,,,3,Cold & cough,paraphrase,low
Came with very hot to touch and rigors at night suddenly,58,male,0,,,,,,High fever (>102°F),paraphrase,high
"Unconscious from evening and mild cough, no chest pain",33,female,0,98.4,89,96,87,,Unconscious / collapsed,keyword,critical
My father has feeling feverish since evening for three days,64,male,0,100.4,89,98,133,,Mild fever,paraphrase,low
"My mother has hemorrhage for three days, no fever",57,male,0,,,,,,Severe bleeding,keyword,critical
Patient complains of throwing up everything I eat since yesterday suddenly,16,female,0,98.4,94,96,140,4,Persistent vomiting,paraphrase,medium
"Air hunger, cannot talk in full sentences for one week",35,male,0,98.6,77,98,125,,Breathing difficulty,paraphrase,critical
Came with cold since morning,45,female,0,99.2,67,94,141,,Cold & cough,keyword,low
Patient complains of allergy since last night,58,female,0,97.9,84,99,125,2,Skin allergy/rash,keyword,low
Having child drank kerosene by mistake suddenly,31,female,0,100.2,43,97,119,,Poisoning / bite / overdose,paraphrase,critical
My father has mild wheeze after climbing stairs since last night,25,male,0,97.8,72,97,125,,Asthma attack (mild),paraphrase,medium
Burning hot body and shivering since two days,18,male,0,,,,,,High fever (>102°F),paraphrase,high
Having chest tight and whistling sound when breathing since yesterday,33,female,0,,,,,5,Asthma attack (mild),paraphrase,medium
Came with fever touching 104 since yesterday since yesterday,50,male,0,,,,,,High fever (>102°F),paraphrase,high
Came with loose motion suddenly,7,female,0,99.1,88,97,152,,Stomach pain (mild),keyword,low
Came with child pulling at the ear and crying from evening,64,female,0,,,,,,Ear pain,paraphrase,low
"My grandmother has eczema since an hour, no breathing difficulty",49,male,0,97.7,84,97,119,1,Skin allergy/rash,keyword,low
Having migraine since last night,82,female,0,,,,,,Severe migraine/headache,keyword,medium
Came with stiff back since morning since an hour,14,male,0,,,,,,Back pain,paraphrase,low
Having temperature 103 with chills since an hour,44,female,0,103.9,80,98,115,,High fever (>102°F),paraphrase,high
Came with throat infection since an hour,56,male,0,99.2,74,96,144,,Sore throat,keyword,low
Mild ache in the tummy after food since last night,24,male,0,98.2,74,97,135,,Stomach pain (mild),paraphrase,low
Having vomited ten times since morning since an hour,49,male,0,,,,,5,Persistent vomiting,paraphrase,medium
"Feeling feverish since evening for two days, poor sleep",36,female,0,99.6,67,97,119,,Mild fever,paraphrase,low
Persistent vomiting from evening and poor sleep,72,female,0,,,,,,Persistent vomiting,keyword,high
Severe headache,38,male,0,98.5,81,95,116,,Severe migraine/headache,keyword,medium
Whole body was shaking and jerking since last night and not eating well,55,female,0,100.1,50,96,120,,Seizure,paraphrase,critical
Having spine pain since morning,36,male,0,97.7,76,97,131,,Back pain,keyword,low
Hot oil fell on the chest and arms and feeling tired,16,male,0,99.8,88,95,122,8,Severe burns / electric shock,paraphrase,critical
Unbearable pain in the lower right side of the tummy from evening and slight headache,61,female,0,97.6,79,97,100,,Severe abdominal pain,paraphrase,high
Stomach very severe and a little nausea,50,male,0,98.6,86,97,137,9,Severe abdominal pain,keyword,high
Came with pain in the lower spine after lifting since an hour,31,female,0,99.0,76,94,129,,Back pain,paraphrase,low
My son has throwing up everything I eat since yesterday from evening,32,female,0,98.0,85,98,126,,Persistent vomiting,paraphrase,medium
My wife has can't catch breath while sitting since an hour,29,male,0,97.8,74,97,128,,Breathing difficulty,paraphrase,critical
Throbbing pain on one side of the head with vomiting,25,female,0,,,,,,Severe migraine/headache,paraphrase,low
Patient complains of check up from evening,37,male,0,,,,,,Routine check-up,keyword,low
My mother has paralysis suddenly,52,male,0,98.7,97,96,121,6,Stroke signs,keyword,critical
My wife has chest tight and whistling sound when breathing,39,female,0,,,,,8,Asthma attack (mild),paraphrase,medium
Came with vomited ten times since morning since morning,49,male,0,,,,,7,Persistent vomiting,paraphrase,medium
Follow-up since an hour,46,female,0,,,,,,Routine check-up,keyword,low
Check-up since morning and poor sleep,39,female,0,99.8,88,97,146,,Routine check-up,keyword,low
Patient complains of pain in the lower spine after lifting since an hour,83,female,0,,,,,,Back pain,paraphrase,low
Cannot keep even water down suddenly and slight headache,67,female,0,99.0,87,96,138,8,Persistent vomiting,paraphrase,medium
My son has body ache since last night,42,female,0,,,,,,Mild fever,keyword,low
"Patient complains of very high fever suddenly, no breathing difficulty",24,female,0,104.3,81,96,144,5,High fever (>102°F),keyword,high
Came with need to collect my monthly medicines since last night,6,female,0,97.4,86,96,114,,Routine check-up,paraphrase,low
"Came with slightly warm body and tired since morning, no bleeding",36,male,0,,,,,,Mild fever,paraphrase,low
Having fever touching 104 since yesterday since yesterday,65,female,0,,,,,,High fever (>102°F),paraphrase,high
"Scratchy throat and painful to swallow , no fever",81,female,0,,,,,,Sore throat,paraphrase,low
Having chills suddenly,43,male,0,101.1,67,96,112,2,Mild fever,keyword,low
My wife has dizziness on standing for two days,19,male,0,,,,,4,Unclassified complaint,unclassified,low
My neighbour has ear infection suddenly,19,male,0,99.5,89,99,124,,Ear pain,keyword,low
Came for regular sugar test for two days,72,female,0,,,,,,Routine check-up,paraphrase,low
Having excruciating pain in the abdomen since night,14,male,0,97.3,44,96,126,,Severe abdominal pain,paraphrase,high
Having soaked three cloths with blood for two days,64,male,0,,,,,,Severe bleeding,paraphrase,critical
"Follow up visit for blood pressure since yesterday, mild cough",21,male,0,,,,,,Routine check-up,paraphrase,low
Fell off a ladder from the second floor since an hour and body pains,42,male,0,98.4,73,97,185,,Major trauma,paraphrase,critical
My son has chesty cough for a week,54,female,0,99.2,74,86,133,5,Chest infection,paraphrase,critical
Came with red spots on the arms that itch since an hour,92,female,0,99.4,88,97,120,,Skin allergy/rash,paraphrase,low
Skin allergy suddenly and not eating well,53,female,0,98.0,79,96,137,,Skin allergy/rash,keyword,low
Having pain in my ear,59,male,0,98.6,103,97,164,,Ear pain,keyword,low
"Rolling on the floor with belly pain since last night, not eating well",60,male,0,98.3,83,96,110,,Severe abdominal pain,paraphrase,high
Came with asthma,31,male,0,99.6,87,97,131,,Asthma attack (mild),keyword,medium
Patient complains of mild wheeze after climbing stairs,49,male,0,99.5,78,97,139,6,Asthma attack (mild),paraphrase,medium
My neighbour has child pulling at the ear and crying since an hour,7,male,0,99.3,93,96,120,2,Ear pain,paraphrase,medium
Stiff back since morning since yesterday,69,female,0,98.8,68,97,90,,Back pain,paraphrase,low
Fever touching 104 since yesterday from evening and feeling tired,36,female,1,,,,,,High fever (>102°F),paraphrase,high
Kaichal for three days and slight headache,43,female,0,,,,,,Mild fever,keyword,low
My son has continuous vomiting and very thirsty for one week,23,male,0,97.7,82,96,119,,Persistent vomiting,paraphrase,medium
Prescription from evening,92,male,0,99.3,83,97,109,,Routine check-up,keyword,low
Pain inside the ear and blocked feeling since morning and mild cough,9,male,0,,,,,,Ear pain,paraphrase,low
Pulsating headache with nausea since morning,30,male,0,98.0,97,97,120,,Severe migraine/headache,paraphrase,medium
Child pulling at the ear and crying for one week and feeling tired,3,male,0,,,,,,Ear pain,paraphrase,low
"Chest congestion since yesterday, poor sleep",44,female,0,,,,,,Chest infection,keyword,medium
"Fracture suddenly, not eating well",17,male,0,96.9,80,95,138,,Fracture,keyword,high
Came with high temperature suddenly,29,female,0,,,,,,High fever (>102°F),keyword,high
Vomiting diarrhea,30,female,0,99.0,79,98,115,,Persistent vomiting,keyword,medium
Came with inhaler since an hour,33,male,0,,,,,6,Asthma attack (mild),keyword,medium
"Used the puffer twice, still a bit tight since morning, slight headache",26,male,0,98.7,92,95,101,,Asthma attack (mild),paraphrase,medium
Patient complains of check-up for one week,47,female,0,98.6,33,97,123,5,Routine check-up,keyword,critical
"Child pulling at the ear and crying for two days, not eating well",41,male,0,,,,,2,Ear pain,paraphrase,low
Having bone is bent after the fall suddenly,51,male,0,,,,,,Fracture,paraphrase,high
My husband has hives,41,male,0,98.2,87,95,144,,Skin allergy/rash,keyword,low
"Vomiting since , slight headache",43,female,0,99.8,88,97,139,6,Persistent vomiting,keyword,medium
"My son has nasal congestion for two days, no vomiting",41,female,0,97.9,89,96,104,,Cold & cough,keyword,low
Patient complains of cough bringing up green mucus since yesterday,52,male,0,99.6,39,97,143,5,Chest infection,paraphrase,critical
Broken leg since morning,36,male,0,99.0,82,94,118,,Fracture,keyword,high
Came with throbbing pain on one side of the head with vomiting suddenly,34,male,0,,,,,,Severe migraine/headache,paraphrase,medium
"Used the puffer twice, still a bit tight for two days and body pains",30,male,0,,,,,6,Asthma attack (mild),paraphrase,medium
Came with general weakness since last night,31,male,0,,,,,,Unclassified complaint,unclassified,low
"Unconscious and feeling tired, no vomiting",34,male,0,98.4,32,95,112,,Unconscious / collapsed,keyword,critical
Having head hit the road hard and vomiting since yesterday,28,female,1,98.7,79,97,127,10,Major trauma,paraphrase,critical
My grandmother has tonsillitis suddenly,69,male,0,97.8,71,96,113,,Sore throat,keyword,low
"Having used the puffer twice, still a bit tight for three days",55,male,0,,,,,7,Asthma attack (mild),paraphrase,medium
Having skin is itching after using a new soap since yesterday,54,male,0,98.7,86,97,133,,Skin allergy/rash,paraphrase,low
Came with stomach is rock hard and paining terribly for one week,57,male,0,98.6,72,97,133,,Severe abdominal pain,paraphrase,high
My husband has can't stop vomiting from evening,14,male,0,98.5,86,95,125,,Persistent vomiting,keyword,medium
Having mild wheeze after climbing stairs since an hour,59,female,0,96.0,82,96,143,,Asthma attack (mild),paraphrase,medium
Patient complains of temperature 103 with chills since an hour,22,female,0,,,,,,High fever (>102°F),paraphrase,high
"Follow up visit for blood pressure for one week and slight headache, no chest pain",52,female,0,96.8,88,97,120,,Routine check-up,paraphrase,low
My father has chills suddenly,14,female,0,100.4,96,96,115,,Mild fever,keyword,low
Throat pain,37,male,0,99.0,91,99,133,5,Sore throat,keyword,low
Throat infection for one week and not eating well,46,male,0,98.3,94,98,138,,Sore throat,keyword,low
Back pain suddenly,83,female,0,97.4,80,96,121,,Back pain,keyword,medium
Burning in the stomach after spicy food since yesterday and body pains,50,female,0,,,,,,Stomach pain (mild),paraphrase,low
Very hot to touch and rigors at night since an hour,34,male,0,102.4,142,98,108,,High fever (>102°F),paraphrase,critical
Head is pounding and light hurts the eyes,32,male,0,97.5,96,96,104,7,Severe migraine/headache,paraphrase,medium
Need to collect my monthly medicines for one week and body pains,57,male,0,98.5,80,95,135,,Routine check-up,paraphrase,low
Runny nose for three days and a little nausea,47,female,0,98.8,82,95,104,,Cold & cough,keyword,low
Severe abdomen since morning,64,female,0,96.2,135,97,135,,Severe abdominal pain,keyword,critical
Keeps vomiting since last night,47,male,0,,,,,,Persistent vomiting,keyword,medium
"Tonsil for one week, poor sleep",43,female,0,98.1,81,99,125,2,Sore throat,keyword,low
Patient complains of severe burn since last night,1,female,0,,,,,,Severe burns / electric shock,keyword,critical
Chesty cough for a week,51,male,0,98.9,89,100,114,,Chest infection,paraphrase,medium
Child drank kerosene by mistake since morning and mild cough,19,female,0,99.6,82,96,92,,Poisoning / bite / overdose,paraphrase,critical
Chills since an hour,72,female,0,,,,,,Mild fever,keyword,low
Having tonsillitis for three days,42,male,0,97.1,88,95,114,3,Sore throat,keyword,low
"Came with ear infection suddenly, no fever",57,female,0,,,,,,Ear pain,keyword,low
Severe burn,44,male,0,,,,,8,Severe burns / electric shock,keyword,critical
Patient complains of throat is raw since yesterday since an hour,48,female,0,99.2,92,96,132,2,Sore throat,paraphrase,low
Having cough with yellow sputum and fever since an hour,64,female,0,,,,,,Chest infection,paraphrase,medium
Chest tight and whistling sound when breathing,70,male,0,99.0,90,98,126,7,Asthma attack (mild),paraphrase,medium
Excruciating pain in the abdomen since night since yesterday and slight headache,26,female,0,,,,,5,Severe abdominal pain,paraphrase,high
